"IDpol","ClaimAmount","BonusMalus","VehPower"
"1000141",336.89,50,10
"1000165",1128,50,4
"100022",4056.61,57,6
"100025",1128.12,60,7
"1000314",564,50,9
"1000446",1128.12,64,5
"100049",564,80,4
"1000607",804.08,50,10
"1000628",556.14,85,5
"100064",430.48,100,8
"1000736",1128,57,5
"100084",2032.48,62,6
"1000851",2716.54,100,7
"100096",1128.12,50,4
"1000962",2724.27,50,7
"1000981",1128.12,50,4
"1001106",1128.12,68,6
"100115",2350.86,60,5
"1001281",9189.47,64,10
"1001321",2059.89,81,8
"100135",16510.22,58,8
"100140",1128.12,95,6
"1001462",1870.81,118,7
"1001463",1128,112,7
"1001506",1128.12,72,4
"100153",927.83,72,4
"1001630",1128,50,7
"100180",780.5,57,6
"1001911",1573.23,51,7
"1001932",1128,58,4
"1002008",1128,50,6
"1002168",1128,95,7
"1002200",1128,87,5
"100227",478.54,64,5
"1002317",1828.68,68,6
"100234",1128.12,50,7
"1002414",1700.91,83,4
"100242",119.58,50,7
"1002438",1128.12,90,5
"1002451",924.96,72,5
"1002484",14758.09,50,6
"1002522",1118.29,76,7
"1002549",2256.24,50,7
"100258",736.8,95,4
"100260",560.27,50,6
"100269",1128.12,76,4
"1002775",1128.12,100,12
"1002808",285.71,50,11
"1002818",1128,54,6
"1002830",1128.12,50,9
"1002929",1128.12,63,9
"1002932",1128.12,78,9
"1002981",1128.12,95,5
"1003055",1128.12,50,12
"100306",1128.12,50,4
"1003301",1128.12,50,5
"100331",1128.12,50,7
"1003476",1128.12,90,5
"1003562",1128,68,5
"1003662",4216.99,50,4
"1003729",235.88,95,7
"100373",1128.12,100,6
"1003734",1128.12,50,9
"100382",1990.15,50,6
"1003990",662.79,85,7
"1004039",1841.84,50,6
"1004051",1128,50,11
"1004116",1128.12,50,6
"1004213",1128,125,8
"1004272",564,57,8
"1004296",2147.22,54,7
"1004385",82.05,88,10
"100442",1287.8,50,6
"100447",1128.12,56,5
"1004645",1128.12,60,4
"1004768",1395.39,64,6
"1004813",1128.12,50,5
"1004815",1128,50,5
"1004846",1128.12,50,9
"1004868",1643.21,50,7
"100488",795.14,62,4
"1004886",1128.12,50,6
"1004954",1128,50,9
"1004964",1128,59,5
"1005066",86.28,90,5
"1005203",1128,50,5
"1005240",1128,57,6
"1005278",474.31,75,7
"1005378",1128.12,118,5
"1005389",2678.99,85,10
"1005475",1202.51,50,7
"1005483",1128.12,80,7
"1005527",80.45,50,5
"1005531",599.42,50,5
"1005641",2256.24,50,5
"100568",1128.12,62,4
"1005693",2949.58,53,4
"1005714",1128,50,7
"100592",1128.12,100,7
"1005935",1128,50,5
"1005960",1128.12,51,7
"1005968",1128,50,9
"1006161",573.72,50,9
"100617",729.93,55,7
"1006219",1128,50,5
"100629",1128.12,97,15
"1006340",1128.12,60,5
"1006489",1356.79,50,7
"1006491",1128.12,50,7
"1006724",1128.12,51,10
"100674",353.17,100,8
"1006833",987.06,50,5
"1006936",1166.89,125,5
"100698",1128.12,50,8
"1007007",419.23,85,7
"1007014",1128.12,51,7
"100703",1128.12,68,9
"1007219",1128.12,50,5
"1007241",1128.12,65,6
"1007250",1128.12,58,11
"1007253",1128.12,58,9
"1007277",564.06,56,5
"1007318",532.85,90,10
"1007348",1128,50,6
"100736",1128.12,90,7
"1007392",8653.61,80,6
"1007393",82.05,100,6
"1007464",1356.67,50,4
"1007506",8184.57,50,6
"100753",2709.48,50,6
"1007568",4333.73,90,5
"100757",89.23,50,8
"1007608",655.08,50,7
"1007626",1128.12,51,6
"1007653",1128,64,5
"1007786",1128.12,100,5
"1007787",1128,125,5
"1007813",1128,54,4
"1007981",279.85,50,5
"1007990",1128.12,50,6
"1008000",1128,95,10
"1008025",1128,95,6
"1008207",1128.12,64,6
"1008213",2034.55,125,6
"1008302",1128.12,50,4
"100831",214.5,100,5
"1008372",1128.12,50,9
"1008380",2343.52,54,4
"1008384",1128.12,50,7
"1008411",1128.12,80,10
"1008434",857.21,80,7
"1008456",1128.12,75,6
"1008667",1015.53,50,9
"100881",1128.12,100,7
"1008854",64.78,50,4
"1009038",1128.12,100,9
"1009054",7787.05,95,4
"1009111",1128,95,4
"1009167",2590.79,60,7
"1009233",1128.12,100,10
"1009307",1128.12,50,7
"100932",688.37,100,5
"1009348",1128.12,85,7
"1009392",3572.86,80,6
"100940",1128.12,62,6
"1009465",2292.9,85,10
"1009513",1128.12,72,6
"1009678",1128.12,59,9
"1009727",1128,70,5
"1009733",1128,76,4
"100975",958.83,50,10
"1009842",1128,50,5
"1009864",564.06,54,7
"1009990",1128,100,7
"1010083",1128.12,50,5
"1010174",1128.12,72,5
"1010215",564.06,50,11
"1010240",1128,50,4
"1010266",811.8,100,6
"1010328",1607.84,50,5
"101035",457.34,72,5
"1010389",1128,50,12
"1010436",1128.12,60,6
"1010490",3530.81,106,4
"1010572",1128,85,5
"1010591",1128.12,85,6
"1010670",1128.12,50,7
"101069",2444.2,112,6
"101079",84.79,63,7
"1010794",564,50,4
"101086",114.37,75,7
"1010915",5978.06,50,7
"1010931",1128,50,5
"1010967",4103.84,50,10
"1010974",1128,50,10
"1010996",1128.12,50,4
"1011003",1128.12,50,15
"101105",21477.44,100,5
"101110",88.09,100,7
"1011138",1128.12,53,5
"1011198",2256.24,100,5
"101127",1386.56,50,5
"1011294",1128.12,50,6
"1011411",1128.12,85,7
"1011448",1128.12,50,5
"1011467",1207.98,50,9
"1011507",1128.12,80,5
"1011516",1128,60,7
"1011528",345.11,50,4
"101154",1128.12,61,6
"1011546",390.84,50,6
"1011557",1128,100,6
"1011570",360.4,50,6
"1011592",1128,52,10
"101160",2574.95,85,4
"101161",55.12,80,5
"1011610",3176.08,50,9
"101163",1128.12,90,6
"1011645",588.47,73,5
"1011655",2490.25,50,4
"1011661",3685.18,62,5
"1011663",3835,85,4
"101167",426.5,80,4
"1011701",564.06,50,7
"1011703",222.39,50,6
"1011719",1128.12,50,7
"101173",829.99,54,7
"1011775",1128,62,4
"1011783",1128,76,4
"1011785",564,54,11
"1011788",1128.12,64,7
"1011801",1128.12,64,7
"1011831",1144.89,100,4
"1011833",1128,125,4
"1011842",1066.72,85,5
"1011882",1128.12,100,5
"1011898",1128.12,50,6
"1011974",1661.94,74,10
"1011980",1128.12,50,7
"1012015",1128,59,6
"1012045",1128,50,11
"1012047",1356.79,50,15
"1012107",1128,50,12
"1012108",1128.12,107,4
"101212",1128.12,100,5
"1012133",1748.69,90,7
"1012209",2633.26,50,5
"1012238",236.41,51,7
"1012279",6893.26,50,11
"1012296",564,57,6
"1012326",1128,95,6
"1012339",1128,50,7
"1012343",2256.12,50,10
"1012456",1128,100,5
"101249",1128.12,71,7
"1012500",22567.21,57,7
"1012522",1128.12,50,5
"1012586",564,57,8
"1012616",564,50,10
"1012629",71.29,100,5
"1012640",3077.03,52,6
"1012645",199.64,106,15
"1012657",2029.17,100,7
"1012767",1128.12,50,7
"1012773",6479.65,100,4
"1012782",1128,50,5
"101279",1128.12,95,6
"101280",1188.84,112,6
"1012815",1128,78,7
"1012830",556.14,58,6
"1012864",564.06,100,5
"1012867",417.52,50,6
"101288",256.22,50,7
"1012888",1200.93,50,11
"101291",807.26,72,5
"1012917",1754.29,100,6
"1012990",2427.63,54,6
"1013016",3101.98,67,11
"1013017",4673.43,50,11
"1013034",1128,95,6
"1013087",1128.12,50,11
"1013126",1128.12,72,4
"1013165",1128.12,50,7
"1013167",1128,58,5
"1013257",1128,76,10
"1013265",1128,50,10
"1013313",42817.45,95,8
"1013382",1128,85,6
"1013409",1432.29,62,10
"1013423",1778.85,50,4
"1013426",107.57,75,7
"1013510",358.12,85,6
"1013511",232.1,50,4
"1013534",1128,95,4
"1013548",1128.12,50,11
"1013558",9568.34,50,6
"1013585",1128,50,9
"1013626",1128.12,95,6
"1013661",1128.12,50,4
"1013689",5152.11,72,7
"1013710",8390,80,7
"1013718",1128.12,50,7
"1013722",1128,57,10
"1013725",2776.9,50,11
"1013766",1128.12,50,6
"1013843",1837.63,85,4
"1013911",1128.12,50,10
"1013992",1128,50,7
"1014028",1128.12,50,12
"1014045",1128,60,5
"1014080",34.65,67,4
"1014102",1128,50,4
"1014147",1128,50,11
"1014148",1128,50,4
"1014154",1610.48,61,6
"1014164",1128,100,6
"1014187",1128.12,78,4
"1014337",564.06,100,6
"1014349",564.06,70,6
"1014389",1128,90,7
"1014420",1128,50,6
"1014458",289.16,50,7
"1014534",1128.12,53,4
"1014594",1128,50,5
"1014620",1128.12,100,5
"1014639",22768.98,50,7
"1014732",1128,100,11
"1014923",1128.12,95,6
"1015012",415,100,4
"1015037",1128,90,9
"1015119",34882.23,54,6
"1015130",1128,77,6
"1015137",1128,50,4
"1015175",1831.11,100,7
"1015214",5482.29,50,12
"1015296",1328.59,72,7
"1015344",1128,50,5
"1015412",1128.12,50,10
"1015457",1393.55,100,4
"1015488",564,60,4
"101555",98.47,60,7
"1015558",1508,50,5
"1015603",6790.36,100,5
"1015611",5282.71,80,9
"1015655",1128,50,9
"1015660",556.14,50,7
"1015690",564,50,4
"1015697",1128,50,4
"1015702",1128,95,7
"1015742",967,80,4
"1015777",564,50,10
"1015850",127.37,61,11
"1016091",564,76,7
"1016188",1128,50,6
"1016221",1128,80,7
"101626",1128.12,100,5
"1016272",1128,78,4
"1016310",1128,100,4
"101649",1128.12,62,10
"101664",103.65,80,4
"1016680",1128.12,52,5
"101673",5009.89,72,9
"1016773",309.49,50,7
"1016777",3466.3,62,7
"1016861",1546.58,50,6
"1016974",1128,80,7
"101710",1128.12,77,10
"1017174",87.28,50,5
"1017176",1016.99,50,4
"1017232",1128,50,7
"101730",564.06,72,4
"1017363",1128.12,50,7
"1017371",1128.12,50,4
"1017380",1128,50,4
"1017388",1128.12,50,6
"1017452",713.93,50,12
"10175",343.21,72,5
"1017513",292.93,50,5
"1017549",583.13,50,4
"1017569",1128.12,50,6
"1017713",205.63,55,6
"1017714",1128,57,5
"1017853",121959.21,50,6
"1017932",1128.12,80,7
"1018010",1128,76,7
"1018028",1050.02,50,4
"1018058",988.8,81,5
"1018062",2287.83,62,8
"1018095",784.73,50,7
"1018097",1128.12,50,11
"1018248",269.49,50,10
"1018268",1128.12,62,7
"1018285",1523.22,50,7
"1018295",1498.4,55,7
"1018362",1458.96,50,5
"1018368",1128,50,5
"1018389",1128,50,4
"1018497",1128,62,4
"1018602",1539.61,50,6
"1018699",2873.54,77,6
"1018743",69.63,50,4
"1018784",1128,73,7
"1018790",1128,77,5
"1018877",76.73,50,4
"1018995",1128,50,5
"1019028",471.7,50,6
"1019132",389.38,50,6
"1019145",214.9,50,6
"1019164",1128.12,55,6
"1019189",216.74,53,7
"1019217",1128.12,50,7
"1019230",75.88,51,6
"1019290",1531.56,50,5
"1019342",1128.12,58,4
"1019419",2256.24,77,6
"101945",277.65,100,5
"101955",1128.12,90,7
"1019646",14879.09,56,7
"101965",2427.88,112,4
"1019655",214.94,50,10
"1019732",16334.36,62,12
"1019745",1128,55,6
"1019750",1128,50,6
"1019751",283.13,50,6
"1019778",563.02,50,5
"1019784",1657.2,50,9
"101981",1128.12,100,4
"1019888",1128,102,5
"1019898",1128.12,50,8
"1019920",1128,58,5
"102000",1763.84,75,5
"1020107",1128.12,50,5
"1020141",1128.12,50,6
"1020156",516.16,50,6
"1020162",3020.2,50,8
"1020206",1128,50,6
"1020213",72.41,50,6
"1020296",1828.13,50,6
"1020320",1128.12,50,8
"1020355",1096.25,50,5
"1020397",1128,50,6
"1020436",1128.12,68,6
"1020496",76.63,50,7
"1020498",1128,52,7
"1020620",1413.02,50,7
"1020666",409.05,50,6
"1020741",1128.12,50,6
"1020781",816.66,50,5
"102083",1230.95,50,10
"1020838",1128.12,50,5
"102086",12974.9,68,8
"1020887",20.46,50,5
"1020907",1128,50,6
"1021152",1242.48,50,6
"1021204",1128.12,55,7
"1021227",2041.89,50,7
"1021247",774.8,50,6
"1021261",1187.23,50,5
"1021267",3775.21,50,4
"1021303",1128.12,50,6
"1021329",1128.12,73,6
"1021336",1128,77,6
"1021362",1201.05,62,6
"1021421",18.84,50,7
"1021466",2256.24,50,5
"1021475",1128.12,50,4
"1021580",564.06,50,5
"1021612",1128.12,58,5
"1021627",2650.94,55,5
"1021629",1298.11,62,4
"1021740",220.22,50,6
"1021753",1128.12,50,5
"1021762",1721.3,50,7
"1021813",1043.65,50,5
"1021853",747,50,11
"1021901",1128.12,50,5
"1022021",1128.12,54,9
"102210",1128.12,85,4
"1022217",276.45,95,4
"1022218",1128.12,95,6
"102222",1128.12,77,9
"1022228",1086.39,50,5
"102226",1128.12,95,9
"1022371",1128,50,5
"1022455",53.79,51,9
"1022492",1128.12,50,4
"102250",1128.12,57,7
"1022500",1248,50,4
"1022525",1350.18,50,8
"1022547",2556.53,50,7
"1022625",1128.12,50,7
"102263",1128.12,91,8
"1022643",1128.12,50,5
"1022786",1128.12,50,6
"1022799",3272.63,50,6
"102280",1128.12,125,7
"1022861",1587.4,50,6
"1022863",669.09,54,11
"1022905",1128,50,5
"1022933",1128.12,100,7
"1022938",11697.54,50,11
"1023039",1128.12,50,4
"1023103",1128.12,95,6
"1023158",4830.9,50,6
"1023222",1015.67,50,6
"1023247",2256.12,106,5
"102331",1128.12,68,7
"1023377",1128.12,64,6
"1023399",4314,50,6
"1023446",1128.12,50,6
"1023462",1076.02,56,7
"1023496",1128.12,58,9
"1023516",816.56,50,7
"1023593",631.7,50,4
"1023604",29.74,50,6
"1023690",1128.12,75,5
"1023693",99.55,50,6
"1023736",3620.67,50,8
"1023869",32.37,50,5
"1023886",73.18,64,12
"1023940",1128,71,5
"102395",1128.12,50,5
"1023979",1128,50,8
"1024008",4493.3,75,9
"1024103",4.52,50,11
"1024143",3832.41,62,4
"1024145",1128.12,68,6
"102422",1128.12,58,9
"1024297",1128.12,50,4
"102433",1128.12,50,7
"1024331",1128,56,8
"1024506",44927.41,50,6
"1024570",1128.12,82,7
"102463",1128.12,50,6
"1024694",1128,76,6
"1024870",919.33,50,7
"1024996",367.45,50,7
"1025181",1128.12,85,4
"1025221",650.28,90,4
"1025249",116.59,50,6
"1025298",1128.12,67,6
"1025300",1128.12,50,4
"1025336",181.58,50,5
"1025449",76.63,90,6
"1025451",3669.92,85,8
"102552",2376.8,100,6
"1025527",2652.61,50,5
"1025542",76.62,52,6
"1025572",227.84,50,6
"102559",1128.12,95,7
"1025753",564.06,50,7
"1025764",1128,77,4
"102583",2873.12,75,4
"1025834",1128.12,69,6
"1025852",44.49,50,10
"1025866",1128.12,73,6
"1025923",1128,67,5
"1025982",1128.12,50,5
"1026086",4983.86,50,7
"1026097",1428,115,5
"1026182",1128,85,7
"1026184",850.66,50,5
"1026257",1128.12,52,5
"1026268",3844.64,68,10
"1026369",1128.12,50,7
"1026456",73.07,54,6
"1026611",1128.12,50,8
"1026628",1128,50,7
"1026648",1128.12,88,6
"1026650",1128.12,118,7
"1026747",1128.12,77,4
"1026857",1128.12,50,10
"1026870",1128.12,118,5
"1026919",882.15,50,6
"1026948",1128.12,73,5
"1026960",74.7,95,7
"1026972",1128.12,50,4
"1026981",130.71,54,7
"1026987",76.98,60,6
"1027032",1128.12,50,6
"1027036",4255.5,55,5
"1027062",2388.7,50,10
"1027092",1128,118,7
"1027109",2467.77,95,6
"1027111",1128.12,50,7
"1027121",1904.78,106,5
"1027128",73.3,50,5
"1027142",1128,68,6
"1027186",1578.11,55,5
"1027334",1128.12,50,5
"1027337",127.42,50,5
"1027345",1128.12,55,6
"1027470",416.46,50,4
"1027529",3128,50,6
"1027558",76.63,50,5
"1027643",1032.16,95,5
"1027663",1128,118,4
"102774",1128.12,58,6
"1027758",989.47,50,6
"1027829",532.83,85,6
"1027837",876.52,62,5
"1027881",1128.12,70,9
"1027903",13501.72,72,6
"1027923",411.79,90,8
"102797",1128.12,50,6
"102803",1128.12,125,7
"1028033",1128.12,100,7
"1028079",1128,106,6
"1028089",1128,50,11
"1028094",1847.31,50,5
"1028231",939.22,50,10
"1028242",564,50,9
"1028263",1128,50,6
"1028273",1057.34,50,7
"1028275",268.03,50,5
"1028505",907.57,85,9
"1028625",1128.12,50,6
"1028697",510.15,80,4
"1028791",63.66,80,9
"102880",1128.12,100,6
"1028850",131.08,118,5
"1028871",1798.04,95,6
"1028886",1128.12,50,7
"1028893",1128,125,7
"102892",2170.15,90,6
"102900",1128.12,80,8
"1029079",642.56,50,9
"1029095",1128,52,5
"1029108",183.48,50,8
"1029141",1128.12,85,7
"1029162",1128,85,5
"1029187",1300.04,50,7
"102922",3174.48,73,5
"102924",1128.12,50,4
"1029244",1128.12,95,5
"102926",790.18,60,5
"1029279",1128.12,50,10
"1029299",1128.12,57,8
"1029350",1128.12,100,7
"1029413",412.36,50,8
"1029508",1128.12,112,12
"1029534",1128.12,72,7
"1029555",3294.4,50,6
"1029561",123.99,50,5
"1029568",1582.61,51,13
"1029625",1128,78,6
"1029630",500,50,7
"1029809",1128.12,86,6
"1029855",1128.12,50,5
"102986",89.82,112,6
"1029879",1128.12,50,6
"1029994",1957.11,58,7
"1030032",564,50,4
"1030248",1128,55,6
"1030266",2829.73,50,7
"1030397",2287.23,95,5
"1030487",1393.09,50,9
"1030533",4561.01,50,9
"1030627",1128.12,62,6
"1030694",1128.12,50,6
"1030804",5322.16,50,8
"1030860",1874.83,52,6
"1030874",152.68,50,5
"1030977",1128.12,72,5
"103108",959.25,50,10
"1031120",564,50,5
"1031179",1128.12,50,7
"103118",410.9,50,9
"1031313",1128.12,53,7
"1031321",1128.12,52,6
"1031424",1128.12,50,9
"1031449",749.13,72,6
"1031482",1128.12,50,10
"1031495",87.87,50,11
"1031510",1128,62,7
"103155",1128.12,56,6
"1031600",3271.21,90,5
"1031605",234.38,69,7
"1031624",1128,50,5
"1031643",1609.12,95,5
"1031705",69.38,125,5
"1031713",1,55,9
"1031716",1047.38,50,6
"1031745",3114.55,50,12
"1031754",3022.34,87,9
"1031825",1128.12,106,4
"1031868",1165.38,118,6
"103190",1000.27,50,5
"103197",830.48,50,7
"1032003",2256.24,132,6
"1032040",5680.82,71,6
"1032056",847.71,50,4
"1032065",1128,65,6
"1032123",1128.12,73,6
"1032136",1128,77,7
"1032264",806.04,51,4
"1032333",2950.64,106,4
"1032370",1128,50,6
"1032387",1692.19,85,6
"103239",182.7,60,5
"1032454",792.98,50,9
"1032524",2652.61,90,5
"1032620",1128,50,10
"1032660",423.38,106,6
"1032703",481.86,50,4
"1032760",1128.12,85,5
"1032771",75.82,50,6
"1032812",1128.12,62,8
"1032871",2256,62,4
"1032879",1128.12,50,5
"1032959",949.43,50,5
"103304",535.94,50,13
"1033047",2525.06,52,11
"1033070",1128.12,118,6
"1033086",342.66,95,5
"1033112",1906.64,106,8
"1033126",1128.12,95,4
"1033172",1128.12,59,7
"1033259",1128,50,6
"1033329",1652.12,61,6
"103337",972.48,50,7
"1033415",1128.12,71,7
"1033465",62.7,80,7
"1033472",1128.12,106,10
"103358",1128.12,62,5
"1033732",1128.12,68,5
"1033749",1128,68,5
"1033772",81.33,50,4
"1033872",1128,50,6
"1033892",1128.12,50,5
"103391",1197.78,50,5
"1033962",48.24,50,6
"1033965",1080.98,50,5
"1033996",2652.61,58,5
"1034009",1128,102,8
"1034084",42829.24,50,7
"1034114",1128,50,10
"1034221",1128,91,6
"103423",75.68,50,5
"1034279",1128,64,6
"1034346",88.92,51,8
"1034499",230.36,80,5
"1034614",1262.89,77,10
"1034625",1128,58,7
"1034631",195.06,50,7
"1034668",869.96,72,8
"1034686",1605.44,50,6
"1034714",485.07,50,7
"1034721",207.62,53,7
"1034739",1128.12,50,6
"1034825",388.58,50,5
"103484",1128.12,62,6
"1034893",1128,50,5
"1034898",1434.11,50,5
"1034928",2810,50,5
"1034930",567.25,95,6
"1034967",363.56,50,5
"1035060",690.65,50,6
"1035070",3050.25,52,14
"1035075",2501.27,77,7
"1035116",2965.32,64,8
"1035122",322.91,50,7
"1035126",1676.59,50,5
"1035130",1015.2,57,6
"1035150",70.78,139,9
"1035208",794.89,50,4
"1035256",1128.12,76,4
"1035281",1549.75,50,8
"1035316",1275.24,60,5
"1035341",868.87,54,5
"1035368",213.47,54,7
"1035400",82.63,50,7
"1035403",1398.83,50,6
"1035418",1440.73,50,6
"1035439",444.09,50,7
"1035448",153.74,50,5
"1035479",1128.12,50,6
"1035487",72.26,50,5
"1035497",1128.12,80,5
"1035521",730.01,90,6
"103560",647.9,53,4
"1035618",1128,62,6
"103562",2243.96,57,10
"1035627",23.63,50,8
"1035644",3497.66,60,9
"1035652",2636.46,50,6
"1035665",1204.35,72,7
"1035689",1001.53,68,5
"1035768",841.96,50,7
"1035834",1189.1,147,5
"103584",63.82,50,6
"1035875",1128.12,112,4
"1035958",61.99,50,5
"1035961",1128,50,7
"1035977",27.74,50,9
"1035988",1128,51,6
"103600",1128.12,60,5
"1036013",1708.86,60,5
"1036019",308.91,85,5
"1036075",1344.34,95,6
"103614",1128.12,50,6
"1036205",1128.12,76,5
"1036228",1128,75,7
"1036265",536.21,50,4
"103627",6128.82,50,4
"1036377",379.11,50,7
"1036434",1128,55,4
"1036460",207.36,97,5
"1036502",1128.12,80,8
"1036563",4036.81,76,6
"1036570",1128.12,57,5
"1036593",873.06,80,6
"1036605",355.54,85,6
"1036620",1093.29,90,8
"1036655",1760.28,50,6
"1036661",1128,68,7
"1036695",8331.64,90,9
"1036705",53.79,50,5
"1036801",1128.12,80,10
"1036819",1128,76,9
"1036842",1128.12,62,11
"1036938",1128.12,95,9
"1036946",1128.12,106,6
"1036947",1128,106,6
"1036995",2111.97,80,7
"103702",1128.12,50,7
"1037045",68.98,77,5
"1037056",224.33,50,9
"1037101",1128.12,64,4
"1037110",131.8,100,7
"1037135",652,68,11
"1037143",3014.77,62,5
"1037207",1793.27,50,6
"1037214",1128.12,50,5
"1037337",92.28,56,8
"1037377",8134.1,50,7
"1037399",23.6,50,6
"1037407",3293.72,95,4
"1037475",150,74,6
"1037547",1128,50,6
"1037557",906.24,50,5
"1037564",522.96,52,5
"1037591",1128,62,6
"1037628",2207.09,78,5
"1037644",1128,50,9
"1037667",292.9,50,5
"103785",59.19,50,13
"1037858",195.05,50,8
"1037884",940.61,50,7
"1037990",1005.18,50,7
"1037992",2002.48,58,7
"1038003",5749.13,62,7
"1038026",147.01,90,6
"1038038",1128.12,106,7
"1038067",1128.12,90,7
"1038092",239.47,100,7
"103810",214.21,50,7
"1038161",564,50,7
"103820",1128.12,90,8
"1038334",545.14,100,4
"103835",1128.12,50,5
"1038364",10758.33,80,6
"1038458",71.65,50,6
"1038463",1667.36,50,5
"1038518",868.99,63,4
"103855",360.32,95,5
"1038554",1128.12,50,4
"1038617",1128,50,10
"1038626",1249.96,59,9
"1038675",1128,63,4
"103872",1262.9,64,6
"1038824",1802.63,55,8
"1038831",818.7,72,5
"1038918",2211.87,57,6
"1038937",2365.59,57,4
"1038972",962.02,50,5
"103898",4127.54,50,6
"1038984",85.69,50,6
"1039066",106.97,60,4
"1039078",136.9,90,7
"103909",1791.25,85,5
"1039095",1128.12,50,11
"1039145",949.75,90,7
"1039172",1128,75,4
"1039244",837.09,50,5
"1039285",3261.17,50,5
"1039317",1128.12,79,6
"1039389",111.22,76,7
"1039427",22.87,50,6
"1039433",564.06,80,5
"1039485",2662.55,53,7
"1039519",1128,50,9
"1039543",98.46,50,5
"1039693",1128.12,53,7
"1039699",1128,50,7
"1039720",1128.12,50,5
"1039742",492.28,58,9
"1039754",4929.53,50,7
"1039765",1280.25,80,6
"1039802",1128,62,7
"1039806",76.58,62,11
"1039831",1056.22,50,9
"1039838",1128,50,6
"1039908",1957.11,112,6
"1039917",1856.15,50,8
"1039918",80.8,50,11
"1039919",22.37,50,13
"1039931",12.2,68,6
"1039999",2256,125,7
"1040023",3065.2,95,13
"1040035",1128,55,5
"1040039",1128.12,50,7
"1040046",1128.12,76,5
"1040096",3238.28,50,5
"1040111",1608.96,50,8
"1040113",240.05,90,4
"1040124",345.62,79,6
"1040202",324.33,51,5
"104022",1204.34,54,6
"1040228",1108.24,50,5
"1040246",813.34,76,5
"104026",1128.12,95,7
"1040327",1155.35,54,6
"1040332",5481.34,54,6
"1040350",1628,68,7
"1040373",202.25,54,6
"1040407",1128.12,50,11
"1040432",1741.74,118,6
"104045",329.52,100,6
"1040470",221.68,60,7
"1040479",1543.6,70,6
"1040498",8968.8,50,4
"1040512",445.53,112,4
"1040527",43963.58,50,6
"1040546",820.74,50,9
"1040601",243.3,50,4
"1040605",1128.12,78,7
"1040752",1128,67,4
"1040757",7448.51,62,6
"1040774",89.21,50,5
"1040780",7469.94,50,7
"1040807",318.56,100,6
"1040811",1128.12,62,6
"1040816",2022.02,90,4
"1040944",162.17,50,5
"1040954",304.9,112,5
"1041004",1128,59,7
"1041007",3653.65,67,6
"1041028",1128.12,85,9
"1041113",570.69,50,6
"1041146",1128.12,106,7
"1041159",2083.12,68,6
"104120",1128.12,50,4
"104122",1128.12,100,7
"1041245",1128.12,100,4
"1041341",1131.39,50,5
"1041348",1128.12,50,9
"1041399",1128.12,64,10
"1041406",1373.24,66,6
"104141",1128.12,76,6
"1041410",1128.12,100,6
"1041436",76,95,6
"1041491",321.68,50,7
"1041546",1128,50,7
"1041575",853.22,50,5
"1041622",1128,100,7
"1041706",80.77,50,5
"1041766",1128.12,59,9
"1041835",661.2,50,6
"1041844",1498.61,50,5
"1041854",1128.12,50,7
"1041865",5952.49,85,6
"1041900",1128.12,52,6
"104191",669.71,100,7
"1041998",556.45,95,5
"1042015",1128.12,61,4
"1042018",1128.12,58,7
"1042027",38.93,55,5
"1042035",30.7,57,4
"104209",564.06,50,7
"1042138",1128,50,4
"1042159",1041.46,80,7
"1042253",10,50,4
"1042285",1327.12,50,7
"1042406",1128.12,59,6
"1042417",840.15,50,4
"1042427",90.61,64,6
"1042500",1178.9,68,5
"1042534",1128.12,97,4
"1042603",1128.12,95,4
"1042727",80.51,85,5
"1042738",65.27,57,7
"1042784",97.48,100,6
"1042843",2017.59,50,4
"1042916",1128.12,50,9
"1042993",740.21,57,5
"1043171",1128.12,50,6
"1043179",74.56,50,8
"1043187",504.87,50,6
"1043240",318.87,85,5
"1043258",132628.12,106,6
"1043267",900.58,85,14
"1043295",1566.54,50,6
"1043313",1128,125,6
"1043353",1128,72,7
"1043360",1128.12,53,6
"1043414",5611.06,95,4
"1043449",1251.6,95,7
"1043462",1128,50,5
"104347",71.65,90,7
"1043487",1128,118,6
"1043504",1231.14,156,5
"1043530",1540.88,57,5
"1043547",981.28,95,6
"1043626",110.21,57,6
"1043628",1128.12,71,6
"1043643",5450.82,50,6
"1043649",564.06,85,7
"1043676",530.75,100,6
"1043757",1128.12,50,7
"1043759",1128.12,50,11
"1043769",1128.12,50,7
"104384",1128.12,55,4
"1043846",1711.55,51,6
"1043852",1128.12,50,5
"1043893",1604.99,50,5
"104391",1128.12,55,6
"1043969",1128.12,50,7
"1044001",845.99,100,4
"1044031",6580.24,80,9
"1044066",1128,50,4
"1044077",441.91,50,7
"1044108",784.85,50,5
"1044124",1128,50,7
"1044164",1128.12,58,5
"1044259",1128.12,50,5
"104433",1128.12,50,6
"1044358",120.89,50,7
"1044404",1128,90,6
"1044415",860.58,50,13
"1044474",1145,78,7
"1044498",1128,81,7
"1044504",356.82,50,5
"1044522",5557.7,50,6
"1044530",2652.49,76,5
"1044548",1128.12,57,7
"1044598",3451.21,50,6
"1044605",470,100,5
"1044695",347.2,50,10
"1044701",1128,50,6
"1044715",62.06,106,7
"104472",564.06,58,5
"1044727",1128,50,4
"1044766",1128.12,50,6
"1044779",1102.5,50,11
"1044786",226.38,51,7
"1044851",1686.68,50,4
"1044894",1493.16,50,9
"1044926",1051.9,97,5
"1044967",2357.15,76,6
"1044985",2877.16,50,5
"104499",171.04,50,7
"1044990",273.49,54,7
"1045078",801.71,72,6
"1045162",1128.12,50,5
"1045183",1278.12,63,7
"1045193",220.74,118,7
"104528",1128.12,50,4
"1045323",185.98,50,12
"1045374",63.32,60,4
"1045389",1128,50,9
"1045426",2287.92,112,7
"1045435",1128.12,95,7
"104545",1128.12,50,6
"1045530",1128.12,50,5
"1045560",1646.45,50,7
"1045721",1128,50,9
"1045749",688.76,55,6
"104583",1128.12,50,4
"1045851",64.91,50,5
"1045865",1128.12,50,5
"1045883",1128,50,10
"104590",1128.12,50,4
"1046021",1128,50,6
"1046063",357.59,50,6
"1046122",2616.9,50,8
"104616",1128.12,50,4
"1046314",3654.96,50,5
"1046354",1128.12,65,5
"1046534",1128,80,6
"1046537",1128,50,7
"1046551",299.18,50,6
"1046564",74.39,50,6
"1046569",1128.12,51,5
"1046681",1128.12,50,7
"1046682",89.85,50,7
"1046758",799.14,53,5
"1046766",1254.82,50,5
"1046770",1128.12,59,6
"1046822",1128.12,100,5
"1046825",76.58,50,6
"1046881",5507.59,50,9
"1046898",2466.67,50,4
"104692",1224.35,50,6
"1046933",1128.12,88,6
"1046981",1128,55,5
"1047115",1628.12,90,4
"1047176",1128,62,6
"1047205",1224.86,118,5
"1047211",1128,50,4
"1047217",1128.12,67,5
"1047242",1894.91,125,5
"104725",1128.12,80,6
"1047361",1128,77,5
"1047519",354.38,50,5
"1047566",1128,50,10
"1047595",1104.48,52,5
"1047598",1128.12,50,6
"1047629",23043.74,57,8
"1047673",180.42,55,11
"1047699",1128.12,68,5
"1047736",1128.12,125,7
"1047770",1448.76,50,8
"1047773",128.67,57,6
"104779",1128.12,68,4
"1047813",3000,50,5
"1047908",216.24,95,6
"1047935",1128.12,50,5
"1047938",1128,67,4
"1047941",141.65,50,5
"1047949",1128.12,50,6
"1047979",1128,95,4
"1047995",1128.12,50,7
"1048002",938.42,58,5
"1048093",1128.12,76,7
"1048102",2256.25,118,7
"1048121",1128,55,7
"1048132",1128,64,4
"1048154",2256.25,90,11
"1048205",1128.12,50,4
"104824",321.99,62,9
"1048276",1128,76,5
"1048279",986.75,50,4
"1048408",1128,50,7
"1048456",1128,63,8
"1048465",33.65,50,12
"1048487",4475.24,51,6
"1048544",1128,50,7
"104860",1115.64,100,7
"1048629",76.58,50,8
"1048646",1128,60,6
"1048664",1128,69,6
"1048703",1128.12,100,6
"1048734",1128.12,50,5
"1048762",1128,63,6
"1048766",2256.25,50,6
"1048823",1186.18,125,4
"1048859",2138.64,50,8
"1049026",1004.26,54,6
"1049044",1598.77,80,10
"1049053",1208.14,68,6
"1049065",94.96,76,4
"1049070",1398.77,62,5
"1049160",1128,56,4
"1049181",1128,62,6
"1049203",1128,50,11
"1049217",1128.12,62,6
"1049305",1128,50,4
"1049307",56.88,50,4
"1049370",2249.94,50,5
"1049399",1128.12,63,11
"1049412",669.95,50,9
"1049417",2798.75,50,6
"1049441",36.51,54,6
"1049469",721.98,50,5
"1049482",1128.12,67,5
"1049541",1128.12,67,7
"1049577",1303.49,50,6
"1049586",224.38,85,8
"1049622",95.96,50,5
"1049648",1128.12,77,10
"1049663",1128.12,58,7
"1049695",1081.71,50,7
"1049763",1128.12,83,6
"1049765",1128.12,50,6
"1049810",1128,50,5
"1049881",1128.12,55,6
"1049923",527.55,50,9
"1049982",1128,63,7
"1050000",1128.12,59,6
"1050002",43.3,50,4
"1050033",58.7,50,6
"1050131",2256.12,50,7
"1050148",1857.55,76,5
"1050207",1128.12,52,4
"1050215",1017.42,63,7
"1050390",2652.49,83,6
"1050519",1023.99,78,5
"1050569",3000.05,133,5
"1050655",224.98,68,7
"1050669",474.23,60,5
"1050729",531,50,6
"105074",1976.89,50,4
"1050740",649.82,72,5
"1050761",4704.54,50,5
"1050776",4486.61,85,8
"1050814",1128.12,88,7
"1050847",1128,85,6
"1050869",4678.58,60,7
"1050871",1128.12,67,7
"1050902",1302.93,85,6
"1050905",5191.19,75,7
"1050914",1128.12,125,7
"105095",1064.46,90,6
"1050969",1128.12,50,7
"1050978",501.95,70,6
"105098",152666.39,64,14
"105106",1128.12,140,10
"1051094",1128,77,9
"105111",849.28,68,6
"1051115",437.21,118,7
"1051127",1476.13,62,4
"1051139",1128,50,5
"1051156",1573.71,74,7
"1051203",628.8,50,7
"1051212",1230.72,118,5
"105122",8.06,50,6
"1051335",1128,118,7
"1051340",75.92,85,9
"1051391",564,56,4
"1051412",1128,95,6
"1051416",1128.12,95,4
"1051427",1128.12,60,9
"1051437",185.61,80,6
"1051458",1128.12,125,5
"1051473",1128.12,62,11
"1051502",1618.56,76,11
"1051512",2256.12,112,10
"1051517",1275.48,95,8
"1051528",522.62,85,7
"1051577",1128,118,5
"1051637",1462.88,95,7
"1051643",1128,55,4
"1051649",63.37,72,9
"1051759",596.24,77,6
"1051765",1128,90,6
"105195",1128.12,90,7
"1052002",3550.99,50,4
"1052005",1128.12,50,6
"1052016",1128,62,7
"1052102",478.67,50,4
"1052173",1128.12,95,4
"1052223",2695.35,50,5
"1052247",1128.12,50,11
"1052280",358.26,50,4
"1052305",999.3,68,6
"1052325",1128.12,50,6
"1052377",564.06,50,7
"1052417",1128.12,50,6
"105243",585.64,95,7
"105252",1128.12,100,5
"1052525",2451.72,50,4
"1052553",443.04,56,4
"1052642",1128.12,50,7
"1052742",1128.12,62,4
"1052819",1128.12,73,5
"1052858",1128,90,5
"1052970",295.63,112,5
"1052999",75.47,64,6
"105303",1128.12,76,4
"1053038",63.27,80,6
"1053065",966.69,100,5
"105307",1204.93,100,6
"1053288",1128,50,5
"1053299",1034.53,50,4
"1053314",2716.23,73,5
"1053474",1128.12,64,7
"1053494",1524.49,50,6
"1053543",564.06,95,6
"1053566",1128,55,7
"1053581",799.49,50,6
"105366",1069.55,80,6
"1053703",1013.66,95,6
"1053764",3424.74,85,6
"1053837",1128.12,57,4
"1053859",1128,50,6
"1053929",1128.12,100,5
"105402",152.45,60,9
"1054028",460.58,50,10
"1054074",3640.26,50,6
"1054122",211.5,50,4
"1054176",855.65,50,9
"1054185",1185.08,71,7
"1054214",651.42,95,7
"1054253",76.57,50,6
"1054283",1128.12,69,8
"1054286",719.45,106,7
"1054336",3058.71,50,7
"1054363",48.87,50,6
"1054393",4384.67,100,10
"1054552",1135.74,85,5
"1054570",1652,50,7
"1054708",1128.12,50,8
"1054722",1128.12,68,5
"1054785",1628,85,7
"105479",580.08,50,8
"1054818",1652.12,50,5
"1054879",3749.39,118,10
"1054894",1128,95,6
"1054972",1128,90,6
"1055080",45.03,50,5
"1055142",1128.12,95,4
"1055191",107.21,57,8
"1055275",2045.75,100,5
"1055313",263.9,90,7
"1055325",75.93,50,8
"1055448",144.79,50,9
"1055467",69.29,80,6
"1055485",1128.12,59,8
"1055506",1289.61,100,5
"1055591",1128.12,72,6
"1055626",1128.12,50,7
"1055662",271.1,50,4
"1055664",3424.19,78,6
"1055680",1128.12,50,5
"1055715",34463.16,50,7
"1055723",1128,62,7
"1055742",272.83,50,7
"1055795",1128.12,50,9
"1055862",1128.12,50,4
"105587",911.29,50,6
"1055884",261.5,50,9
"1055905",479.9,50,6
"1055933",11698.86,50,8
"1055983",71.52,50,5
"1056013",1128.12,77,5
"1056052",1128,50,4
"1056071",277.81,68,4
"1056087",1113.65,50,15
"1056112",1128.12,50,4
"1056201",345.05,50,5
"1056224",1128.12,50,5
"1056292",2230,50,6
"1056305",1128,50,4
"1056322",1128.12,50,4
"1056329",1128.12,66,7
"1056357",1321.54,50,8
"1056388",1128,69,6
"1056453",2873.42,50,6
"1056533",1128.12,112,8
"1056562",768.35,50,5
"1056661",1128.12,125,5
"1056704",655.88,101,4
"1056776",702.92,50,7
"1056921",564.06,50,6
"1056937",1259.01,90,4
"1056979",872.5,50,6
"105711",1128.12,106,4
"1057123",1128.12,62,8
"1057158",555.12,76,15
"1057159",1128,85,7
"1057185",1128.12,68,4
"1057204",1128.12,52,7
"1057275",338.73,51,10
"1057306",1128,50,4
"1057321",800.17,50,10
"1057380",8138.07,58,4
"1057387",548.82,50,11
"1057491",826.21,99,10
"1057540",1128,50,12
"1057560",1128,50,7
"1057676",517.14,80,6
"1057684",1128,112,5
"1057728",1128,68,5
"1057829",1128.12,50,6
"1057833",2478.45,85,6
"1057841",1128.12,50,7
"1057844",1128.12,50,7
"105786",1235,50,7
"1057872",63497.87,90,7
"1057895",5474.12,50,7
"105800",1128.12,50,4
"1058096",76.63,50,5
"1058141",1128.12,50,8
"105815",1045.99,85,8
"1058167",1128.12,50,6
"105821",3127.61,50,7
"1058217",73.3,95,5
"1058267",3122.28,50,7
"1058343",1128.12,56,6
"1058366",75.46,80,6
"1058510",78.51,50,4
"1058545",4807.03,50,6
"1058550",1861.97,63,5
"1058575",78.51,95,7
"1058599",1146.38,50,8
"1058605",57.34,50,5
"105861",1128.12,52,4
"1058627",10577.43,110,7
"1058698",1128.12,90,5
"1058724",1128.12,72,6
"1058802",1128.12,50,7
"1058875",76.22,57,7
"1058950",364.68,50,6
"1059002",1761.96,50,4
"1059172",1128.12,50,7
"105922",1128.12,125,4
"1059241",1128,50,6
"105925",1128.12,50,5
"1059272",1128.12,50,5
"1059333",88.8,50,5
"1059418",1128,58,5
"1059428",4880.34,50,7
"1059458",1128.12,100,4
"1059555",1128.12,68,9
"1059586",1128,80,8
"1059647",359.1,58,7
"105968",402.06,50,10
"1059730",81.42,76,5
"1059779",665.84,52,9
"1059794",2559.07,50,4
"1059802",7293.16,100,5
"1059820",1128.12,100,7
"1059857",1128,76,6
"1060002",7735.12,100,5
"106001",120.88,67,4
"1060013",848.73,60,6
"1060042",1128.12,50,8
"1060049",2402.48,50,6
"1060101",294.44,51,5
"1060151",1128.12,50,7
"1060185",8985.65,50,6
"1060196",1128.12,50,6
"1060247",2850.76,68,12
"1060337",1128,62,4
"1060419",305.76,64,7
"1060442",1128.12,50,7
"1060497",1128.12,62,6
"1060562",3712.63,50,5
"1060574",1128,55,9
"1060596",732.94,50,4
"1060612",11457.35,50,6
"1060657",1128.12,50,5
"1060672",1124.44,50,4
"1060720",1128.12,50,6
"1060738",705.99,50,10
"1060752",1128,50,7
"1060846",552.81,50,4
"106086",63.82,50,10
"1060906",1128.12,100,7
"1060909",218.51,58,5
"1060962",12734.5,50,6
"1061045",1128.12,50,5
"1061078",1128,50,6
"1061126",1128.12,50,7
"1061179",1128.12,50,5
"1061194",70.38,50,4
"106124",1128.12,80,4
"1061257",1282.63,50,6
"106126",1128.12,116,6
"1061262",1128.12,50,5
"1061323",7935.43,51,5
"1061384",1128,50,6
"106146",2256.24,70,8
"1061496",1128.12,50,5
"1061511",1128.12,50,4
"1061750",2963.39,62,10
"1061779",3377.81,50,5
"1061797",67.46,50,7
"1061808",82.79,64,5
"1061813",89.34,55,7
"1061818",424.14,50,8
"1061839",188.56,50,4
"1061843",1128.12,58,7
"1061845",1433.02,50,5
"1061889",4968,50,5
"1061912",89.44,50,4
"1061943",1128.12,50,6
"1062010",522.6,50,6
"1062018",2925.14,50,10
"1062053",1184.44,50,5
"1062274",2799.28,50,5
"1062434",1485.37,50,4
"1062498",1128,50,5
"1062558",1128.12,100,5
"1062563",1128.12,50,7
"1062596",444.17,50,9
"1062611",311.79,50,7
"1062614",81.31,76,5
"1062638",1128.12,50,4
"1062655",93.53,50,7
"1062683",9098.12,78,11
"1062753",1128.12,50,5
"1062800",866.49,50,7
"1062818",370.76,68,7
"1062837",1128,77,5
"106286",1128.12,133,5
"1062879",2203.4,50,12
"1062899",831.01,173,7
"1062914",616.15,118,6
"1062922",2070.89,50,9
"1062975",209.62,50,6
"1063011",784.8,50,7
"1063049",3022.09,50,4
"1063087",1128.12,50,5
"1063127",75.46,50,5
"1063244",1128,50,9
"1063300",1128,50,5
"1063341",1128.12,62,4
"1063373",732.22,50,8
"1063409",529,50,6
"106341",1194.26,56,8
"1063431",1611.79,50,7
"1063469",53.37,73,4
"1063520",408.12,58,6
"1063538",1128.12,50,6
"1063579",90.52,58,6
"1063629",1128,50,7
"1063670",1128,50,6
"1063698",1128.12,50,6
"1063721",1048,52,7
"1063746",6185.29,58,7
"1063765",225.68,50,7
"1063769",1128.12,50,6
"1063836",542.08,50,5
"1063882",1128.12,50,8
"1063890",972.41,50,6
"1063906",2195.64,50,7
"1063932",1128.12,50,5
"106395",1057.57,50,6
"1063973",608.95,50,5
"1063987",2088.49,50,4
"1064004",1128.12,78,10
"1064054",1628.12,50,4
"1064091",1628,50,8
"1064155",3215.47,90,9
"1064242",472.19,55,8
"1064285",1646.92,90,5
"1064294",12128.12,50,4
"1064363",1117.64,67,6
"1064384",1209.44,62,6
"1064400",672.81,50,7
"1064414",1128,58,6
"1064461",166.65,50,7
"1064491",4573.47,50,7
"1064575",3398.41,62,6
"1064592",1128.12,50,5
"1064618",1113.41,50,6
"1064621",1128,67,4
"1064710",34062.25,62,5
"1064740",70.2,60,6
"1064746",1128.12,85,4
"1064750",1128,75,6
"1064795",1128.12,95,6
"1064797",2010.94,60,4
"1064882",50.36,50,8
"1064937",2645,90,7
"1064969",70.2,106,7
"1065004",1128,72,5
"1065017",1199,60,5
"1065029",627.42,57,5
"1065032",1128,62,9
"1065089",1128,50,10
"1065099",4587.06,80,8
"1065109",2256,103,4
"1065133",1128.12,50,5
"1065154",791.87,50,11
"1065195",1128,67,7
"106523",1072.47,65,7
"106527",1128.12,50,9
"1065301",2256.12,100,5
"1065330",124.86,50,4
"106536",1209.68,56,10
"1065394",1128,50,4
"1065503",1128,100,5
"1065584",11.91,50,4
"1065609",564,50,5
"1065680",1727.25,90,7
"1065692",3780.73,62,5
"1065701",508.95,80,8
"1065745",4840.1,50,7
"1065785",9056.8,67,5
"1065816",97.88,50,4
"1065822",1128.12,50,6
"1065826",152.45,67,5
"1066108",1128,50,10
"1066112",1128.12,50,5
"1066215",1000,63,7
"1066221",1128.12,85,5
"1066224",227.72,50,7
"1066271",3107.76,50,6
"1066357",5042.17,50,6
"1066537",669.89,50,5
"1066621",418.35,50,7
"1066622",1128,50,6
"1066689",3469.6,55,7
"1066710",1128.12,50,5
"1066785",1128,56,6
"1066795",1128.12,52,7
"106682",1128.12,62,5
"1066843",1128.12,50,4
"1066940",320.75,50,12
"1066944",1161.62,50,9
"1067072",2927.11,50,6
"1067081",1128.12,95,7
"1067092",1128,81,4
"1067103",1128,53,11
"106717",602.04,50,7
"1067182",1128.12,50,8
"1067206",5491.94,60,4
"1067220",205432.05,50,10
"1067247",1128.12,63,5
"1067257",1128.12,50,5
"106727",3580.89,61,6
"1067346",84.05,50,6
"1067376",508.33,50,5
"1067378",230.76,50,6
"1067418",1278,50,4
"1067461",445.59,50,5
"1067502",1128.12,67,6
"1067522",1128.12,52,5
"1067526",1128.12,55,7
"1067560",1128,56,6
"1067562",59.35,50,7
"1067578",72.02,50,4
"1067587",516.18,118,5
"1067631",525.76,75,4
"1067702",1128.12,50,6
"1067719",1128.12,80,10
"1067724",1636.49,50,4
"106773",3693.95,50,5
"1067746",1128.12,50,6
"1067774",1841.5,64,6
"1067778",72.02,50,7
"106780",1128.12,50,6
"1067800",4532.02,50,8
"1067808",1128.12,50,11
"1067850",1128,62,7
"1067896",1128.12,50,7
"1067933",1039.6,50,5
"1068046",1543.67,50,7
"1068062",1128,58,6
"1068070",1128.12,58,9
"1068073",1128,62,6
"1068197",108.99,80,7
"1068236",81.32,50,8
"1068266",269.8,50,6
"106830",604.21,52,6
"1068301",1501.76,50,6
"1068350",1139.81,50,11
"1068360",996.6,50,8
"1068376",2525.73,112,6
"1068432",1341.92,95,6
"1068439",304.9,50,5
"1068464",1128.12,52,5
"1068516",1128,50,6
"1068562",1128.12,50,8
"1068567",564.06,57,6
"1068666",1128.12,95,7
"1068688",1128.12,72,5
"1068700",337.84,50,7
"1068742",2788.61,58,6
"1068792",1128.12,100,5
"1068854",1524.49,50,4
"1069033",1314.37,50,7
"1069058",152.45,50,6
"1069060",1102.08,50,7
"1069163",2256.12,76,4
"1069166",272.05,50,6
"1069210",1128.12,50,8
"1069221",2256.12,50,7
"1069228",84.6,50,4
"1069237",262.06,50,4
"1069260",797.9,50,7
"1069274",1128.12,50,10
"1069332",4954.25,100,7
"1069406",243.92,50,5
"1069477",1128,50,5
"1069639",1128.12,52,5
"1069645",204.59,63,5
"1069667",2948.68,62,10
"1069677",333.46,50,7
"1069747",100.65,90,6
"106984",1128.12,90,6
"1069906",1128.12,52,10
"1069910",1265.27,50,5
"1069979",2806.62,118,5
"1069995",1128.12,50,7
"1069999",1128.12,58,6
"1070144",2403.9,100,9
"1070167",116.07,50,5
"1070190",152.45,50,10
"1070217",856.88,76,6
"1070237",184.23,57,8
"1070245",190.3,50,4
"1070252",1128.12,106,6
"1070266",1086.65,76,7
"1070300",1128.12,88,7
"1070324",1695.16,50,9
"1070357",1128.12,50,6
"1070385",1128,90,4
"1070392",1128.12,58,8
"1070410",66.55,57,11
"1070434",3785.89,50,6
"1070457",315.8,50,4
"1070491",345.79,50,5
"1070511",1128,85,6
"1070513",1128,77,8
"1070523",386.37,72,9
"1070529",1128.12,72,8
"1070545",1128,50,6
"1070556",82.05,50,6
"1070628",1128,62,7
"1070665",1128.12,50,7
"1070692",750.78,67,4
"1070753",1128,50,7
"1070801",697.47,62,4
"1070803",1128.12,50,6
"1070920",1128,73,7
"1070954",1128.12,75,7
"1071031",1128,66,8
"107107",2256.24,50,10
"1071093",1128,50,7
"1071151",3450.16,76,4
"1071206",1128,67,4
"1071355",1890.25,50,4
"107137",229.09,68,7
"1071423",4625.19,76,6
"1071476",2303.65,50,5
"107152",1128.12,77,5
"1071552",5259.23,50,5
"1071610",235.1,80,4
"107171",1128.12,50,4
"107174",1128.12,90,9
"1071789",150.61,68,7
"1071805",1759.61,68,5
"1071863",1128.12,50,5
"1071898",1182.71,50,6
"1071916",108.23,50,6
"1072093",106.98,50,10
"1072099",63.86,62,12
"1072125",1128,50,7
"1072136",1647.53,50,8
"1072149",61.53,56,9
"1072177",1232.69,52,4
"1072256",919.64,57,6
"1072309",73.22,50,8
"107231",1128.12,100,4
"1072316",2901.97,50,6
"1072355",1128,77,4
"107236",4472.52,100,4
"1072364",369.19,50,7
"1072371",1128,55,7
"1072447",1128.12,63,11
"1072476",364.67,50,6
"1072515",422.16,57,5
"1072528",2652.61,95,5
"107254",5445.27,90,6
"1072622",783.79,76,5
"1072659",983.87,50,5
"1072723",1543.57,68,6
"1072764",1128.12,95,6
"1072780",1128,50,8
"1072782",166.94,54,6
"1072788",77.75,50,7
"1072860",603.44,50,14
"1072881",1400.43,68,5
"1072895",1128.12,50,4
"1072914",1128,73,4
"1072944",284.32,55,5
"1073025",7128,50,7
"1073043",505.62,50,7
"1073095",408.52,50,10
"1073130",1128.12,62,5
"1073176",1461.65,50,4
"1073178",919.76,50,4
"1073284",1128,62,5
"1073287",3641.91,50,6
"1073345",1128.12,51,4
"1073369",1128.12,68,7
"1073385",1128,50,4
"1073474",1128.12,57,11
"1073478",1993.3,50,5
"1073532",77.3,57,5
"1073556",1128,50,6
"1073617",790.67,90,11
"1073653",1128,50,7
"1073658",1128.12,64,6
"1073775",1128,118,5
"1073785",781.79,90,10
"1073850",2122.36,85,12
"1073865",558.46,60,9
"1073905",2263.03,50,4
"1073908",1128,50,6
"1073963",1128.12,68,7
"1074007",1128.12,72,9
"1074017",1128.12,50,8
"1074066",1128.12,57,5
"10741",6241.73,80,10
"1074103",940.89,55,6
"1074112",1252.95,90,5
"1074137",1321.73,50,12
"1074152",1128.12,53,7
"1074160",60.08,50,6
"1074179",3959.61,50,5
"1074261",1515.44,72,5
"1074266",1128.12,100,8
"1074282",1128.12,85,9
"1074319",1128.12,125,5
"1074328",72.75,50,5
"1074365",78.16,76,5
"1074375",179.02,68,7
"1074405",1315.79,50,6
"1074450",1128.12,50,5
"1074459",534.03,75,5
"1074463",1128.12,50,7
"1074468",116.37,50,6
"1074484",1524.49,50,5
"1074521",907.79,50,5
"1074554",3155.47,58,6
"1074663",2126.99,50,5
"1074702",1128.12,60,5
"1074757",5028.14,62,6
"107480",1128.12,100,7
"1074818",1128.12,50,6
"1074849",349.73,50,4
"1074874",18753.6,50,6
"1074888",1203.06,118,14
"1074923",1128,62,6
"1074944",1128,55,4
"1074954",725.97,68,6
"1075073",564,57,5
"1075245",1128,81,6
"1075259",80.85,54,5
"1075283",369.22,50,4
"1075346",3455.91,90,6
"1075387",1128,54,7
"1075401",4503.2,76,6
"1075415",1128,50,8
"1075417",1128,50,13
"1075422",1128.12,100,8
"1075450",1128,95,9
"1075458",1478.09,50,6
"1075478",986.68,90,11
"1075482",1337.78,100,10
"1075492",1128,93,6
"1075495",434.09,80,6
"1075526",1128,125,6
"1075544",75.94,50,5
"1075545",1128,50,5
"1075659",1128,64,6
"1075679",1128.12,50,6
"1075687",1435.99,51,4
"1075739",1128.12,50,10
"1075860",1128,72,15
"1075884",1128.12,112,7
"1075903",535.92,55,6
"1075928",2256.12,95,8
"1075940",1128,50,5
"1075990",1128,80,6
"1076014",1128.12,50,7
"1076016",8134.61,58,7
"1076018",81.27,60,5
"1076105",210.62,68,4
"1076136",711.23,50,7
"1076150",567.13,80,8
"1076151",1421.5,100,8
"1076163",1128,50,11
"1076168",1128.12,68,5
"1076172",871.47,50,6
"1076176",89,76,6
"1076214",72.55,85,5
"1076255",695.98,76,10
"1076298",1128.12,50,10
"1076363",86.84,50,5
"1076369",1757.82,85,8
"1076481",320.01,72,8
"107660",1128.12,90,8
"1076715",1128,51,12
"1076729",638.15,132,7
"1076761",66.36,51,7
"107680",1128.12,62,5
"107682",1128.12,106,4
"1076820",965.49,90,5
"1076841",394.37,51,6
"1076870",73.66,100,8
"1076911",1128.12,62,7
"1076923",1128.12,62,4
"1076952",2652.49,50,4
"1077044",1220.89,78,5
"1077048",1128.12,100,4
"1077051",5471.23,76,5
"107706",1128.12,50,4
"1077067",29.54,50,6
"1077079",750.74,100,5
"1077094",637.25,100,6
"1077095",1128,50,5
"1077174",1136.65,50,6
"1077210",1128,50,8
"1077216",1128,83,6
"1077294",1128.12,106,6
"1077301",777.91,50,4
"107732",3094.66,50,7
"1077351",4812.06,50,6
"1077376",1142.51,62,7
"1077446",1334.8,50,4
"1077452",247.77,53,4
"1077454",1126.67,50,4
"1077521",1128.12,71,5
"1077552",19.93,50,6
"1077599",1128,50,6
"1077605",558.88,50,6
"1077644",2256.24,62,5
"1077703",155.42,50,6
"1077714",265.82,50,10
"1077745",1206.58,50,7
"1077761",19056.13,50,8
"1077786",352.15,76,6
"1077806",1240.26,50,7
"1077823",1128,50,6
"1077955",387.03,60,7
"1077985",1917.61,50,5
"1077994",1128.12,50,5
"1078073",2256.12,52,6
"1078077",1128.12,50,7
"1078095",1128,64,6
"1078126",2526.55,50,4
"1078181",2163.35,60,7
"1078201",1860.8,95,5
"1078203",564.06,66,6
"1078252",5628.12,50,5
"1078321",1128.12,50,5
"1078341",3777.08,60,4
"1078355",174.75,50,4
"1078395",564,50,6
"1078425",2753.15,95,5
"1078548",1758.61,52,4
"1078572",6300.36,65,7
"1078658",1059.76,100,5
"1078692",1128.12,85,6
"1078717",37.33,85,4
"1078744",1228,75,5
"1078745",1128.12,57,7
"1078802",1128,50,5
"1078949",15.67,51,7
"1078965",834.39,76,7
"1079032",1388.3,68,7
"1079073",4677.45,90,5
"1079077",6861.32,118,7
"1079082",1128.12,52,8
"1079127",1128,50,6
"1079145",1128.12,50,5
"1079170",1191.63,50,4
"1079186",30.98,50,12
"1079243",1411.53,50,4
"1079311",1128.12,50,7
"1079321",70.52,50,4
"1079341",8461.01,147,7
"1079394",1128,50,4
"1079397",1128.12,59,6
"1079420",1128.12,50,5
"1079445",36.75,50,11
"1079463",903.97,51,12
"1079466",826.68,50,5
"1079487",797.08,50,4
"1079499",1117.02,50,5
"1079541",1128.12,50,7
"1079553",1128.12,58,6
"1079566",1128.12,118,6
"1079605",1128.12,50,6
"1079622",1128.12,54,6
"1079634",1128.12,57,7
"1079635",599.6,71,5
"1079649",417.24,50,9
"1079683",1128.12,50,9
"1079714",1128,50,7
"1079717",747,67,6
"1079747",3307.22,76,7
"1079850",1128.12,64,11
"1079857",3671.5,100,6
"1079938",2256.24,100,7
"107995",767.04,50,5
"1080009",1128.12,50,7
"1080015",1289.53,50,7
"1080030",1804.16,50,5
"1080039",1128.12,62,6
"1080040",1128,77,6
"1080161",119.95,50,6
"108019",1128.12,72,10
"1080308",1128,52,7
"108034",636.99,50,5
"1080341",1128.12,50,6
"108041",2126.2,95,4
"108045",1128.12,90,6
"1080460",1790.22,50,7
"1080496",1016.97,55,9
"108054",12284.35,99,5
"1080579",713.34,50,7
"1080582",2799.02,50,7
"1080610",4031.75,50,7
"1080622",73.3,50,6
"1080660",2533.45,58,7
"1080675",1442.65,51,4
"1080715",1128.12,54,6
"1080721",1128,50,6
"1080727",2408.65,50,9
"1080781",3116.9,50,6
"1080815",1172,50,4
"108084",1128.12,55,6
"1080865",2787.39,90,6
"1080867",363.25,85,6
"1080899",332.3,50,4
"1080905",268.56,50,5
"1080933",58711,57,6
"1080975",1128.12,50,7
"1080979",430,76,6
"1081045",11452.54,68,6
"1081072",1128.12,50,8
"108110",1128.12,50,4
"1081136",571.69,50,7
"1081138",1128,125,5
"108115",631.84,72,4
"1081217",1390.11,68,6
"1081283",1128,50,7
"1081290",425.48,80,6
"1081305",67.47,50,8
"1081308",1128,50,7
"1081344",61.98,50,10
"1081353",1128.12,67,5
"1081356",1628.12,50,4
"1081378",1128.12,50,7
"1081393",169.84,68,4
"1081399",166.28,50,4
"1081500",2083.2,77,4
"1081506",1128,85,4
"108153",65.57,50,5
"1081538",432.01,64,4
"1081569",62.9,54,6
"1081635",66.97,55,8
"1081640",1128,85,5
"1081651",1128.12,100,6
"1081668",11.28,62,9
"1081786",953.01,71,7
"1081793",1056,50,5
"108183",1128.12,50,6
"108186",9682.03,57,5
"1081871",1128.12,62,7
"1081882",212.53,50,6
"1081928",6116.39,50,6
"1081943",1128.12,50,7
"1081954",813.16,50,4
"1081982",1128.12,63,9
"1082030",728.83,50,5
"1082161",883.57,85,6
"108218",1128.12,50,7
"1082197",1128.12,118,4
"1082233",1338.23,93,8
"1082287",50.51,50,7
"1082288",1128,50,5
"1082296",1557.97,50,8
"1082312",1504.49,106,5
"1082461",42.51,50,5
"1082516",987.41,95,6
"1082549",1128,55,10
"1082643",103.68,76,15
"1082705",2239.48,50,6
"1082744",2979.09,57,8
"1082788",452.44,50,8
"1082789",155.22,50,5
"1082816",269.83,51,5
"1082857",1522.79,61,5
"1082892",1128,112,6
"1082958",224.78,67,5
"1082985",730.54,56,7
"1083091",861.29,50,6
"1083148",1128.12,50,5
"1083162",1219.48,50,11
"1083188",1555.24,55,9
"1083195",1128.12,50,7
"1083202",26575.01,50,9
"108321",1853.38,80,6
"1083232",1128.12,58,10
"1083278",1128.12,50,4
"1083302",1679.1,50,6
"1083321",1128.12,50,8
"108336",1128.12,80,4
"1083414",1128.12,65,4
"1083419",1128.12,50,7
"1083470",502.64,72,5
"1083486",1128,50,4
"1083489",1783.34,100,7
"1083516",1128,50,5
"1083616",308.59,80,5
"108363",6876.8,90,5
"1083666",314.62,72,6
"1083710",260.18,50,4
"1083735",3575.99,50,5
"1083758",374.5,50,4
"1083778",1128.12,50,10
"1083857",1128.12,76,5
"1083868",1128,50,4
"1083909",1128,50,5
"1083930",4300.86,50,12
"1083974",1128.12,63,7
"1084022",2276.32,58,4
"1084075",105.07,50,4
"1084090",1500,68,4
"1084132",480.08,50,7
"1084173",1128.12,62,6
"1084183",1128,50,7
"1084245",2256.24,77,8
"1084263",59.08,68,4
"1084344",1128,72,5
"1084358",4540.92,76,6
"1084418",19.14,50,7
"1084518",116.19,50,5
"1084545",1366.28,50,10
"1084549",1128.12,58,5
"1084561",1128.12,58,5
"1084577",1128,148,4
"1084602",1128,140,6
"1084654",1128.12,58,8
"1084694",1309.22,106,6
"1084702",1453.48,50,4
"1084724",1128,72,7
"1084743",2100.77,95,7
"1084757",1128.12,95,5
"1084783",705.76,50,6
"1084829",473.43,95,9
"1084839",867.65,80,5
"1084867",121.89,72,6
"1084870",1128,100,6
"1084880",1128,125,4
"1084882",1326.37,112,5
"1084885",598.21,50,7
"1084944",1128.12,50,14
"1085035",1128.12,118,6
"1085134",8284.9,80,5
"1085139",406.17,81,5
"1085175",2256.24,156,5
"1085197",1235.69,50,6
"1085217",85.74,50,6
"1085288",1675.97,50,4
"1085290",2309.54,65,5
"1085304",564.06,80,11
"108535",66.55,90,6
"1085375",2256,118,5
"108542",1374.68,50,9
"108543",84.6,100,6
"108546",1328.12,62,5
"1085483",5423.86,50,5
"1085506",63.45,57,6
"1085519",1128.12,50,6
"1085537",7061.36,112,6
"108554",2070.6,50,5
"1085581",1897.33,50,15
"1085591",1319.1,50,4
"1085616",854.78,50,6
"1085630",1128.12,50,5
"1085650",413.67,50,6
"1085718",1416.91,90,7
"1085726",1128.12,90,8
"1085734",1705.29,50,9
"1085737",3454.84,50,10
"108579",1128.12,72,10
"1085806",3093.92,95,5
"1085809",1128.12,50,5
"1085817",2535.32,60,5
"1085906",85.6,50,5
"1085909",311.56,118,8
"1085917",1128,51,6
"1085941",2165.03,73,6
"1085954",1128.12,90,5
"1085963",4981.96,95,6
"1086017",1128.12,95,5
"1086030",156.45,50,7
"1086036",1006.65,68,6
"1086048",120.58,50,7
"1086065",1186.2,68,7
"1086164",71.96,72,5
"1086373",3751,72,6
"1086384",3057.88,72,7
"1086438",72.02,50,6
"1086452",1128.12,85,10
"1086462",773.17,50,5
"1086495",1128,73,5
"1086497",3235.64,75,7
"1086515",259.47,56,6
"1086538",1128,50,4
"1086550",1128.12,50,5
"1086552",1128,81,7
"1086560",49.2,50,12
"1086561",1128,106,8
"1086583",1128,95,6
"1086640",1890.37,58,4
"1086704",1128,74,10
"1086724",1128,75,8
"1086747",287.35,50,8
"1086773",1128.12,50,5
"1086809",34.22,61,9
"1086830",349.66,56,5
"1086834",1190.62,50,4
"1086856",1128.12,50,4
"1086880",1128.12,50,5
"1086897",1128.12,62,4
"1086913",820.54,50,6
"1086924",2964.89,50,5
"1087028",2013.31,50,6
"1087038",59.99,50,4
"1087061",367.64,50,6
"1087080",760.32,50,4
"1087089",371.02,50,5
"1087097",67.46,106,6
"1087114",5014.4,50,10
"1087133",1128,50,7
"1087158",1128.12,82,5
"1087162",1128.12,50,8
"1087176",78.16,64,5
"1087222",1128,62,6
"1087224",76.63,62,5
"1087231",5802.95,50,10
"1087309",80.36,56,7
"1087327",1839.09,95,7
"1087328",1128,147,7
"1087457",646.18,51,7
"1087527",421.67,50,5
"1087557",1128.12,50,9
"1087581",866.72,50,7
"1087639",287.61,50,7
"1087646",1128,62,4
"1087652",1128.12,62,6
"108767",1128.12,64,5
"108786",9512.82,60,7
"1087893",1154.57,50,12
"1087927",4832.67,90,5
"1087959",1128.12,50,7
"1087963",1986.82,65,5
"1087983",1128.12,58,5
"1088001",87.52,50,5
"1088028",361.2,57,6
"1088085",1128,50,7
"1088100",615.3,69,5
"1088159",1128.12,65,6
"108817",81.46,50,6
"1088235",130.08,76,9
"1088245",989.22,56,4
"1088259",1128.12,112,6
"1088297",2214.99,100,7
"1088305",1128,208,6
"108832",17018.45,75,6
"1088415",1273.86,50,6
"1088439",1333.01,112,6
"1088453",2171.46,51,6
"1088494",1308.84,50,7
"1088563",564.06,83,7
"1088566",918.1,50,7
"1088636",1128.12,67,5
"1088753",1098.02,50,6
"1088817",3191.62,76,5
"1088860",1128.12,75,7
"108887",1128.12,100,6
"1088891",76.63,76,6
"1088899",2727.28,64,6
"1088948",1128.12,90,7
"108896",2702.97,50,12
"108902",1128.12,50,6
"1089050",2508.21,50,5
"1089063",1050.16,50,6
"1089091",374.7,50,6
"108910",1697.37,85,4
"1089170",100.17,90,6
"1089189",1128.12,56,7
"1089209",74.17,50,5
"1089218",75.46,100,7
"1089231",1128.12,52,5
"1089238",1128.12,62,6
"1089342",1128.12,64,5
"1089429",1128.12,118,9
"1089526",1025.51,50,6
"1089549",124.7,50,7
"1089592",8098.13,112,4
"1089687",276.2,68,7
"1089700",1128.12,100,7
"1089776",1128.12,100,5
"1089823",1128,77,6
"1089867",1128.12,95,6
"1089905",1128.12,62,8
"1089907",307.14,80,8
"1089919",1128,85,5
"1089943",36337.24,100,7
"1089976",1128,77,7
"1089988",1128.12,62,6
"1090034",155.99,50,5
"1090073",446.25,50,5
"1090231",1128.12,106,5
"1090271",245.08,50,5
"1090274",1128,50,9
"1090305",1346.81,100,5
"1090337",1128,50,6
"1090455",2256.24,100,7
"1090457",1051.04,72,7
"1090458",1128.12,112,7
"1090502",1128.12,55,7
"1090536",1128,95,4
"1090588",221.23,85,10
"1090593",1128.12,71,9
"1090664",1094.22,85,11
"1090666",1128,55,4
"1090668",591.97,95,7
"1090702",1128,72,6
"1090739",1128.12,100,5
"1090821",141.82,57,9
"1090824",1596.75,50,10
"1090852",941.31,51,8
"1090904",1128.12,88,7
"1090908",771.07,76,6
"1090913",1128,63,4
"1090996",3415.92,58,6
"1091000",2256.24,125,7
"1091018",1236.97,68,9
"1091057",1128.12,125,4
"1091072",1128.12,50,7
"1091193",1128,57,7
"1091238",73.11,50,10
"1091280",1433.02,112,5
"1091325",1524.49,50,6
"1091338",5231.15,95,4
"1091350",2756.24,50,5
"1091365",1524.49,95,7
"1091428",867.7,54,5
"1091439",114.33,90,7
"1091472",78.77,64,4
"1091474",538.99,60,7
"1091482",853.45,50,10
"1091494",633.05,76,4
"1091522",150.95,54,6
"1091524",1128.12,50,6
"1091532",574.84,57,6
"1091537",1128,52,6
"1091550",123.84,57,4
"1091675",3803.18,50,6
"1091692",809.84,50,5
"1091751",1128,112,6
"1091771",1128.12,118,6
"1091781",434.86,71,6
"1091783",1134.53,95,5
"1091784",8092.47,95,4
"1091815",1298.51,50,5
"1091824",4428.24,50,6
"1091825",877.99,50,6
"1091832",1128.12,50,4
"1091891",1128.12,80,6
"1091907",1128.12,95,5
"1091916",1128.12,52,6
"109195",1128.12,50,6
"1091958",1128.12,118,4
"1091975",1128.12,59,4
"1092013",1128.12,95,7
"1092023",1128.12,50,6
"1092079",3636.27,85,4
"1092118",1128,85,7
"1092127",1128,50,6
"1092176",1128.12,76,7
"1092276",1128,59,4
"1092300",506.91,60,6
"1092316",1128.12,132,5
"1092319",564.06,90,7
"109234",1128.12,72,5
"1092381",76.63,68,6
"1092395",1128.12,51,6
"1092408",1128.12,50,6
"1092433",718.85,60,7
"1092452",3146.25,50,9
"109247",1128.12,76,7
"1092470",1302.14,50,7
"1092529",1128,50,10
"1092563",1128,50,6
"1092591",1128.12,125,5
"1092597",1706.49,50,7
"109262",78.65,50,9
"1092694",825.91,50,14
"1092720",1128.12,71,6
"109273",1128.12,50,8
"109274",1128.12,50,8
"1092751",329.4,80,7
"1092760",1128,118,5
"1092796",1977.54,112,12
"1092805",1692,50,5
"1092808",976.73,50,6
"1092825",1128.12,80,8
"1092852",1128,125,9
"1092862",1128,58,4
"1092867",12485.17,50,9
"1092868",1128,112,9
"1092889",74.69,51,4
"1092895",1128.12,68,9
"1092976",2289.47,57,7
"1092993",76.63,50,6
"1093052",32.52,76,5
"1093124",2645.57,50,6
"1093129",1046.4,50,8
"1093213",1113.93,74,10
"1093232",1041.98,50,5
"1093235",373.5,50,4
"1093239",1128.12,76,8
"1093280",1488.98,75,7
"1093321",763.01,60,12
"1093342",1128,80,7
"1093388",1128,50,4
"1093433",756.25,61,7
"1093450",338.14,57,9
"109352",2591.93,54,6
"1093658",12228.35,50,5
"1093726",1128,55,6
"1093776",1128,50,7
"1093847",732.27,62,5
"1093874",1128.12,50,7
"1093889",1128,95,6
"1093960",17388.79,62,6
"1093962",80.04,50,5
"1093968",1128.12,50,7
"1093978",1128,112,5
"1094006",776.23,54,7
"1094010",1965.51,77,5
"1094053",10000,59,4
"1094175",1128,50,4
"1094208",1128,95,7
"1094221",2380.38,50,6
"1094239",1128.12,69,4
"1094245",15244.9,67,4
"1094290",410.52,72,4
"1094294",371.69,54,7
"1094343",204.23,50,6
"1094433",491.66,50,6
"1094437",1128,76,6
"1094460",35705.32,56,10
"1094495",1128,62,6
"1094503",1128.12,62,7
"109451",2493.88,72,7
"1094538",1363.84,68,4
"1094541",5783.11,65,5
"1094556",6.79,100,7
"1094561",3546.4,93,7
"109460",75.32,68,4
"1094624",897.6,95,7
"1094657",1497.59,53,6
"1094665",70.2,80,5
"1094669",1128,50,8
"1094671",1128.12,106,7
"1094703",1128.12,95,4
"1094704",2088.55,95,4
"1094758",824.98,52,7
"1094782",1202.69,76,5
"1094788",830.89,51,6
"1094797",1585.35,100,6
"1094843",81.37,50,4
"1094850",6356.79,50,6
"1094870",292.22,58,5
"1094886",1128,50,6
"1094921",175.78,80,6
"1094937",1037.64,58,4
"1094960",1128.12,118,8
"1094963",206.65,50,10
"1094979",900.82,50,7
"1094986",2330.31,80,6
"109504",1128.12,58,5
"1095122",1128,50,5
"1095149",224.2,50,7
"109515",1185.49,100,7
"1095216",4925.76,50,6
"1095241",70.2,57,5
"1095262",1767.98,50,6
"1095300",1193.88,90,5
"1095305",14776.37,51,6
"1095336",173.21,50,10
"1095376",106.71,50,6
"1095424",1128.12,64,6
"1095431",2095.09,57,10
"1095432",1128,83,11
"1095440",1232.03,50,6
"1095516",101.75,50,6
"1095536",1128,68,9
"1095623",1128,50,11
"1095626",1128,50,7
"1095668",1829.39,58,6
"1095735",992.96,76,7
"1095800",1128.12,71,6
"1095817",3430.15,50,7
"1095826",426.86,85,7
"1095870",787.15,51,6
"1095882",847.67,85,5
"1095989",100.04,50,11
"109600",1236.54,76,6
"1096057",423.46,50,6
"109617",11.57,50,5
"1096194",1128.12,50,7
"1096199",1128,50,7
"1096218",82.05,50,12
"1096298",1157.68,100,6
"1096349",1128,52,9
"1096427",1760.27,95,6
"1096433",1354.73,80,9
"1096484",1323.71,118,6
"1096517",1128,50,6
"109652",2196.7,95,5
"1096534",1128,50,5
"1096541",1128.12,85,10
"1096553",234.32,50,9
"1096564",1128.12,50,9
"1096581",1121.22,80,7
"1096583",201.35,50,4
"1096628",558,64,4
"1096651",1128.12,80,9
"1096682",2256.12,62,7
"1096697",1417.06,100,5
"1096719",1464.41,50,7
"1096763",255013.03,90,4
"1096829",1128.12,52,5
"1096898",78.58,50,11
"1096928",612.52,50,6
"1096951",1128,50,4
"1096958",3178.63,90,4
"1097008",761.12,64,5
"1097012",1128.12,95,6
"1097055",2748.92,63,6
"1097057",1128,125,9
"1097105",1128.12,100,9
"1097205",1128.12,118,8
"1097228",2256.09,118,4
"1097245",183.24,85,9
"1097247",1128.12,93,5
"1097264",92.29,85,5
"1097271",1706.65,50,6
"1097272",83.51,80,4
"1097286",636.89,50,5
"109729",74966.23,50,7
"1097301",1128.12,138,4
"1097373",925.71,50,6
"1097387",1128,50,7
"1097391",2256.24,62,4
"1097398",1555,125,5
"1097418",595.53,106,9
"1097419",1128.12,50,7
"1097420",1128,50,5
"1097422",1128,57,7
"1097423",688.03,50,9
"1097439",1128.12,91,5
"1097500",1128.12,50,8
"1097504",4945.1,57,4
"1097537",1609.16,76,6
"1097643",1628.12,100,7
"109765",12782.99,80,5
"1097680",1128.12,63,10
"1097717",4695.11,118,7
"1097726",2256.24,76,6
"1097804",1128.12,90,5
"1097818",62.51,50,4
"109783",78.99,50,10
"1097844",1594.44,80,5
"1097877",6820,95,4
"109793",564.06,51,6
"1097932",39.02,50,4
"1097947",302.65,51,4
"1097975",93.95,100,5
"1097988",100.35,56,6
"1098017",617.53,95,5
"1098070",76.63,95,5
"1098071",2182.05,100,4
"1098080",3040.5,95,7
"1098086",2559.56,50,7
"1098118",3623.2,71,5
"1098123",1128.12,50,5
"1098172",17073.31,80,4
"109821",2588.62,63,5
"1098221",1128.12,75,4
"1098277",1128,75,5
"1098349",35326.79,68,7
"1098360",1128.12,53,7
"1098399",1128.12,61,6
"1098470",331.16,50,7
"1098490",82.41,50,5
"1098500",2990.98,51,4
"1098509",1128,50,7
"109851",876.82,50,9
"1098512",1832.44,50,6
"1098521",1128.12,58,7
"1098535",1128,64,13
"1098551",74.94,51,6
"1098582",34.7,50,5
"109859",1128.12,100,4
"1098697",308.87,50,4
"1098700",1128.12,62,6
"1098735",2216.05,50,7
"1098742",141.3,50,4
"1098806",1128,81,5
"1098838",1128.12,62,8
"1098857",629.01,65,9
"1098893",70.74,80,7
"1098917",1128.12,62,8
"1098946",543.3,72,7
"1099030",1128.12,90,8
"109908",1128.12,80,7
"1099093",1128,132,9
"1099105",356.14,95,9
"1099106",1065.98,101,7
"1099148",2256,62,4
"1099195",1128.12,112,9
"1099206",367.92,59,7
"1099215",65.27,70,5
"1099272",1128.12,76,7
"1099281",2756.66,57,7
"1099329",432.69,106,5
"1099352",1128.12,75,4
"1099366",1128,95,4
"1099411",1149.54,50,5
"1099421",2198.77,72,6
"1099434",1128,53,6
"1099497",6503.77,50,7
"1099563",13236.68,55,7
"1099570",1128,55,5
"1099587",5862.13,95,6
"109959",1128.12,50,4
"1099591",13518.75,76,7
"1099690",201.93,50,5
"1099801",2004.2,54,7
"1099823",1128.12,132,4
"1099869",23.8,68,5
"1099879",1128.12,50,6
"1099910",1128.12,95,4
"1099922",419.5,76,7
"1099942",1747.32,50,4
"1099981",1417.59,50,5
"1099982",115.69,50,5
"1099987",11780.96,68,6
"1100051",144.66,101,6
"1100076",1128.12,55,5
"1100093",1213.69,68,4
"1100108",1614.54,54,5
"1100128",1067.15,50,7
"110013",237.7,80,9
"1100130",1128.12,50,5
"1100136",138.06,58,8
"1100156",1128,50,6
"1100165",2956.39,50,6
"1100174",1543.4,50,14
"1100241",1128,58,5
"1100261",1073.51,50,6
"1100273",922.94,69,5
"1100282",1128.12,90,6
"1100299",1265.31,50,7
"110030",564.06,62,7
"1100383",3109.08,50,6
"1100408",1128.12,50,4
"1100446",704.57,54,6
"110045",1234.71,50,7
"1100473",181.4,50,4
"1100487",1128.12,85,7
"1100489",152.45,62,4
"1100518",1128,50,8
"1100525",2256.12,62,7
"1100527",243.08,50,5
"110053",984.32,76,5
"1100618",5437.53,55,7
"1100641",450.66,50,7
"110065",598.94,52,6
"1100708",1128.12,69,5
"110073",1128.12,90,6
"1100748",1128.12,50,6
"1100755",1128,50,5
"1100785",1128.12,50,4
"1100797",1128.12,50,7
"1100830",1128.12,50,8
"1100861",1128,62,5
"1100900",2053.22,72,9
"1100916",13.76,50,7
"1100946",65.63,50,7
"1101057",1064.93,50,6
"1101078",4885.8,90,4
"1101145",1128.12,63,5
"1101205",1128,90,7
"1101262",505.47,60,7
"1101281",76.39,112,6
"1101286",1128,90,5
"1101298",2567.76,50,9
"1101315",794.01,58,11
"110132",1128.12,125,5
"1101344",1128.12,62,7
"1101348",123.15,80,5
"1101392",1128.12,62,5
"1101396",9692.83,100,8
"1101408",90.25,100,6
"1101419",1128.12,118,7
"1101423",3784.65,90,6
"1101437",1886.57,68,5
"1101475",1625.32,50,4
"1101507",4249.03,64,7
"1101518",1128.12,85,6
"1101532",1961.25,50,8
"1101546",1128.12,80,7
"1101551",846.95,90,5
"1101558",1028.04,50,4
"1101560",72.55,50,8
"1101617",1128,62,5
"1101623",4444.13,64,6
"1101653",1128.12,95,4
"1101698",1128.12,80,7
"1101711",876.38,77,10
"1101719",1031.31,55,5
"1101721",1569.26,80,10
"1101776",567.91,50,7
"1101835",2256.24,100,6
"1101837",1733.04,86,9
"1101840",1128.12,62,6
"1101861",1245.57,85,6
"1101867",54.45,95,5
"1101875",446.52,106,9
"1101880",1402.53,50,8
"1101902",1515.64,64,9
"1101905",3051.36,85,6
"1101947",1128.12,100,6
"1102002",1128.12,90,4
"1102021",1128,50,12
"1102042",1128.12,55,4
"1102058",74.76,50,4
"1102096",1128.12,88,4
"1102119",1693.25,51,6
"1102124",803.2,95,4
"1102132",1128,50,6
"1102142",68.92,51,5
"1102162",2256.25,50,9
"1102186",714.14,80,7
"1102229",1170.44,112,5
"1102275",1128,95,4
"1102285",665.08,50,6
"1102342",1128,80,14
"1102351",84.24,76,12
"1102353",396.37,95,7
"1102364",1128.12,100,9
"1102374",1406.6,60,5
"1102410",1128.12,71,10
"1102437",2256.12,88,6
"1102456",1128,50,6
"1102533",1128,50,10
"1102537",9132.27,67,7
"1102569",679.93,64,4
"1102585",976.25,71,6
"1102590",1128.12,58,8
"1102623",563.17,50,6
"1102666",65.64,58,6
"1102746",1128.12,60,8
"1102747",1128,93,10
"110277",1207.29,85,4
"1102813",1128,90,4
"1102865",1128,74,9
"1102896",2153.32,72,11
"1102905",2113.14,80,4
"1103012",2586.74,54,4
"1103033",1128.12,50,6
"1103034",2328,50,5
"1103039",1128.12,100,4
"1103074",1837.57,50,6
"1103176",1128,50,5
"1103247",206.53,90,5
"110342",13738.86,95,6
"1103447",1128.12,52,6
"110346",878.76,65,4
"1103504",1128,50,7
"1103597",14691.15,125,4
"1103607",2703.22,50,6
"1103609",1128,64,9
"1103622",65.64,72,5
"1103677",2171.21,50,6
"110368",1128.12,85,7
"1103697",1128.12,62,7
"1103715",492.05,58,7
"1103731",1858.4,55,7
"1103764",1128.12,85,4
"1103768",1217.62,50,5
"1103773",12957.3,63,6
"1103777",4849.58,50,7
"1103782",1014.67,50,6
"1103941",1787.15,50,8
"1103969",1128,50,5
"1104024",1128,67,6
"1104072",497.84,85,12
"1104095",6235.18,50,5
"1104143",335.39,95,6
"1104304",1128.12,62,5
"110431",1354.76,90,4
"1104330",1248.38,50,5
"1104337",763.75,50,7
"1104371",1128,63,4
"1104425",3974.85,66,4
"1104542",1175.04,91,5
"1104591",564.06,50,4
"1104618",1128.12,50,10
"1104645",86.86,55,10
"1104661",1128.12,68,5
"1104715",160.89,52,10
"1104750",1128.12,50,6
"1104758",1128,50,6
"1104794",1128,75,10
"1104836",1128.12,50,7
"1104850",1128.12,112,6
"1104853",9976.32,85,10
"1104866",1128.12,100,7
"1104891",1128.12,100,6
"1104903",1128,85,6
"1104911",1128,51,7
"1104929",280.62,66,9
"1104949",1376.4,90,7
"1104971",1967.44,50,7
"1104976",1428,100,4
"1104995",1358.22,100,7
"1105003",843.4,50,9
"1105038",71.63,50,5
"1105051",625.01,95,6
"1105097",262.91,95,6
"1105128",1771.31,50,5
"1105130",3274.45,50,5
"1105144",1175.6,50,4
"1105171",1128,72,5
"1105235",49.4,76,7
"1105282",25711.41,75,6
"1105290",1128,54,6
"110533",1128.12,100,5
"1105342",2192.52,95,8
"1105350",1128,68,7
"1105422",1128,90,10
"1105423",2368.24,90,10
"1105446",1128.12,80,7
"1105534",1128.12,72,12
"1105594",1128,67,5
"1105598",784.46,50,9
"1105624",127.63,50,8
"1105630",201.6,60,5
"1105634",1128.12,65,9
"1105645",602.78,96,8
"1105666",263.4,71,5
"1105753",3689.95,50,5
"1105785",236.4,50,6
"1105788",2567.61,50,5
"1106028",1128.12,50,8
"1106044",10902.21,50,5
"1106093",16373.02,50,6
"1106101",1128,50,7
"1106105",1327.96,50,9
"1106182",536.49,50,5
"1106198",1128.12,77,9
"1106258",1128.12,125,4
"1106263",1128.12,100,6
"1106397",253.73,50,7
"1106402",1128.12,54,6
"1106411",2036.43,50,7
"1106449",2820.18,100,4
"1106477",1128,50,11
"1106493",1128,50,5
"110656",716.96,100,6
"1106562",1332.54,50,5
"1106576",75.45,50,7
"1106606",2528.12,85,6
"1106610",1442.06,62,4
"1106616",1128,58,8
"1106735",71.65,50,4
"1106752",517,60,15
"1106759",752.27,50,5
"1106768",757.58,60,5
"1106774",76.58,50,5
"110678",745.22,50,4
"1106804",1128.12,62,6
"1106807",1128.12,50,10
"1106823",7.61,50,4
"1106869",12.2,54,5
"1106873",189.1,60,6
"1106883",77.23,53,6
"1106887",506.51,51,9
"1106890",2068.83,76,5
"1106920",1444.06,55,7
"1106928",672.48,50,6
"1106958",418.59,73,5
"1106978",2363.32,90,9
"1106997",2770.68,60,5
"1107001",1128,58,6
"1107025",152.45,50,6
"1107051",1128.12,52,6
"1107055",1402.87,56,7
"1107057",1128.12,69,8
"1107068",62.15,50,7
"1107072",981.43,68,6
"1107089",2183.5,112,10
"1107153",1128.12,77,5
"1107213",358.55,50,8
"1107289",5716.56,50,6
"1107341",2312.12,91,11
"1107367",187.89,81,5
"1107370",152084.96,85,4
"1107377",2430.95,100,4
"1107397",152.3,100,7
"1107398",235.09,100,8
"1107410",39.14,90,7
"1107575",284.01,72,5
"1107582",1128.12,50,5
"1107601",623.84,62,7
"1107604",1128.12,50,6
"1107607",1128,50,6
"1107630",65.52,50,4
"1107705",1128.12,50,6
"1107723",1367.98,64,7
"1107730",1671.16,50,10
"1107739",1128.12,50,7
"1107742",4926.84,50,6
"1107768",1128,50,5
"1107772",1128.12,50,6
"1107804",1252.92,58,5
"1107876",564.06,72,10
"1107924",4421.98,112,9
"1107930",1063.08,50,6
"1107957",1128.12,50,10
"1108024",1128,66,10
"1108044",1128,60,8
"110807",1128.12,100,6
"1108078",903.07,54,5
"1108119",1128,68,5
"1108199",348.35,50,8
"1108239",252.65,50,5
"1108281",2128.12,70,6
"1108316",1128,63,9
"1108383",377.38,50,7
"1108394",1128.12,68,5
"1108413",1801.03,100,4
"1108424",950.96,51,10
"110846",1404185.52,100,6
"1108460",1128,55,4
"110847",142.07,72,5
"1108530",1128.12,118,7
"1108555",576.06,50,5
"1108563",1128.12,68,8
"1108565",89.02,85,10
"1108638",1128.12,72,14
"1108647",214.7,60,7
"1108656",1128.12,64,13
"1108657",65.64,80,13
"1108768",1128.12,64,5
"110881",1128.12,72,6
"1108835",1128.12,89,6
"110888",1128.12,95,6
"1108883",85.58,54,6
"1108934",8171.14,125,7
"1108989",1128.12,112,7
"1109012",1184.49,50,4
"1109069",75.07,50,15
"1109076",2584.43,50,7
"1109108",634.72,90,5
"110913",1201.58,50,7
"1109135",1128,100,9
"1109162",1247.73,100,5
"1109173",51.02,100,4
"1109203",1128.12,90,5
"110923",1128.12,118,9
"1109242",1128,50,6
"1109268",799.39,50,4
"1109277",2121.28,77,8
"1109465",1128.12,50,4
"1109466",14960.97,62,6
"1109772",1030.95,51,5
"1109806",1128,90,11
"1109916",564.06,50,5
"1109989",2411.58,81,7
"1110038",1128.12,50,6
"1110046",273.11,50,7
"1110055",743.53,76,5
"1110056",68.73,68,5
"1110076",106.48,70,13
"1110098",141.52,72,7
"1110114",4081.17,50,6
"1110119",3695.73,50,8
"1110141",2041.85,58,5
"1110175",11136.76,95,4
"1110223",564.06,77,11
"1110249",1433.02,100,7
"1110255",249.78,85,11
"1110264",1357.1,50,9
"1110267",1128,50,4
"1110273",431.27,50,6
"1110351",1128.12,50,5
"1110406",1128.12,50,7
"1110409",596.37,95,5
"1110417",1128,118,7
"1110489",119.1,50,6
"1110512",1026.43,50,6
"1110622",1128,50,4
"1110675",2184.32,90,6
"1110698",1128.12,50,5
"1110719",1128.12,59,5
"1110721",1841.58,76,6
"1110727",1128,90,6
"1110729",511.06,50,8
"1110733",78.4,51,7
"1110736",1128,58,7
"1110754",1128.12,71,6
"1110766",1128.12,50,5
"1110781",2256.12,95,7
"1110814",84.97,50,7
"1110859",604.21,50,8
"1110867",1128.12,50,6
"1110959",96.24,95,7
"1110962",829.81,50,7
"1110972",564.06,56,6
"1110995",1128.12,50,6
"1111007",1494.87,112,6
"1111038",1128,85,10
"1111075",76.63,57,7
"1111093",1128,62,4
"1111109",1128,100,7
"1111120",1128,56,6
"1111158",1128.12,100,4
"1111170",4312.63,95,5
"1111173",1864.76,50,6
"1111184",1128,50,5
"1111210",777.48,148,7
"1111256",3427.12,76,7
"1111383",564.06,62,6
"1111413",4361.97,64,6
"1111449",1317.77,80,7
"1111450",114.51,80,5
"1111465",1128.12,85,4
"1111474",607.31,59,4
"1111488",6004.49,50,7
"1111508",1128,50,7
"1111510",63.27,50,9
"1111527",137.07,62,7
"1111535",1128,50,7
"1111540",1899.28,50,5
"1111564",335.13,63,5
"1111566",1128.12,60,4
"1111584",1128.12,50,4
"1111609",279.75,85,6
"1111627",62.83,90,4
"1111637",4010.67,62,7
"1111654",784.59,52,5
"1111659",1128.12,52,4
"1111671",9850.06,80,6
"1111678",411.61,60,5
"1111729",9427.17,55,9
"1111756",703.35,50,7
"1111791",1573.57,50,6
"1111807",143.77,50,6
"1111841",3429.69,112,8
"1111986",1639.88,80,5
"1111988",240.7,100,7
"1111996",1128.12,125,4
"1112040",446.11,104,6
"1112055",7308.68,55,8
"1112076",92.99,76,10
"1112086",85.96,85,7
"1112093",7746.01,80,7
"1112095",1397.02,85,12
"1112096",85.96,80,12
"1112113",1128,50,7
"1112161",1128.12,50,7
"1112199",3479.61,50,6
"1112221",608.07,50,10
"1112270",1128.12,52,7
"1112311",275.83,68,6
"1112321",2122.28,72,5
"1112371",1128.12,59,6
"1112382",1128.12,50,5
"111240",1634.04,90,6
"1112400",75.47,80,7
"1112505",1128.12,100,7
"1112516",313.22,76,4
"1112557",81.31,100,8
"1112559",289.35,90,6
"1112583",3773.5,51,6
"1112625",1898.94,58,7
"111264",72.93,54,4
"1112653",1128,90,6
"1112664",1764,50,7
"1112666",132.19,62,6
"1112688",1128,50,5
"1112689",238.22,50,5
"1112699",252.93,50,4
"1112707",1600.15,51,7
"1112711",1489.14,50,9
"1112739",3219.72,76,7
"1112749",73.2,50,9
"1112772",959.36,76,6
"1112815",1325.69,66,7
"1112838",738.99,57,6
"1112983",195.46,50,5
"1113027",1128,106,8
"1113038",5487,50,8
"1113041",289.52,64,5
"111305",1128.12,50,5
"1113083",1128,50,7
"1113118",13321.68,95,6
"1113129",1128,106,6
"1113157",1128,50,4
"1113166",335.02,50,9
"1113171",7449.52,62,4
"1113235",65.3,50,5
"1113253",76.5,54,13
"1113280",108.49,95,8
"1113301",1128,95,6
"1113343",4951,62,7
"1113377",1789,50,9
"1113383",3642.51,60,5
"1113393",2301.82,50,9
"1113401",4006.64,52,9
"1113403",1128,118,6
"1113407",2213.24,57,4
"1113409",2458.93,71,7
"1113419",82.05,57,8
"1113434",1128.12,60,7
"1113444",1128.12,50,7
"1113449",1128.12,71,6
"1113489",118.9,76,7
"1113490",2320.45,68,7
"1113501",1128.12,58,7
"1113511",1128.12,52,5
"1113522",1128.12,50,7
"1113582",81.33,100,9
"1113599",1355.56,50,7
"1113631",1128.12,58,6
"1113638",1327.56,148,7
"1113651",79.16,72,9
"1113677",864.24,100,6
"111377",266.13,100,6
"1113785",2140,50,6
"1113911",1128.12,62,6
"1113919",1201.41,76,7
"1113930",1128,110,5
"1114024",2247.24,90,6
"1114033",1561.35,50,5
"1114044",1674.7,50,11
"1114197",70.2,50,4
"1114226",1916.66,50,7
"1114238",267.13,50,10
"1114249",2885.4,78,7
"1114268",1241.77,76,9
"1114282",83.86,53,5
"1114327",1235.34,50,6
"1114362",80.21,50,4
"1114409",1128.12,70,6
"1114428",394.9,90,9
"1114440",564,53,6
"1114460",2652.11,56,8
"1114491",286.58,53,7
"1114501",1729.61,95,5
"1114589",96.8,85,5
"1114601",82.08,100,5
"1114606",570.77,60,5
"1114627",1128.12,125,6
"1114649",768.98,95,4
"1114704",25.49,50,6
"1114718",1557.1,80,4
"1114738",1128.12,100,4
"1114749",8157.47,50,9
"1114774",2242.54,100,5
"1114833",1128,50,8
"1114845",842.46,50,7
"1114917",172.7,50,4
"1114936",1128.12,50,4
"1115019",1085.45,112,7
"1115121",25298.32,50,7
"1115169",1128.12,60,6
"1115219",115.38,62,4
"1115248",1128.12,90,10
"1115348",1703.15,50,6
"1115359",1128,50,4
"1115387",1128,50,5
"1115395",1128.12,50,4
"1115407",2343.92,64,6
"1115411",682.22,112,5
"1115454",564.12,95,7
"1115468",1673.08,95,10
"111551",1128.12,100,4
"1115513",4538.47,80,7
"1115520",1128.12,50,9
"1115545",1482.61,90,6
"1115569",271.63,50,4
"1115597",1128.12,62,6
"1115711",6163.52,80,5
"1115715",94.97,76,6
"1115734",72.18,50,5
"1115752",1128.12,62,7
"1115772",2779.85,50,7
"1115793",564.06,50,4
"1115825",3047.98,50,7
"1115856",59.14,50,11
"1115858",67.47,72,5
"1115861",1341.2,50,7
"1115898",1128,58,6
"1116006",1128.12,54,6
"1116016",1128.12,125,5
"1116028",2241.93,57,7
"1116032",1280.57,50,6
"1116038",3561.48,90,6
"1116194",351.32,50,4
"1116225",1128.12,53,6
"1116234",1.82,95,6
"1116265",1120.47,50,9
"1116306",1132.34,80,7
"1116390",2088.55,50,9
"1116419",2498.72,50,5
"1116433",1360.63,60,7
"1116441",81.13,50,11
"1116445",5701.59,58,5
"1116457",1128.12,112,5
"1116504",1128.12,50,10
"1116549",523.6,64,8
"1116558",1128,50,9
"1116614",1128,50,4
"1116648",1931.83,50,6
"1116706",1128.12,95,6
"1116710",1128,90,6
"1116733",78.24,90,9
"1116736",1128,81,5
"1116811",1128,90,7
"1116822",1128.12,50,4
"1116877",3813.55,74,8
"1116902",2914.61,70,5
"1116905",397.03,68,5
"1116947",1128.12,125,7
"1116961",776.2,50,6
"1116972",1128,62,5
"1116974",802.25,55,5
"1116980",2127.97,118,5
"1117001",36.29,51,11
"1117025",1541.45,80,7
"1117059",1111.87,100,6
"1117061",98.8,100,6
"1117070",5892.93,90,4
"1117102",904.49,50,4
"1117107",6886.98,100,6
"1117109",1128,125,5
"1117113",3225.36,72,7
"1117170",77,72,9
"1117221",76.63,50,6
"1117225",8720.11,63,5
"1117241",1433.12,76,10
"1117305",949.08,95,5
"1117334",1128.12,62,4
"1117348",1676.94,100,7
"1117351",18900,90,6
"1117358",1128.12,88,6
"1117365",1128.12,100,7
"1117374",432.48,50,7
"1117513",1128.12,50,5
"1117523",319.82,50,8
"1117533",58.85,50,7
"1117535",502.29,50,4
"1117571",1128.12,50,4
"1117644",307096.42,90,7
"1117685",1128.12,63,6
"1117737",76.1,50,7
"1117758",403.46,100,4
"1117769",1128.12,50,5
"1117854",1128,58,5
"1117859",962.3,80,5
"1117862",3837.36,85,9
"1117876",70.78,50,5
"1117895",1449.4,50,10
"1117907",3018.49,100,9
"1117926",1235.71,50,6
"1117940",72.55,68,7
"1117961",11000,54,8
"1117963",1720.57,85,4
"1118013",1128.12,76,7
"1118015",4515.67,100,5
"1118047",1128.12,50,7
"1118057",95.43,50,8
"1118060",1128,85,4
"1118070",302.21,50,11
"1118092",2438,90,5
"1118101",1128.12,62,5
"1118126",1128.12,50,4
"1118133",1128,50,4
"1118171",78,50,4
"1118216",832.9,50,11
"1118219",1128,50,5
"1118270",282.09,50,10
"1118286",1128.12,62,6
"1118290",1128.12,50,6
"1118299",1128.12,95,4
"1118337",74.27,50,7
"1118369",1128,50,10
"1118379",2193.83,100,7
"1118388",75.47,100,8
"1118391",313.95,51,5
"1118427",1128,112,7
"1118440",359.58,95,8
"1118498",3256.47,125,8
"1118500",92.49,100,4
"1118513",1128,90,4
"1118524",1128.12,100,7
"1118529",34.91,50,7
"1118576",1128.12,63,6
"1118578",201.96,95,4
"1118607",1809.31,100,5
"111863",2652.61,64,5
"1118631",1128.12,125,5
"1118635",65.27,68,6
"1118638",1783.87,50,5
"1118646",3006.14,76,6
"1118649",1780.79,67,5
"1118662",1128,80,4
"1118685",1030.81,58,10
"1118691",3086.18,100,9
"1118692",1128.12,100,7
"1118703",564.06,50,5
"1118709",2256,156,7
"1118729",11544.09,100,6
"1118743",1128,61,7
"1118785",2177.32,100,4
"111880",476.72,64,4
"1118830",39.3,95,5
"1118903",1128,125,5
"111891",1128.12,106,6
"1118980",68.56,64,6
"1118990",525.22,50,9
"1118993",1128.12,52,6
"111900",1129.17,95,4
"1119015",67.11,64,7
"1119029",4427.84,50,5
"1119034",1128.12,77,6
"1119044",1128.12,52,7
"1119054",109.39,50,6
"1119129",1128,50,7
"1119172",290.19,90,4
"1119186",1128.12,125,5
"1119224",1128.12,112,6
"1119227",3439.12,62,10
"1119297",130.54,50,6
"1119403",26.35,54,6
"1119412",1128.12,50,4
"1119454",1128,58,6
"1119485",1128,50,7
"1119490",1128.12,52,6
"1119503",8750.45,55,7
"1119522",1128.12,90,6
"1119550",1128,50,6
"1119586",7128.12,50,5
"111961",1851.21,100,7
"1119630",1128.12,50,7
"1119652",8000,50,8
"1119684",1253.93,50,6
"1119688",1128.12,95,5
"1119691",1609.49,100,4
"1119694",1128,50,5
"1119708",698.05,50,11
"1119728",1104.15,95,6
"1119731",1128,68,6
"1119734",92.99,76,7
"1119739",1486.59,85,6
"1119740",669.39,50,7
"1119744",2778.83,57,5
"1119798",57.93,50,5
"111985",551.05,80,5
"1119875",1128.12,125,13
"1119878",78.4,50,4
"1119885",485.74,100,9
"1119890",763.12,50,13
"111992",1128.12,100,5
"1119965",4680.56,95,6
"1119966",1128,95,6
"1119992",3862.14,50,5
"1119994",1128,63,5
"1120003",1687.51,125,7
"1120043",500,95,7
"1120045",1000,118,7
"1120087",134.16,62,7
"1120106",111.77,50,6
"1120139",159.41,50,4
"1120148",1295.11,50,8
"1120166",2256.12,77,10
"1120168",1128.12,62,5
"1120182",1128.12,62,8
"1120184",2319.21,50,5
"1120196",1128,58,4
"1120252",1128.12,85,8
"1120286",74.79,95,4
"1120308",29.77,80,7
"1120316",1191.24,50,7
"1120325",1128.12,118,5
"1120328",169.29,64,6
"1120354",65.64,72,6
"1120355",16945.63,59,4
"1120366",375.36,95,6
"1120372",155.1,72,5
"1120377",4075400.56,100,9
"1120385",1128,100,9
"112039",1128.12,104,6
"112041",1067.14,90,4
"1120414",1128,67,7
"1120423",1128.12,58,8
"1120428",1128,67,4
"1120432",443.01,50,5
"1120479",1128,80,4
"1120533",70.37,51,5
"1120550",366.53,85,5
"1120562",1128.12,106,7
"1120592",1571.35,90,4
"1120598",1280.57,125,5
"1120600",1128,85,7
"112061",860.06,50,7
"1120612",1581.26,118,7
"1120636",1918.54,50,9
"1120638",1322.02,56,7
"1120661",302.15,50,6
"1120673",2850.25,50,6
"1120706",12308.76,50,7
"1120712",2593.62,50,7
"1120728",172.99,50,6
"1120733",165.35,51,7
"1120746",1028.33,69,6
"1120747",1128.12,73,8
"1120755",545.39,50,4
"1120759",127.63,63,4
"1120768",1128.12,50,8
"1120801",1128,66,5
"1120809",1128.12,62,5
"1120812",1128,95,4
"1120822",1356.79,59,7
"1120848",928.07,57,7
"1120864",3128.12,95,7
"1120869",207.95,50,7
"1120884",1128.12,100,7
"1120898",1602.4,85,7
"1120945",393.09,50,15
"1120952",2906.15,85,5
"1120967",301.05,85,6
"1121045",73.24,95,6
"1121062",72.04,76,4
"1121069",268.93,50,5
"1121141",1128.12,112,7
"1121163",4176.98,90,6
"1121191",1128.12,100,6
"1121194",1128,50,6
"1121208",1312.56,95,5
"1121261",2256.24,76,6
"1121268",96.64,95,6
"1121272",167.17,50,6
"1121327",1128,50,4
"1121353",323.13,76,6
"1121431",4128,50,6
"1121471",1128.12,50,7
"1121485",1128.12,50,4
"112150",1128.12,95,6
"1121513",255.3,54,5
"1121545",1128.12,78,4
"1121585",763.2,50,6
"1121592",5174.81,50,14
"1121622",1128.12,50,7
"112163",1128.12,67,5
"1121635",69.29,60,7
"112169",1043.57,50,7
"1121737",1148,100,4
"1121770",1994.1,75,5
"1121792",1128.12,75,7
"1121846",5729.51,50,6
"1121858",21.88,58,4
"1121871",6678.2,59,7
"1121884",357.03,60,6
"1121899",1070.52,50,4
"1121910",67.16,71,6
"1121911",2256.12,125,4
"1121912",1128.12,58,5
"1121927",78.46,50,5
"1121949",5987.92,62,5
"1121951",1128.12,58,7
"1121990",3160.85,62,6
"1122002",96.63,90,5
"1122057",365.75,62,6
"1122114",80.77,54,7
"1122134",277.68,58,5
"1122142",697.31,51,5
"1122148",1626.8,64,7
"1122155",811.26,50,4
"1122160",2443.36,50,7
"1122167",1128.12,50,12
"1122179",66423.85,76,5
"1122189",1447.42,50,5
"1122201",189.08,50,8
"1122243",1242.02,50,5
"1122246",1128,67,7
"1122301",1128,68,4
"1122318",1128,60,6
"1122320",1128.12,100,4
"112234",1128.12,73,6
"1122359",1127.91,53,7
"1122382",1128.12,87,5
"1122403",2703.41,58,7
"1122437",2256.24,55,11
"1122446",1524.49,95,4
"112245",1128.12,100,6
"1122464",500.42,63,6
"1122466",6859.56,95,10
"1122476",966.36,50,7
"1122478",3137.83,50,4
"1122491",558.07,50,6
"1122497",1150.22,76,7
"1122507",939.82,50,10
"1122510",1128.12,76,6
"1122513",564,85,9
"1122521",1914.98,50,10
"1122539",1128,76,8
"1122543",1128,50,5
"1122563",1128.12,112,4
"1122621",1128,50,7
"1122657",1488.08,77,7
"1122759",1128.12,72,9
"1122762",3047.52,50,10
"1122767",1128.12,95,7
"1122771",1611.08,64,5
"1122785",81.25,50,6
"1122787",1128.12,85,7
"1122798",2166.59,50,6
"1122804",162.23,50,11
"1122827",481.31,50,7
"1122844",1128,50,6
"1122847",1128.12,62,6
"1122927",50.07,54,4
"1122949",1320.12,50,8
"1122952",783.92,61,6
"1122954",1128,73,5
"1122963",77.5,100,6
"1122987",489.72,100,7
"1123011",832.33,64,5
"1123015",1128.12,95,7
"1123029",63.28,57,10
"112306",1128.12,100,5
"1123062",1128,106,7
"1123109",427.33,54,6
"1123113",360.83,95,6
"1123131",1128,73,11
"1123155",304.9,95,4
"1123156",165.62,54,8
"1123165",2077.01,50,11
"1123180",1488.49,76,11
"1123184",1128,76,6
"1123191",1128,73,7
"1123200",1128.12,100,6
"1123206",943.59,64,5
"1123214",2358.43,50,7
"1123221",1128,85,4
"112324",75.32,50,14
"1123258",215.43,50,9
"1123269",13.77,62,7
"1123281",1128,58,8
"1123284",1586.62,90,7
"1123294",62.95,85,7
"1123300",1692.12,69,6
"1123353",1128,50,4
"1123356",564,60,8
"1123364",1004.61,50,4
"1123379",1201.05,50,9
"1123381",1128.12,50,7
"1123394",1128,66,6
"1123422",227.37,57,8
"1123432",1128.12,50,8
"1123439",2619.17,50,10
"1123446",1128.12,100,5
"1123465",1128.12,76,5
"1123505",1301.16,50,13
"1123534",235.51,100,10
"1123546",784.45,50,10
"1123568",450.92,90,8
"1123668",1128,50,7
"1123718",1128.12,100,6
"1123726",201.57,95,6
"1123739",1128,62,10
"112375",76.22,112,6
"1123761",1128,50,7
"112378",1096.93,50,5
"1123809",1128,50,7
"1123819",1128,100,5
"1123861",305.02,85,6
"1123878",266.64,79,6
"1123879",1128.12,100,7
"1123889",1128,50,7
"1123890",3817.96,100,9
"1123901",4.19,80,4
"1123905",1128,62,6
"1123914",1128.12,71,7
"1123932",1128.12,50,4
"1123934",1447.1,62,6
"1123944",6157.79,50,7
"1123961",107.49,50,7
"1123994",1128,50,5
"1124027",4128,50,7
"1124037",1128,90,6
"1124045",1128,100,7
"1124051",1128,60,8
"1124054",1128,58,4
"1124057",1128,100,4
"1124070",5805.3,100,5
"1124094",436.18,50,7
"1124120",1128,100,5
"1124282",1128,95,7
"1124285",449.74,50,7
"1124286",1128.12,50,10
"1124311",1128,50,4
"1124350",1128,63,6
"1124371",72.93,50,6
"1124373",743.18,95,9
"1124374",1718.83,112,4
"1124398",1223.85,68,7
"1124400",320.53,80,5
"1124405",1128.12,50,10
"1124428",904.06,62,4
"1124433",1128,62,6
"1124441",213.37,68,6
"1124536",824.7,50,6
"1124591",78.22,100,8
"1124592",1128,100,5
"1124629",1128.12,62,6
"1124641",1128,62,7
"1124669",1128.12,50,8
"1124682",1758,62,6
"1124739",75.47,95,7
"1124779",1128,88,5
"1124880",3131.4,95,7
"1124892",1444.01,59,6
"1124960",3257.78,50,4
"1125026",1128,67,6
"1125059",640.41,62,6
"1125147",1003.15,50,4
"1125197",450.53,50,4
"1125221",1128,50,9
"1125286",126.93,80,5
"1125379",297.22,50,6
"1125388",739.84,50,4
"1125400",58.32,50,7
"1125430",1128,58,6
"1125525",65.27,50,7
"1125700",1128.12,50,7
"1125745",1128.12,50,6
"112577",504.73,50,10
"1125820",1992.97,50,5
"1125843",581.5,66,6
"1125846",83.85,50,6
"1125905",507.64,62,6
"1126014",1128.12,67,4
"112606",1181.05,50,5
"1126141",1128,65,5
"1126155",1128,80,6
"1126302",1128.12,50,6
"1126385",1128.12,55,5
"1126399",1199.65,50,6
"1126428",1128,68,10
"112643",1128.12,50,7
"1126444",43808.54,50,13
"1126447",1128,50,6
"112646",1582.77,100,7
"1126557",1128.12,50,6
"1126581",1215.48,50,6
"1126598",1128.12,50,5
"1126644",1128,57,7
"1126653",4328.03,76,5
"1126715",61.99,50,5
"1126763",2433.83,85,6
"1126813",1000,50,6
"1126866",50.27,50,7
"1126874",1128.12,50,7
"1126940",1974.81,50,7
"1126949",461.11,50,6
"1126999",1209.93,50,6
"1127030",1128,67,7
"1127073",2565.84,50,5
"1127140",606.36,85,7
"1127229",108.93,50,7
"112726",1129.07,72,6
"1127306",261.41,50,4
"1127310",1128.12,50,4
"1127326",1128.12,59,6
"1127363",4934.85,50,6
"1127608",1128,50,4
"1127622",35.1,62,4
"1127637",1128.12,50,7
"112769",251.22,67,5
"1127706",71.65,50,6
"1127759",339.6,50,4
"1127761",1163.05,50,6
"1127849",363.58,50,5
"1127873",1128,65,6
"1127875",1330.13,50,5
"1127907",1128,73,4
"1127948",66.41,50,10
"1128072",72.92,50,8
"1128089",1128,50,6
"112813",393.01,63,7
"1128173",11,64,7
"1128190",1128,50,4
"1128216",1128.12,50,5
"1128225",1208.34,50,6
"1128356",553.54,50,9
"1128376",1128.12,50,7
"1128436",1128.12,73,6
"1128473",311.07,50,6
"1128489",1128.12,50,7
"1128495",1128.12,50,7
"112860",1128.12,58,8
"1128643",1128,58,5
"1128749",1144.64,50,6
"1128754",1128.12,50,4
"1128770",1128.12,62,5
"1128793",1128,55,5
"1128836",2911.66,50,6
"1128872",60.17,50,7
"1128953",1128.12,67,6
"1129065",2363.72,77,6
"1129178",1128.12,76,6
"1129184",1128.12,62,6
"1129202",443.16,50,6
"1129276",1338.35,69,5
"1129336",110.79,50,6
"112934",2191.12,60,5
"1129357",1128,50,6
"1129494",427.72,50,5
"1129553",5646.08,50,5
"1129663",40.86,50,7
"1129832",1128.12,52,5
"1129854",1128.12,58,10
"1129869",1270.13,50,7
"1129936",169.4,50,5
"1130000",2652.61,100,4
"1130021",87.85,59,7
"1130104",2435.82,56,6
"1130212",765.65,72,7
"1130224",1128.12,50,6
"1130244",1128.12,50,6
"1130369",2929.32,51,10
"1130376",7103.87,96,5
"1130387",1123.99,70,10
"1130448",378.21,80,6
"1130527",1128,62,6
"1130550",1710.88,50,6
"1130603",82.05,58,6
"1130738",1128,50,6
"1130832",2151.67,50,6
"1130859",917.15,50,5
"1130908",578.59,50,6
"1130931",1128.12,50,13
"1130936",1128,62,4
"1130955",1980.78,50,6
"1130987",1128.12,62,6
"1131182",1128.12,52,5
"1131259",65.27,50,6
"1131317",1128.12,50,7
"1131374",2161.57,50,6
"1131416",1128.12,55,5
"1131454",1128.12,62,11
"1131495",564.06,50,6
"1131558",350.71,50,7
"1131574",1128.12,50,6
"1131605",2228,50,6
"1131668",1128,55,6
"1131685",76.62,50,5
"1131709",5404.98,50,4
"1131878",1128,187,5
"1131989",65,50,14
"1132021",1128.12,50,6
"113216",1301.04,50,7
"1132204",1190.05,72,8
"1132227",1128.12,50,6
"1132312",1314.75,50,7
"1132366",1128.12,50,7
"1132385",71.76,50,6
"1132407",1128,118,6
"1132420",52.47,50,4
"1132434",1128.12,67,7
"1132535",1442.31,50,7
"1132568",209.26,50,5
"1132595",1128,50,5
"1132602",197.35,50,9
"1132655",65,64,9
"1132676",1128,95,8
"1132759",524.99,50,6
"1132930",85.88,50,5
"1132977",593.59,50,8
"1132997",1128.12,58,7
"1133068",476.66,50,5
"1133072",564.06,50,5
"113314",4074.95,85,6
"1133250",1128.12,73,8
"1133252",154.43,50,5
"113328",1128.12,90,5
"1133329",97.83,59,5
"1133357",85.33,62,6
"1133390",1128.12,58,5
"113342",460.88,62,7
"1133562",1128.12,90,7
"1133567",1444.43,50,4
"1133586",2300.93,57,6
"1133621",1128.12,50,7
"1133641",87.59,50,4
"1133651",2256.12,86,6
"1133699",1128.12,66,4
"1133747",1128.12,50,11
"1133787",585.81,50,6
"113380",1342.31,90,9
"1133867",1128.12,58,7
"1133907",1128,50,6
"113402",1128.12,118,6
"1134024",72.93,52,8
"1134092",4283.6,78,5
"1134130",1128,50,7
"1134159",1128,63,5
"1134182",1128,90,7
"1134246",1128,67,6
"1134257",1128.12,50,7
"1134304",29.06,158,4
"1134314",331.34,62,4
"1134318",1128.12,77,7
"1134349",1128.12,50,5
"1134395",120.76,50,7
"1134409",7018.84,64,10
"1134609",1128.12,68,6
"113464",1128.12,52,10
"1134679",204.09,56,6
"1134691",1128.12,52,4
"1134701",156.78,50,5
"1134709",1128,72,5
"1134789",63.86,50,5
"1134925",564.06,56,7
"1135075",343.45,52,7
"1135094",1128,75,7
"1135180",582.78,50,8
"1135438",1128.12,50,7
"1135650",1013.79,50,4
"1135696",1128.12,62,6
"1135740",1128.12,50,5
"1135894",1128.12,71,5
"1135924",1275.83,51,5
"1136101",1652.12,55,4
"1136129",1128.12,50,5
"1136195",10298.77,62,5
"1136291",1128,50,7
"1136302",1128,50,7
"1136334",1128,50,5
"1136349",69.65,50,4
"1136451",2789.36,52,9
"1136561",1013.78,50,6
"1136575",3409.99,64,6
"1136652",1128.12,50,4
"1136680",1628.12,50,4
"1136716",1128.12,50,4
"1136725",1128.12,50,7
"1136771",1128.12,71,5
"1136840",1571.74,50,5
"1136842",1128,62,10
"1136936",1645.25,50,6
"1136938",3718.94,50,6
"1136983",1128.12,58,5
"1137177",146.73,56,7
"1137192",910.71,50,5
"1137244",1128.12,60,5
"1137278",1128,58,7
"1137325",863.86,50,5
"1137332",1128,62,5
"1137389",752.65,51,7
"1137411",5159.62,58,8
"1137427",1128.12,50,7
"1137471",1128,59,11
"113750",1128.12,62,7
"1137524",1128.12,62,6
"1137564",13091.81,50,9
"1137581",4758.41,50,7
"1137613",1128.12,62,6
"113774",283.55,50,10
"113784",68,50,6
"1138137",2465.95,50,5
"1138140",21.29,50,5
"1138145",19.81,76,6
"1138196",91.91,68,8
"1138204",280.78,50,6
"1138279",1791.72,57,5
"1138290",1128,73,4
"1138319",1287.18,85,4
"1138361",595.53,62,7
"1138376",5447.51,73,4
"1138401",1128.12,50,6
"1138472",1128.12,50,7
"1138482",1330.91,50,5
"113850",1433.02,50,7
"1138518",1128.12,54,7
"113853",1128.12,76,6
"1138555",1128.12,50,7
"113859",228.11,51,4
"1138605",1128.12,58,7
"1138740",76.61,50,4
"113876",1128.12,71,6
"1138855",14.62,50,5
"113887",1128.12,156,6
"1138885",435.37,50,4
"1138921",151.36,50,5
"113894",1128.12,125,7
"1138966",5601.67,59,5
"1139032",1128,76,4
"1139071",1240.03,57,8
"1139118",1128,50,10
"1139366",385.57,50,6
"1139382",1011.93,50,5
"1139384",284.84,50,5
"1139417",1128,50,5
"1139423",1128.12,50,6
"1139433",4353.45,50,7
"1139440",199.61,55,12
"1139462",26.25,57,6
"1139465",1128.12,76,7
"1139486",3626.83,50,13
"113953",1128.12,112,6
"1139564",1239.95,60,7
"1139570",1128.12,102,8
"1139639",656.9,50,7
"113970",63.27,50,8
"1139710",1128.12,54,6
"1139756",913.07,85,5
"1139764",74.7,50,7
"1139802",1128.12,50,7
"1139827",1474.39,80,6
"113985",69.65,68,10
"1139887",1128,60,7
"1139910",533.6,50,5
"113997",1128.12,62,4
"1139972",1128,50,5
"1140000",1128.12,105,5
"1140008",135.19,50,5
"1140023",126.4,50,5
"1140127",1128,50,7
"1140170",120.27,50,5
"1140194",315.22,50,6
"1140230",1128,50,10
"1140294",1128,62,5
"1140302",1128.12,50,4
"1140308",725,50,5
"1140345",1128.12,95,6
"1140386",3131.63,54,6
"1140390",7551.98,85,10
"1140397",1128,50,6
"114053",1740.98,100,7
"1140554",4728.12,50,7
"1140624",1128.12,50,7
"1140625",76.22,50,7
"1140648",1128,50,6
"1140654",323.9,54,5
"1140712",1759.72,67,6
"1140790",1128.12,80,7
"1140796",1128.12,50,6
"1140806",1128.12,58,5
"1140813",2239.56,50,6
"114083",1128.12,50,11
"114088",1128.12,50,12
"1140888",2527.81,50,6
"1140899",1128.12,50,4
"1140927",1128,50,4
"1140936",287.81,50,5
"1140949",1218.31,50,7
"1140963",731.67,50,4
"1140999",1128,50,5
"1141092",1128,50,6
"1141104",3523.91,50,7
"1141142",1128,50,6
"1141144",2713.23,71,7
"1141184",1524.49,50,7
"1141257",161.85,62,5
"1141300",95.22,50,7
"1141307",1128,56,4
"1141318",1346.68,50,8
"1141323",1128,50,6
"1141333",65.9,72,7
"1141342",2256.25,50,8
"1141440",4765.56,68,6
"1141456",1128.12,73,4
"1141611",65.59,51,5
"1141635",560.78,85,6
"1141656",7145,67,4
"1141688",1128.12,50,10
"1141696",1128,50,13
"1141711",2256.12,72,8
"1141777",76.64,50,5
"1141804",1128.12,75,4
"1141812",80.29,50,5
"1141841",118.68,106,6
"1141875",1600.16,50,7
"1141907",959.71,50,5
"114198",1128.12,50,7
"1142082",1128,50,6
"1142129",71.65,80,7
"1142137",947.75,50,5
"1142145",4466.61,54,8
"1142146",2558.86,54,6
"1142175",76.63,50,8
"1142329",1171.02,69,5
"1142374",194.45,50,5
"1142408",1865.38,50,6
"1142461",1128.12,50,8
"1142519",1516.13,64,5
"1142520",4014.02,64,5
"1142577",247.76,51,5
"1142637",2681.56,50,6
"1142670",1634.37,68,7
"1142686",72.69,66,5
"1142735",1128,90,6
"1142754",150.41,52,5
"1142760",1128.12,100,5
"1142849",1128.12,50,5
"1142862",3076.11,50,5
"1142868",1128.12,68,8
"1142995",1681.07,50,4
"1143033",1128,50,5
"1143066",2256.24,83,5
"1143128",1128.12,50,8
"1143358",1128.12,90,7
"1143381",1340.21,51,6
"1143384",21494.43,106,5
"1143386",1507.09,54,11
"1143422",1128,50,7
"1143438",1128.12,50,10
"1143472",1128,52,7
"1143482",2502.92,54,4
"1143518",1964.16,50,8
"1143603",1128.12,77,7
"1143618",1051.77,57,6
"1143685",1128.12,50,4
"1143787",591.22,63,6
"1143950",649.54,50,7
"1144141",1128,60,7
"1144143",1128.12,57,10
"1144171",1128,50,5
"1144176",184.12,54,4
"1144204",1128,50,4
"1144224",2256.24,50,7
"1144259",1217.99,60,6
"1144297",1128.12,95,7
"1144299",1128,50,5
"1144323",1128,50,4
"1144371",1128.12,62,7
"1144381",1128.12,50,7
"1144398",3992.84,60,8
"1144451",1285.53,60,7
"1144492",609.8,62,6
"1144510",1128.12,56,6
"1144518",252.4,50,5
"1144524",567.7,50,6
"1144560",828.84,50,6
"1144611",65.78,53,9
"1144613",152.45,74,6
"1144653",1128,60,7
"1144662",85.97,72,7
"1144703",1128.12,50,7
"114478",805.88,80,5
"1144843",2256.12,60,11
"1144866",12.19,68,6
"1144929",1652.12,76,7
"1144958",338.39,55,11
"1145000",1128,76,4
"1145004",1128,50,5
"1145110",1128,58,7
"1145280",1128.12,80,8
"1145459",1459.25,50,6
"1145521",27.64,50,6
"1145557",849,64,4
"1145580",1128.12,57,6
"1145621",1128.12,57,8
"1145652",572.56,50,6
"1145654",1857.29,52,5
"1145661",1628.12,60,6
"114568",8169.67,80,5
"1145815",3353.98,83,7
"1145825",630.12,50,7
"114585",14.98,50,7
"1145859",1412.02,54,7
"1145871",1128,50,7
"1145888",1128.12,50,5
"1145924",1128,50,6
"1145974",574.24,71,9
"1146141",1105.27,50,5
"1146171",623.43,50,8
"1146198",2256.12,56,6
"1146211",1128,85,6
"1146220",948.43,62,7
"1146329",1128.12,50,4
"1146332",432.63,50,10
"1146344",1128,95,4
"1146465",2196.1,50,7
"1146481",1128.12,76,7
"1146539",1484.07,125,7
"1146641",1179.7,50,5
"1146672",1128,57,5
"1146710",403.58,50,5
"1146730",1128.12,50,11
"1146735",2302.57,62,7
"1147021",1128,62,8
"1147049",677.1,68,6
"1147089",1128.12,50,6
"1147117",2256.12,100,7
"1147147",2979.32,62,6
"1147161",18806.7,100,7
"1147195",213.21,50,5
"1147238",70.2,57,5
"1147310",1128.12,50,8
"1147318",788.08,62,6
"1147347",1067.14,50,4
"1147357",1128,50,7
"1147371",231.96,50,6
"1147376",1571.46,100,5
"1147410",1128.12,58,5
"1147461",1128.12,57,5
"1147487",66,51,10
"1147578",1014.61,55,6
"1147642",386.76,50,6
"1147707",1128.12,80,5
"1147773",564,93,7
"1147777",1128.12,50,7
"1148101",1128,76,7
"1148159",1128,62,8
"1148254",615.43,50,5
"1148299",1128,125,5
"1148308",601.65,50,7
"1148352",1128.12,50,8
"114849",1283.01,100,7
"1148527",327.62,50,7
"1148660",1128.12,90,6
"1148662",72.55,50,7
"1148801",2256.24,95,5
"1148883",1128.12,50,8
"1148946",1128.12,66,9
"1148949",2319.01,50,6
"1148969",834.78,50,6
"1149012",1128.12,50,5
"1149038",1128,73,6
"1149148",1128.12,63,4
"114918",2887.94,100,6
"1149213",564.06,56,11
"1149308",125.51,80,6
"1149310",1528.12,100,5
"1149328",78.66,50,7
"1149388",409.82,60,7
"1149452",1128.12,75,6
"1149503",562.62,50,6
"1149519",2565.21,80,7
"1149521",74.35,50,6
"1149579",1128.12,148,5
"1149635",1128,50,6
"1149710",69.29,60,6
"1149720",1128.12,52,4
"1149781",2133.55,50,11
"1149803",1589.31,50,7
"1149819",1128.12,63,6
"114983",1128.12,56,6
"1149943",1128.12,71,4
"1149972",132.94,50,10
"1150026",564,57,7
"1150031",72.93,64,5
"1150259",1074.53,58,5
"1150280",527.72,72,5
"1150329",835.27,125,4
"1150353",1128.12,72,7
"1150366",577.89,50,7
"1150382",1128.12,72,7
"1150432",261.38,54,5
"1150476",80.77,50,5
"1150500",1128.12,50,6
"1150531",1128,50,5
"1150643",1128,50,4
"1150655",2256.12,80,7
"1150772",1488.58,54,9
"1150809",1128.12,85,7
"1150810",1128,80,5
"1150821",1128.12,50,5
"1150859",1190.72,90,6
"1150880",1128.12,50,4
"1150883",48.13,60,4
"1150901",1128.12,50,10
"1150920",4544.29,60,4
"1151008",1617.41,50,7
"1151020",1855.08,62,5
"1151194",1128.12,50,5
"1151264",1128.12,50,4
"1151302",1203.58,56,8
"1151421",1128,50,10
"1151555",4814.05,76,8
"1151578",1128.12,57,5
"1151598",1128.12,95,7
"115165",2154.87,100,7
"1151659",1128,80,8
"1151669",328.44,54,7
"115178",1128.12,61,5
"1151799",6137.35,80,7
"1151820",1128,50,6
"1151857",1128.12,71,6
"1151863",422.82,57,4
"1151947",830.26,50,8
"1151966",591.5,77,7
"1151982",1048,50,7
"1151998",864.24,56,13
"1152016",16332.64,50,5
"115208",225.99,50,5
"1152120",1507.1,50,4
"1152198",13424.89,58,4
"1152202",1128.12,50,7
"1152206",1657.08,51,9
"1152280",529.12,50,7
"1152308",2120.36,50,4
"1152311",1128.12,76,7
"1152427",1128.12,85,6
"1152429",929.2,64,4
"1152447",1210.9,62,9
"1152465",909.98,76,4
"1152537",1128.12,63,5
"1152552",634.41,53,4
"1152635",1128.12,50,9
"1152734",1128,60,5
"1152755",2095.59,50,5
"1152757",1109.62,85,4
"1152906",1128.12,50,7
"1152969",1128.12,77,10
"1153133",1128.12,50,5
"1153200",78.97,50,8
"1153245",1128.12,50,5
"1153273",2283.48,50,6
"1153322",69.65,50,7
"115335",1128.12,85,6
"1153473",8.81,51,6
"1153523",944.02,63,6
"115353",936.5,85,7
"1153563",2345.89,50,5
"1153576",1286,50,5
"1153603",1128,53,4
"115361",1128.12,112,10
"1153654",1128,80,7
"1153675",564,63,4
"115372",1128.12,125,6
"1153764",1128.12,96,5
"115380",4391.96,72,10
"1153820",2301.34,64,5
"1153860",367.27,64,8
"1153864",675.91,64,7
"1153921",1128,60,11
"1153969",1097.97,76,6
"1154082",1403.15,50,6
"1154144",3527.68,62,7
"1154192",779.06,50,6
"1154335",5596.37,68,4
"1154336",1585.35,106,7
"1154363",31,50,7
"1154387",76.63,90,4
"1154472",1128,50,11
"1154481",4260.7,85,7
"1154494",1128,55,5
"1154693",459.89,50,6
"1154735",1128,106,5
"1154756",849.3,50,6
"1154811",1128,59,4
"1154824",423.53,72,5
"1154828",1909.17,72,6
"1154847",1128.12,58,7
"1154926",1128.12,50,7
"1154965",76.63,50,5
"1155005",1558.33,50,6
"1155051",1128.12,50,7
"1155059",1128,69,6
"1155076",1128.12,95,7
"1155089",428.17,83,7
"1155243",870.47,50,9
"1155276",1128.12,76,7
"1155289",475.65,50,8
"1155303",1398.7,80,5
"1155380",1128.12,50,10
"1155433",1128,50,9
"1155460",90.59,85,5
"115548",1128.12,125,5
"1155513",1128.12,50,8
"1155547",4429.32,99,4
"1155644",356.81,57,5
"1155691",1128.12,95,7
"1155728",75.94,68,14
"1155770",62.94,53,4
"1155804",1128.12,50,5
"1155885",1128.12,55,4
"1155892",1128.12,76,5
"1155904",10122.62,55,8
"1155906",343.36,50,7
"1155908",564.06,50,7
"1155919",1128,60,5
"1155978",1695.95,50,6
"1156037",788.1,54,5
"1156057",2602.85,54,5
"1156066",79.42,51,6
"1156086",826.69,50,6
"1156115",3744.56,77,6
"1156136",1128.12,50,7
"1156145",1128,50,4
"1156154",1128.12,50,8
"115621",1128.12,76,6
"1156293",1128.12,50,7
"1156305",392.73,60,5
"1156314",1893.34,50,11
"1156377",67.39,60,4
"1156426",1128.12,50,6
"1156448",1128,75,6
"1156773",4318.26,76,5
"1156833",1128.12,148,4
"1156849",3978.44,62,6
"1156850",913.58,62,6
"1156857",1128.12,50,5
"1156890",969.46,50,10
"1156942",1128.12,72,5
"1157020",499.58,95,5
"1157126",1128.12,68,10
"1157141",4381.83,57,4
"1157180",1128.12,85,7
"1157225",1128,58,6
"1157310",2080.85,68,13
"1157313",281.7,64,5
"1157391",1128.12,50,10
"1157457",638.73,50,7
"1157485",4241.98,50,7
"1157494",824.73,52,10
"1157508",3769.25,90,6
"1157522",879.16,85,7
"1157589",859.81,54,7
"1157603",1128,50,6
"1157701",165.12,90,5
"1157708",1128.12,50,10
"1157752",1061.48,85,6
"1157775",1149.29,51,4
"1157866",1441.65,50,7
"1157879",1049.48,56,5
"1157895",385.13,50,8
"1158068",1128.12,50,6
"1158106",1128.12,61,8
"1158135",5463.12,54,7
"1158171",987.58,50,7
"1158239",1128.12,50,4
"1158397",1585.47,50,5
"1158433",1128,62,6
"1158488",1128,95,7
"1158561",91.64,112,6
"1158671",1200.42,50,7
"1158673",2010.76,72,6
"1158677",72.02,50,7
"1158694",67.45,76,7
"1158707",1128.12,50,7
"1158712",2256.24,58,10
"1158720",1128.12,50,5
"1158734",830.38,60,6
"1158765",284.49,50,6
"1159114",138.99,50,11
"1159200",78.4,64,4
"1159231",524,50,6
"1159239",1128.12,64,11
"1159286",1128,50,8
"1159323",1092.83,68,6
"1159328",358.7,50,7
"1159491",1580.57,58,4
"1159493",862.04,90,8
"1159500",1259.84,72,6
"1159551",1128.12,62,9
"1159557",1128.12,58,6
"1159601",1128.12,85,6
"1159613",1128.12,95,5
"1159725",1128.12,50,5
"1159733",1128.12,71,6
"1159764",1128,55,4
"1159825",583.43,50,5
"1159883",1128,50,4
"1159900",1351.73,50,5
"1159938",1128.12,90,5
"1159947",83.85,50,7
"1159951",1524.49,50,6
"1159973",52.52,50,4
"1160000",1128,72,10
"1160005",668.26,72,5
"1160032",1128.12,62,6
"1160045",74,50,4
"1160152",550.55,125,7
"1160163",2629.3,50,4
"1160176",1128,50,10
"1160214",564.06,50,7
"1160217",7234.35,77,11
"1160247",134.64,50,6
"1160301",1128,71,11
"1160375",788.31,50,4
"1160396",1361.46,50,7
"1160421",1128,58,7
"1160542",2256.24,93,5
"1160638",1128,80,6
"1160645",302.06,50,5
"1160651",7592.43,50,10
"1160658",237.86,60,5
"1160724",1128.12,50,5
"1160768",4761.68,77,6
"1160771",461.56,50,7
"1160779",1128.12,58,7
"1160785",2256.24,50,4
"1160795",5416.85,50,7
"1160810",3775.35,85,4
"1160881",77.19,57,6
"1160915",1060.61,74,5
"1160975",1128,85,8
"1161048",1128.12,118,6
"1161177",272.26,50,6
"1161183",36.47,50,9
"1161185",1007.35,62,4
"1161205",1128.12,75,6
"1161207",3540.57,55,6
"1161295",14871.57,90,5
"1161342",1471.17,50,7
"1161413",2256.12,62,7
"1161432",1292.88,50,10
"1161533",1128,75,7
"1161551",1714.32,64,6
"1161589",1128,140,4
"1161634",1128,50,5
"1161649",9964.39,72,6
"1161725",2423.45,72,10
"1161771",321.42,50,11
"1161805",1128,50,6
"1161813",1356.79,55,6
"1161833",1128,50,9
"1161839",99.55,100,7
"116185",4118.38,50,9
"116188",1128.12,50,4
"1161884",26.63,50,6
"1161900",744.88,50,7
"1161931",1128.12,50,6
"1162042",1128.12,57,6
"1162046",1128.12,64,6
"1162205",1128.12,112,6
"1162253",2777.35,56,4
"1162295",430.02,78,9
"1162378",1783.65,50,7
"1162418",1128.12,65,4
"1162443",118.5,112,5
"1162530",1128,85,9
"1162535",70.78,50,7
"1162542",564.06,50,7
"1162558",1128,90,9
"1162597",240.69,58,5
"1162621",1524.49,52,4
"1162652",1382.71,72,6
"1162656",1128,90,5
"1162669",365.76,95,6
"1162674",1128.12,74,4
"1162685",1128,100,6
"1162784",804.31,71,7
"1162794",133.96,50,7
"1162802",645.01,90,7
"1162870",1128.12,70,7
"116295",1848.94,76,9
"1162967",1128,96,5
"1162975",1128,50,9
"1162983",699.61,50,4
"1163049",487.84,86,8
"1163066",2256.12,78,11
"1163126",145.89,68,5
"1163188",642.58,50,7
"1163198",1647.84,60,5
"1163216",153.16,51,7
"1163295",1128,50,7
"1163347",1128,50,7
"1163426",1128,72,7
"1163437",90.1,60,6
"1163458",1128.12,64,7
"1163542",51857.75,112,6
"1163564",368.7,50,5
"1163566",3304,106,6
"1163617",1128,50,4
"1163778",1128,52,4
"1163783",667.75,62,9
"116381",579.17,50,4
"1163825",1496.79,58,7
"116387",1128.12,125,4
"1163870",1128,50,4
"1163909",1205.72,50,9
"1163926",65.97,50,6
"1163994",1128.12,50,6
"1164114",2639.7,50,7
"1164147",3637.86,50,6
"1164180",1128,62,7
"1164212",2256,57,7
"1164329",91.66,62,7
"1164339",1128.12,76,7
"116434",1128.12,51,5
"116435",1128.12,78,6
"1164352",77.48,51,5
"1164417",65.64,50,5
"1164445",1128,50,8
"1164530",1128.12,50,5
"1164556",237.73,90,6
"116458",1128.12,148,8
"1164582",1128,62,10
"1164660",1128,58,5
"1164662",1426.08,54,5
"1164710",1128.12,60,10
"1164731",1128,50,5
"1164754",1128.12,68,5
"116476",1128.12,63,6
"1164779",1128,50,4
"1164792",516.63,52,10
"1164836",2032.86,64,7
"1164844",1273.44,50,5
"1164856",1128.12,63,7
"1164888",79.56,62,7
"1164940",72.93,50,6
"1164984",2256.24,62,9
"1165019",1128.12,100,4
"1165091",2652.61,67,8
"1165142",72.57,90,4
"1165149",519.14,64,6
"1165168",54.28,64,5
"1165194",335.63,90,7
"1165224",337.82,72,4
"1165276",1128,72,6
"116528",1128.12,68,5
"1165313",491.34,72,4
"116532",1128.12,58,8
"1165338",42.86,50,4
"1165351",139.26,50,8
"1165378",835.82,50,4
"116538",2028.84,50,5
"1165419",1128,76,7
"1165462",79.55,50,6
"1165467",1128.12,54,7
"116557",1542.52,50,9
"1165579",1029.51,75,5
"116561",1128.12,50,6
"116570",642.33,50,4
"1165746",1910.96,76,7
"1165775",1128,51,5
"1165852",567.52,76,6
"1165859",1128.12,62,5
"1165952",1920.56,50,7
"1165955",1128.12,71,5
"1165969",1128.12,73,6
"1166008",1018.8,50,6
"1166039",71.65,50,6
"1166070",85.59,95,5
"1166097",1128,50,6
"1166104",413.86,56,4
"1166179",179.55,50,7
"1166223",564.06,55,8
"1166298",1128.12,112,7
"1166336",3259.04,72,6
"1166352",2896.53,60,7
"1166361",1944.84,50,6
"1166389",1128,54,6
"1166428",76.94,50,6
"1166463",2666,55,7
"1166476",564,60,6
"1166670",1128.12,106,6
"1166674",1128.12,52,5
"1166712",1128.12,52,7
"1166728",1128,50,6
"1166797",228.67,67,6
"1166802",874.01,57,7
"1166864",1128.12,60,7
"1166884",1128,58,4
"1166951",1314.89,50,7
"1166957",519.09,76,4
"1166958",4915.91,95,7
"1167109",1128.12,112,5
"1167250",1435.31,54,4
"1167341",1128.12,90,4
"1167360",1128.12,50,5
"1167364",32.82,50,5
"1167367",1441.13,50,9
"1167401",1128.12,52,4
"1167470",1280.02,50,7
"1167475",479.76,50,8
"1167484",1128.12,95,6
"1167555",1128.12,50,6
"1167590",1128.12,79,10
"1167620",418.48,50,6
"1167633",2082.04,68,6
"1167638",5.79,60,7
"1167721",1128.12,50,4
"1167753",103.73,51,8
"1167786",464.35,85,5
"1167804",1128,112,6
"1167859",2128.53,50,4
"1167966",96.24,50,5
"1168011",1128.12,140,6
"1168060",1524.49,50,6
"1168072",1128,50,9
"1168106",615.19,85,6
"1168143",1128,85,7
"1168153",1695.82,64,7
"1168202",2411.65,76,5
"1168238",1128.12,85,4
"1168278",1900.79,77,8
"1168552",1128.12,50,10
"1168561",1128.12,58,6
"1168571",1128,50,7
"1168575",701.27,56,5
"116879",1128.12,100,7
"1168793",1128.12,95,6
"1168866",1194.7,50,6
"1168872",1128.12,54,7
"1168926",2827.65,76,5
"1169006",60.09,67,5
"1169013",1075.68,50,8
"1169149",1128.12,85,6
"1169190",1128.12,80,4
"1169200",115.51,67,4
"1169232",63.82,50,7
"1169238",994.46,50,6
"1169285",77.67,57,5
"1169314",1822.01,72,5
"1169404",1128.12,90,7
"1169462",564,50,6
"1169486",97.79,58,10
"1169502",2583.45,53,6
"1169591",1128,95,11
"1169644",620.84,67,6
"1169705",308.92,77,7
"1169761",73.52,50,6
"1169847",47.2,76,4
"1169853",1128.12,53,8
"1169876",1128,70,6
"1169901",1128,50,4
"1169920",130.66,95,7
"1169947",380.11,72,6
"1169972",1128,100,8
"1170123",1128.12,62,4
"1170174",73.53,112,10
"1170203",1204.58,72,6
"1170241",649.37,50,4
"1170248",1128.12,50,6
"1170271",411,50,8
"1170278",927.21,54,7
"1170485",1128.12,50,6
"1170531",279.75,71,6
"1170545",152.45,50,6
"1170565",2125.68,64,5
"1170590",1128,71,12
"1170598",740.88,50,12
"1170743",1128.12,76,5
"1170781",1128.12,50,7
"1170795",534.99,50,7
"1170810",733.66,57,4
"1170895",1128.12,100,6
"1170950",558.34,50,8
"1170956",1128.12,51,6
"1170992",1128.12,68,6
"1171016",1128,76,5
"1171061",2966.61,50,6
"1171111",4052.09,55,6
"1171117",1128.12,62,5
"1171119",1128,50,6
"1171129",627.16,50,5
"1171205",4520.61,80,6
"1171304",1128,85,7
"1171342",1128.12,76,4
"1171363",1128,50,6
"1171403",1128.12,50,11
"1171508",1128,55,5
"1171537",708.58,50,5
"1171540",1128.12,118,4
"1171542",1128.12,50,6
"1171656",5701.59,50,7
"1171679",1128.12,64,5
"1171837",1295.81,54,5
"1171887",701.36,59,7
"1171939",118.51,80,10
"1171997",1128.12,106,6
"1172037",2667.86,58,6
"1172062",79.55,54,5
"1172067",2014.48,57,5
"117207",1128.12,106,4
"1172074",1128.12,67,7
"1172075",1128,83,4
"1172085",1128.12,100,4
"1172089",79.55,62,6
"1172098",3753.92,52,6
"1172223",1128,50,6
"117223",792.67,63,5
"1172256",1128,50,9
"1172266",1128.12,50,9
"1172296",337.66,50,7
"1172329",69.07,51,6
"1172647",1128.12,53,8
"1172738",1128.12,50,5
"1172756",1948.55,80,5
"117286",1128.12,68,4
"1172893",20034.96,50,7
"1172901",163.61,50,5
"1172909",235.3,50,7
"1172920",1128.12,50,6
"1172947",1281,95,9
"1172958",1128,50,5
"1173031",257.14,50,10
"1173047",68.44,57,6
"1173075",3761.41,52,4
"1173096",1079.18,50,7
"1173132",57.79,60,10
"1173174",1128.12,72,9
"1173272",1128.12,50,11
"1173293",1814.67,54,6
"1173301",312.22,73,5
"1173340",176.15,85,5
"1173345",2396.61,76,5
"1173357",9802.75,50,7
"1173517",1033.53,118,6
"1173557",1128,50,8
"1173590",1128,72,4
"1173632",164.79,50,9
"1173644",1293.28,50,7
"1173684",1484.03,50,6
"1173745",1716.95,57,5
"1173770",1384.1,51,7
"1173841",5984.85,80,6
"117386",1128.12,50,5
"1173875",1128.12,50,6
"117393",7793.63,61,5
"1173968",1128,118,11
"1173999",1128.12,62,7
"1174044",331.44,54,6
"1174110",72.8,50,10
"1174212",67.44,50,11
"1174238",1128,90,5
"1174299",70.67,51,7
"1174356",1175.92,50,6
"1174358",178.26,50,7
"1174421",1989.66,62,4
"1174425",1411.92,85,4
"1174457",208.14,50,11
"1174560",1128.12,62,9
"1174563",203.75,52,4
"1174572",1128.12,125,5
"1174663",1128.12,76,9
"1174691",472.31,76,8
"1174724",1128.12,95,7
"1174742",1403.47,50,6
"1174756",1128.12,65,9
"1174789",1128.12,62,7
"1174811",1128.12,62,6
"1174931",200,50,11
"1174984",9500,62,5
"1175031",1171.81,50,6
"1175037",444.53,50,6
"1175059",1128,50,8
"1175097",2381.05,50,10
"1175109",1128.12,62,9
"1175139",296.52,95,7
"1175282",171.52,50,5
"1175344",1128,62,6
"1175350",1128,50,7
"1175353",27.71,50,7
"1175376",86.39,50,4
"1175389",1128,58,5
"1175402",576.27,53,5
"1175510",52.91,50,10
"1175558",703.83,53,7
"1175601",143.36,53,7
"1175604",1128.12,85,5
"1175626",284.04,50,6
"1175739",1128.12,95,4
"1175788",1128.12,69,4
"1175797",76.59,50,11
"1175840",63.82,76,4
"117591",361.25,100,13
"1176001",1128,50,6
"1176009",1128.12,58,9
"1176024",1128.12,50,9
"1176037",2787.19,50,4
"1176052",1128,85,6
"1176070",6300.33,64,6
"1176090",1455.72,50,7
"1176097",42.71,50,5
"1176113",182.94,90,6
"1176124",1128,62,6
"1176132",1128.12,93,7
"1176150",1128.12,58,6
"1176168",366.15,55,7
"1176249",254.17,50,6
"1176264",1128.12,90,5
"1176298",1128.12,62,7
"1176351",1456.53,65,6
"1176376",6413.3,90,5
"1176406",907.36,50,5
"1176408",1384.92,50,6
"1176422",1241.53,58,7
"1176427",1128,50,6
"1176467",1128.12,50,9
"1176501",1128,50,7
"1176504",1807.03,76,9
"1176545",1128,72,6
"1176566",1128.12,62,4
"1176582",1128.12,50,6
"1176592",1128,85,4
"1176613",2914.98,90,7
"1176624",6635.45,72,6
"1176631",1128.12,64,7
"1176655",101.13,64,4
"1176674",1505.65,67,5
"1176707",1128.12,58,4
"1176729",1128.12,77,4
"1176741",2379.42,50,5
"1176746",922.36,60,6
"1176759",2027.99,57,7
"1176790",1128.12,58,4
"1176839",1906.56,68,5
"1176844",1128.12,60,7
"1176858",1478.34,70,4
"1176903",72.94,50,8
"1176931",199.4,50,6
"1176976",1128,72,5
"1176991",1128.12,50,6
"1176992",2469.42,50,5
"1177020",76.63,62,4
"1177031",69.29,95,4
"1177049",1388.24,50,4
"1177067",83.85,50,7
"1177078",7208.85,50,5
"1177088",3059.8,50,6
"1177094",598.3,72,5
"1177177",445.18,50,5
"1177192",1128.12,50,6
"1177223",239.37,64,6
"1177237",641.76,50,6
"1177253",2066.51,58,4
"1177322",28614.67,95,5
"1177328",1128,50,11
"1177355",111.94,50,7
"1177363",1128,55,10
"1177489",1128.12,50,4
"1177548",761.31,50,5
"1177558",1128.12,72,6
"1177597",1128.12,50,7
"1177747",1128.12,50,5
"1177766",1128.12,72,6
"1177794",1128.12,69,6
"1177885",1128,80,4
"1177938",1128.12,52,6
"1177940",1128.12,52,6
"1177968",1690.92,50,6
"1178038",1933.64,71,4
"1178110",1128,65,4
"1178135",1128.12,58,13
"1178170",1128.12,77,10
"1178189",2704.66,50,5
"1178204",1128.12,50,4
"1178221",1128.12,52,4
"1178268",1711.64,50,7
"1178316",2343.38,58,6
"1178325",1628.21,95,6
"1178333",671.27,55,5
"1178335",3408.68,100,5
"1178349",1128.12,50,5
"1178389",735.55,112,6
"1178433",63.86,68,6
"1178470",1128.12,55,11
"1178474",1905.57,62,4
"1178531",1760.73,60,6
"1178546",657.18,51,6
"1178549",89.82,50,6
"1178559",1128,50,4
"1178586",752.17,50,6
"1178614",1128.12,62,5
"1178616",73.84,95,7
"1178680",4150.88,50,5
"1178691",430.09,50,6
"1178694",3164.83,52,6
"1178704",1520.37,55,7
"1178750",522.43,59,5
"1178796",2256.12,85,5
"1178819",1128.12,50,4
"1178834",1497.88,50,4
"1178846",1160,58,5
"1178852",3157.17,50,7
"1178856",440.33,75,9
"1178895",1470.51,62,5
"1178934",1494.29,73,5
"1178952",1128.12,50,6
"1178977",1128.12,62,5
"1178984",1225.95,50,4
"1179004",268.98,68,7
"1179022",1128,72,6
"1179051",1128.12,50,6
"1179070",1558.3,72,7
"1179077",1128,52,6
"1179082",849.81,57,11
"1179086",2256.24,58,6
"1179145",1350.14,112,5
"1179149",222.88,90,5
"1179150",107.15,51,7
"1179168",1128,52,7
"1179171",2925.23,50,7
"1179182",1808.27,62,4
"1179190",1886.8,75,4
"1179205",1128.12,58,4
"1179227",1415.46,76,6
"1179241",1128,100,4
"1179248",1428,50,10
"1179250",1128.12,100,7
"1179270",1128.12,125,5
"1179295",1943.27,50,7
"1179298",1652.12,72,7
"1179305",1128,50,4
"1179345",1128,50,5
"1179358",80.9,95,5
"1179370",75.47,50,8
"1179379",10407.07,90,6
"1179400",5279.93,64,14
"1179401",564,76,6
"1179405",782.85,50,7
"1179409",584.8,56,6
"1179427",1098.73,50,5
"1179428",1128,80,9
"1179437",1128,50,6
"1179454",1128,55,6
"1179480",1806.32,50,6
"1179536",70.64,62,6
"1179569",264.49,50,4
"1179582",9700,112,5
"1179586",1169.96,50,6
"1179596",1128,55,6
"1179606",666.99,95,6
"1179622",1128,95,7
"1179654",74.45,112,4
"1179656",1313.72,72,6
"1179660",518.48,76,8
"1179717",15000,57,6
"1179723",126.72,85,5
"1179748",5000,72,6
"1179878",254.25,50,4
"1179933",1129.9,50,8
"1179937",431.21,50,4
"1180024",67.42,60,5
"1180027",2359.27,68,7
"1180084",953.36,58,6
"1180131",1409.99,50,9
"1180151",319.06,50,4
"1180168",1397.04,55,6
"1180228",1538.07,85,6
"1180251",1882.49,50,8
"1180278",3895.8,106,6
"1180318",2494.04,57,10
"1180436",2812.8,53,7
"1180442",1938.94,76,6
"1180472",1659.58,50,7
"1180480",2401.17,50,6
"1180543",788.05,85,5
"1180578",752.88,51,6
"1180594",92.99,50,4
"1180597",3000,80,4
"1180610",6860.21,50,4
"1180636",4839.91,50,6
"1180690",1524.49,50,7
"1180713",931.52,50,8
"1180781",6734.3,50,5
"1180782",374.31,50,8
"1180802",3359.82,76,5
"1180811",121.96,85,6
"1180812",1942.28,72,6
"1180879",1431.8,56,5
"1180881",2691.19,95,4
"1180892",186.89,60,6
"1180898",738.92,76,7
"1180905",550.53,85,5
"1180917",533.94,85,6
"1180918",1056.17,95,5
"1181017",4370.72,50,5
"1181044",6860.21,50,5
"1181068",2323.33,72,5
"1181119",2094.95,125,7
"1181182",1083.42,68,10
"1181183",369,68,4
"1181191",5613.02,64,5
"1181317",4326.29,55,8
"1181329",206,64,11
"1181332",2612.22,90,7
"1181355",2082.96,90,7
"1181387",3456.07,50,6
"1181394",4917.82,62,9
"1181459",1613.32,50,4
"1181498",1139.71,72,6
"1181517",1356.46,72,4
"1181523",1568.06,68,8
"1181567",2358.01,68,9
"1181588",2836.74,50,7
"1181592",453.81,50,6
"1181606",3826.38,59,7
"1181611",80.22,50,10
"1181616",685.72,50,5
"1181640",3942.76,72,7
"1181655",695.02,60,4
"1181656",1795.61,50,5
"1181678",20000,64,7
"1181688",2226.19,50,7
"1181710",6860.21,57,5
"1181716",1008.7,100,5
"1181772",2740.39,72,5
"1181787",1786.64,100,9
"1181813",74.45,76,6
"1181878",2458.69,76,7
"1181883",77.29,85,7
"1181896",69.53,50,6
"1181906",357.09,57,6
"1181933",1072.26,112,7
"1181949",514.6,50,6
"1181960",1524.49,85,6
"1182023",844.07,85,6
"1182029",6514.24,61,7
"1182054",11172.1,76,4
"1182106",12000,50,10
"1182146",69.29,118,5
"1182150",3800,50,6
"1182173",4718.02,50,6
"118220",657.43,50,10
"1182205",3000,64,7
"1182246",3596.75,50,5
"1182255",1459.16,50,6
"1182288",661.12,50,7
"1182289",990.19,50,5
"1182318",1511.19,80,5
"1182346",989.53,95,5
"1182348",1769.92,50,6
"1182379",1500,64,6
"1182407",2149.87,90,7
"1182491",480.89,72,9
"1182501",1679.74,72,7
"1182521",354.53,50,12
"1182556",5057.23,50,5
"1182591",864.51,72,6
"1182604",1500,57,5
"1182606",69.5,55,7
"1182629",1411.27,50,4
"1182697",1230.47,50,7
"1182706",65.82,83,4
"1182717",283.98,50,6
"1182725",1386.94,80,7
"1182750",456.74,50,4
"1182782",678.56,62,6
"1182874",792.95,50,7
"1182908",234.55,62,10
"1182911",1555.4,80,7
"1182929",1653.4,72,4
"1182955",483.82,72,5
"1182957",842.87,90,7
"1182958",68.45,76,7
"1182977",1834.98,80,9
"1182985",1103.66,50,7
"1183029",757.41,57,8
"1183043",1602.64,65,4
"1183102",2548.95,68,4
"1183142",3000,50,12
"1183146",344.45,58,5
"1183181",1935.6,83,7
"1183244",9260.57,90,6
"1183265",1662.53,50,7
"1183303",973.9,71,10
"1183308",1757.88,71,11
"1183324",1331.43,57,8
"1183393",558.63,50,6
"1183406",354.2,62,4
"1183434",705.02,72,5
"1183461",179.19,50,6
"1183462",1866.36,80,7
"1183487",810.64,85,5
"1183506",1565.83,60,6
"1183526",1072.48,50,5
"1183531",100.1,76,6
"1183582",2305.03,50,9
"1183585",845.81,50,9
"1183616",812.35,50,7
"1183625",1500,50,7
"1183626",4043.67,58,5
"1183671",2421.14,50,7
"1183688",2058.06,90,10
"1183701",295.02,80,7
"1183718",4000,50,7
"1183746",12479.75,85,6
"1183751",3247.24,83,5
"1183754",912.54,76,6
"1183758",72.93,50,7
"1183776",1600.12,50,9
"1183837",503.21,50,9
"1183887",1258.01,60,5
"1183892",730.25,58,8
"1183923",2295.33,68,7
"1183925",368.01,50,9
"1183982",905.29,54,5
"1183988",480.57,59,4
"1184070",3885.28,68,4
"1184117",753.19,50,5
"1184122",69.51,57,9
"1184151",354.23,50,15
"1184221",624.36,76,6
"1184280",245.27,50,4
"1184330",2556.43,72,5
"1184333",1104.67,50,8
"1184595",728.26,90,5
"1184627",2076.15,75,9
"1184648",4138.64,67,5
"1184673",1856.66,50,8
"1184690",817.44,76,7
"1184696",2090.73,112,4
"1184712",538.68,50,7
"1184717",1006.35,77,7
"1184756",2357.45,50,4
"1184773",907.1,50,5
"1184779",682.82,50,6
"1184801",1282.98,57,6
"1184803",670.61,80,4
"1184866",1595.46,57,6
"1184881",1100.56,80,7
"1184887",1833.96,50,7
"1184902",1011.79,64,8
"1184965",362.9,50,6
"1185035",725.28,50,6
"1185044",80.22,100,6
"1185046",492.32,50,13
"1185059",1600.3,52,6
"1185083",69.5,57,7
"1185098",1528.49,76,9
"1185177",2920.67,67,8
"1185193",4400,72,8
"1185260",271.36,50,6
"1185271",1469.51,72,6
"1185288",231.21,57,6
"1185344",2031.57,50,6
"1185351",580.86,64,9
"1185363",1886.78,95,5
"1185378",2456.22,72,7
"1185403",300.53,50,6
"1185417",1271.11,72,12
"1185427",800,72,6
"1185529",316.1,57,5
"1185553",5832.39,57,5
"1185579",1836.38,50,4
"1185616",7040.79,51,4
"1185621",6485.94,80,8
"1185625",1453.86,64,7
"1185663",931.73,80,7
"1185690",69.51,112,7
"1185711",651.91,72,6
"1185731",1875.66,62,5
"1185744",3874.96,51,6
"1185752",825.48,50,7
"1185755",1500,80,7
"1185759",2060.48,50,6
"1185779",8488.59,62,7
"1185786",203.31,80,4
"1185818",323.31,60,9
"1185883",539.97,50,6
"1185909",290.22,54,4
"1185926",349.37,90,9
"1185944",899.18,50,4
"1185963",1638.33,50,6
"1185972",426.86,54,6
"1186032",613.63,66,8
"1186078",730.13,59,4
"1186095",6800,50,6
"1186096",589.86,90,4
"1186099",3052.42,64,5
"1186116",1380.65,72,4
"1186172",590.74,50,12
"1186178",1796.65,50,11
"1186184",688.85,90,9
"1186191",2051.98,50,5
"1186195",563.5,50,7
"1186266",71.64,51,6
"1186304",7000,50,5
"1186331",1353.83,50,7
"1186344",794.83,64,9
"1186355",510.08,50,8
"1186366",2051.19,50,5
"1186380",5103.64,76,6
"1186385",180.83,64,4
"1186405",709.11,50,5
"1186425",181.02,51,5
"1186432",73.66,51,6
"1186435",1958.09,90,5
"1186462",1147.18,60,4
"1186479",1462.7,76,4
"1186480",1905.61,83,6
"1186509",1030.26,50,6
"1186525",519.13,50,7
"1186544",597.2,56,4
"1186565",2269.32,106,6
"1186570",902.91,50,7
"1186642",1200,88,5
"1186664",2169.63,50,6
"1186681",3656.58,85,4
"1186738",223.84,68,6
"1186742",676.76,85,7
"1186749",250,66,5
"1186763",1238.74,68,7
"1186778",80.22,72,6
"1186793",2043.12,71,6
"1186800",651.93,60,7
"1186839",674.1,50,6
"1186848",905,51,9
"1186852",1500,57,6
"1186870",84.42,74,5
"1186874",211.76,70,4
"1186880",95.36,50,6
"1186931",1806.3,50,6
"1186988",295.82,50,7
"1187001",2157.53,58,7
"1187007",583.62,64,5
"1187011",138.76,50,4
"1187035",2590.43,50,7
"1187041",1373.66,50,6
"1187063",2191.31,60,5
"1187067",491.72,58,6
"1187088",1203.7,72,6
"1187092",185.4,68,5
"1187093",1189.9,50,4
"1187103",2613.85,54,6
"1187105",3402.94,100,6
"1187247",7000,50,9
"1187281",1500,50,10
"1187285",6156.66,100,6
"1187326",258.36,52,5
"1187328",1051.83,50,7
"1187339",1747.65,50,7
"1187371",1914.48,80,5
"1187386",1500,76,4
"1187414",785.95,100,5
"1187448",2784.21,54,6
"1187469",1590.96,57,9
"1187475",382.19,50,4
"1187573",629.49,72,10
"1187575",1385.33,50,4
"1187587",1354.81,64,6
"1187608",1215.08,56,8
"1187661",443.38,50,7
"1187685",83,62,6
"1187689",455.94,68,7
"1187696",222.06,50,5
"1187705",391.65,51,7
"1187790",2918.12,50,7
"1187860",1555.66,50,4
"1187905",10796.05,60,8
"1187909",75.11,50,6
"1187950",664.46,50,7
"1187975",1531.8,66,6
"1188053",1570.49,75,7
"1188085",2767.52,67,9
"1188137",1275.11,85,9
"1188138",9064.65,50,7
"1188146",1415.02,50,6
"1188212",1681.45,80,7
"1188233",1212.29,50,9
"1188267",1109.44,59,6
"1188280",742,72,5
"1188339",357.37,52,7
"1188350",2029.35,71,6
"1188572",1618.31,64,11
"1188600",1590.36,62,7
"1188607",958.58,57,8
"1188609",1021.76,68,7
"1188631",1244.55,68,4
"1188642",867.71,50,7
"1188670",1718.81,54,6
"118870",647.92,50,6
"1188702",2438.82,50,12
"1188708",68700,76,8
"1188710",858.16,50,6
"1188724",1311.04,63,8
"1188726",992.1,90,4
"1188747",1073.24,72,8
"1188755",812.05,72,7
"1188784",77.49,50,6
"1188811",1361.5,50,7
"1188815",11191.87,50,7
"1188843",1589.55,63,5
"1188844",4916,101,6
"1188962",15104.75,90,7
"1188980",570.82,50,10
"1189019",225.38,64,6
"1189033",507.24,50,4
"1189062",2303.28,100,5
"1189072",1033.18,76,4
"1189093",2359.65,50,6
"1189122",271.04,50,5
"1189146",1500,90,6
"1189149",904.41,80,7
"1189164",1086.79,66,6
"118924",69.65,50,7
"1189255",844.09,85,6
"1189368",1500,50,10
"1189378",1104.82,64,5
"1189388",1638.42,85,5
"1189471",1202.41,50,4
"1189485",974.42,50,4
"1189500",1500,63,12
"1189505",45000,50,12
"1189539",10000,100,5
"1189540",1215.17,50,7
"1189553",6693.26,64,7
"1189555",457.48,50,5
"1189586",2653.13,85,4
"1189613",316.22,72,4
"1189757",1077.84,57,7
"118982",3235.43,100,9
"1189839",2233.67,90,5
"1189841",2774.09,50,7
"1189849",907.58,50,5
"1189859",2806.79,95,7
"1189882",617.75,76,4
"1189908",1517.46,68,9
"1189915",5082.38,54,5
"1189982",83.72,50,9
"1189984",769.47,100,4
"1190073",1915.02,50,7
"1190098",1549.25,100,5
"1190114",71.76,50,7
"1190125",415.16,54,5
"1190133",2096.75,58,5
"1190140",313,68,8
"1190155",498.97,70,8
"1190157",4666.65,50,7
"1190181",824.21,64,6
"1190198",1030.9,80,14
"1190208",1900.26,64,6
"1190233",28650,50,11
"1190234",1500,80,6
"1190267",2449.27,62,7
"1190271",73.66,50,7
"1190273",892.98,50,11
"1190290",1038.53,72,6
"1190323",514.96,50,5
"1190363",902.23,50,10
"1190373",618.97,76,6
"1190396",104.42,64,14
"1190406",2199.39,50,10
"1190499",2200,51,6
"1190504",591.12,50,5
"1190521",809.72,54,6
"1190533",637.48,50,5
"1190537",1297.4,50,6
"1190549",778.5,50,11
"1190579",679.69,58,4
"1190640",1442.41,57,6
"1190692",3027.25,57,4
"1190700",1134.37,50,4
"1190732",750.78,50,6
"1190737",4274.66,59,7
"1190787",631.82,50,7
"1190790",1182.06,50,6
"1190808",261.88,64,10
"1190812",1275.51,56,6
"1190826",2508.24,50,5
"1190855",548.52,50,4
"1190871",12.02,64,10
"1190874",716.71,57,9
"1190907",1069.41,50,7
"1190919",297.45,85,5
"1190927",1943.42,50,6
"1190948",565.75,60,7
"1190962",737.35,60,6
"1190978",559.17,50,5
"1190984",692.71,90,7
"1191037",1985.54,60,5
"1191039",587.89,85,6
"1191063",1515.36,95,5
"1191096",6000,50,5
"1191103",3687.17,50,7
"1191136",80.73,80,6
"1191183",22000,64,14
"1191226",450.66,50,4
"1191310",438.24,50,5
"1191329",700.41,50,10
"1191340",716.88,55,6
"1191401",527.71,50,10
"1191415",858.83,50,5
"1191429",1774.05,50,5
"1191443",135.84,85,4
"1191454",458.81,50,6
"1191466",2082.96,50,7
"1191481",2788.16,72,6
"1191486",7000,57,6
"1191519",4531.49,90,8
"1191558",2974.13,64,7
"1191675",1404.26,118,6
"1191714",290.81,76,4
"1191984",518.73,50,4
"1191990",1194.92,72,10
"1192041",293.56,60,11
"1192240",265.08,60,9
"1192268",1908.07,55,5
"1192305",745.52,68,8
"1192325",810.7,50,7
"1192335",272.84,72,6
"1192349",531.18,60,10
"1192374",50.12,54,7
"1192393",2024.48,85,9
"1192398",7000,51,6
"1192430",1557.39,55,9
"1192445",1754.42,54,7
"1192483",12000,50,5
"1192485",1384,80,6
"1192502",298.52,76,9
"1192556",381.9,50,7
"1192566",2122.95,50,6
"1192648",850.65,60,8
"1192659",737.81,50,7
"1192667",19836.99,58,7
"1192677",3000,60,8
"1192678",1184.05,50,6
"1192698",1874.58,60,8
"1192699",722.97,64,7
"1192725",1643.05,58,5
"1192737",1225.22,50,6
"1192752",1067.33,60,5
"1192786",4000,60,6
"1192821",287.48,50,5
"1192823",1759.59,50,5
"1192841",4987.99,50,8
"1192866",3156.19,50,5
"1192879",660.92,54,4
"1192935",2003.38,50,10
"1192936",1614.74,88,11
"1192956",2958.42,58,4
"1192979",1668.62,62,4
"1193007",368.58,57,4
"1193053",1057.91,85,7
"1193057",552.56,72,7
"1193090",1414.81,90,6
"1193095",10232.07,50,6
"1193181",735.36,76,6
"1193182",60.53,50,7
"1193209",2410.96,50,5
"1193238",2390.63,50,8
"1193247",1187.05,76,6
"1193279",869.92,50,6
"1193287",2335.06,68,7
"1193288",76.53,60,7
"1193289",269.44,77,5
"1193290",5846.08,50,8
"1193317",2648.3,50,7
"1193321",522.34,59,5
"1193328",871.21,85,5
"1193372",3000,100,6
"1193425",386.16,50,7
"1193437",125.07,50,5
"1193460",78.34,50,9
"1193471",399.31,50,6
"1193530",2603.1,68,6
"1193538",5918.88,57,7
"1193561",218.79,50,9
"1193581",844.46,69,7
"1193604",1367.51,64,7
"1193649",1054.88,80,5
"119370",54.83,95,9
"1193709",1688.6,50,7
"1193818",273.51,50,5
"1193836",71.64,50,5
"1193875",770.36,64,5
"1194018",2310.82,68,7
"1194042",2476.8,64,6
"1194154",328.42,52,6
"1194164",653.87,76,6
"1194167",1105.37,53,7
"1194184",750.11,100,5
"1194323",5000,65,6
"1194359",2693.59,100,6
"1194370",3048.98,50,10
"1194371",298.25,50,6
"1194415",3072,50,6
"1194416",400,90,7
"1194465",1032.63,50,4
"1194474",1000,64,6
"1194500",550,82,6
"119453",1128.12,58,6
"1194587",8000,50,6
"1194616",492.82,68,7
"1194626",373.23,50,7
"1194627",3715.61,50,11
"1194667",2720.03,68,14
"1194722",6860.21,50,7
"1194758",1674.87,50,11
"1194766",678.54,50,6
"1194824",483.05,50,10
"119493",3748.82,50,6
"1194971",11006.02,68,7
"1194986",1270.64,58,7
"1194991",524.42,50,6
"1195066",1844.82,50,4
"1195072",1025.55,50,4
"1195095",735.31,50,7
"1195113",8254.63,50,6
"119512",474.38,106,6
"1195171",1055.51,68,6
"1195182",1063.3,50,6
"1195208",2100,68,4
"1195211",1384.02,50,5
"1195233",1865.01,72,8
"1195283",792.12,76,7
"1195347",839.2,60,6
"1195351",417.12,76,5
"1195354",612,50,5
"1195373",929.98,50,5
"1195376",1352.6,65,4
"1195380",12694.13,57,7
"1195392",751.64,112,4
"1195401",3275.53,72,9
"1195412",571.38,70,8
"1195472",155.34,76,5
"1195498",1526.18,50,4
"1195518",2227.07,64,4
"1195595",1085.06,64,5
"1195607",1683.52,95,5
"1195620",937.58,50,10
"1195627",801.66,50,9
"1195633",1608.22,50,4
"1195660",259.16,66,7
"1195691",1434.55,54,6
"1195722",3625.92,50,4
"1195724",1360.19,80,9
"1195771",701.76,50,12
"1195799",1500,72,5
"1195800",2160.55,50,7
"1195815",235.2,72,4
"1195816",61.16,50,11
"1195824",106,50,4
"1195867",865.59,118,5
"1195911",793.89,50,7
"1196029",1018.95,72,5
"1196059",337.04,85,7
"1196114",4436.44,76,5
"1196150",247.9,72,6
"1196404",280.49,50,4
"119641",647.45,64,7
"1196428",959.16,50,7
"1196460",28970.89,50,10
"1196466",4849.93,85,6
"1196471",474.87,57,5
"1196474",809.72,76,6
"1196477",3507.56,57,4
"1196480",1761.3,64,6
"1196484",4000,80,7
"1196529",2764.83,61,11
"1196556",65.09,72,8
"1196570",1000,58,10
"1196599",500,50,8
"1196626",652.36,50,6
"1196630",794.63,50,5
"1196656",937.21,76,7
"1196670",1500,64,10
"1196684",1905.23,50,8
"1196685",875.74,50,7
"1196727",521.42,50,5
"1196741",2500,68,6
"1196753",1269.27,90,5
"1196769",76.25,50,7
"1196770",71.7,76,6
"1196779",1896.47,50,5
"1196823",9000,80,11
"1196873",2418.73,76,6
"1196926",5395.22,51,5
"1196945",1172.06,50,5
"1196985",3069.51,50,6
"1196989",981.85,50,9
"1197007",3292.92,50,6
"1197011",30.44,90,10
"1197022",565.55,50,6
"1197063",1679.59,50,7
"1197073",1904,50,7
"1197080",5597.14,61,7
"1197154",1109.07,56,7
"1197169",300.1,60,7
"1197195",970.75,85,5
"1197211",82.46,50,5
"1197222",4933.78,76,5
"1197236",173.52,80,4
"1197306",1263.5,90,7
"1197320",659.98,58,5
"1197336",2040.9,50,8
"1197381",80.05,50,4
"1197405",188.27,68,7
"1197414",78.34,56,7
"1197432",2794.92,90,9
"1197449",7615.6,50,6
"1197490",3102.31,50,7
"1197524",4447.19,56,8
"1197531",3912.56,50,6
"1197539",6485.38,64,6
"1197625",71.64,59,6
"1197658",2726.83,95,10
"1197661",107.69,57,11
"1197689",2784.69,50,9
"1197691",971.99,100,4
"1197722",1127.64,50,7
"1197739",319.08,50,4
"1197749",1833.09,50,6
"1197759",3499.83,72,7
"1197793",2502.02,50,7
"1197818",2702.33,50,5
"1197833",2537.52,50,14
"119785",1128.12,100,4
"1197859",6000,90,5
"1197871",1095.6,90,6
"1197916",4500,72,7
"1197924",385,72,8
"1197979",530.39,72,13
"1198055",588.48,50,7
"1198099",1171.83,80,10
"119810",1128.12,100,4
"1198112",5257.28,68,7
"1198123",3530.7,69,11
"1198137",1241.95,50,6
"1198154",850.23,56,8
"1198162",4042.79,85,8
"1198171",10000,50,5
"1198178",1925.26,50,4
"1198266",955.31,60,12
"1198289",1771.45,50,6
"1198293",239.3,50,7
"1198295",521.81,68,11
"1198313",4000,72,8
"1198318",316.58,50,8
"1198348",1800,85,10
"1198386",707.66,90,4
"1198394",1622.68,90,7
"1198395",9500,50,8
"1198409",6221.14,57,6
"1198442",346.88,72,6
"1198444",4632.63,68,6
"1198458",2700,65,7
"1198471",4646.38,68,10
"1198476",1080.65,57,6
"1198479",72.96,50,10
"1198499",1053.39,90,6
"1198531",2789.9,50,7
"1198573",71.64,50,6
"1198582",2221.14,50,7
"1198585",1014.85,50,6
"1198598",725.61,90,8
"1198606",753.33,58,5
"1198615",153.97,50,6
"1198627",277.74,50,9
"1198644",303.79,72,15
"1198678",7000,54,7
"1198680",1995.99,50,8
"1198747",866.65,76,5
"1198755",543.22,50,6
"1198759",329.5,50,7
"1198789",4000,50,4
"1198833",2453.92,50,12
"1198835",5720.76,85,7
"1198862",1185.02,50,13
"1198866",5711.7,67,4
"1198900",743.45,57,9
"1198905",360.51,60,6
"1198912",1500,55,6
"1198961",91.31,50,8
"119991",3904.17,50,5
"120042",1128.12,95,7
"120121",151.25,50,10
"120233",1128.12,118,7
"120246",2752,50,5
"120391",1428.12,85,4
"120480",1128.12,62,8
"120998",515.38,100,4
"121200",405.45,50,4
"121216",1128.12,68,7
"121336",1128.12,50,5
"121470",1128.12,50,7
"121540",1105.44,95,7
"1226",3048.98,80,7
"125345",1128.12,50,5
"125402",1203.84,50,6
"125424",29.42,50,4
"125502",1227.94,50,7
"125579",607.66,57,6
"125646",1128.12,50,8
"125687",1605.86,50,7
"125817",3493.67,50,5
"125899",1919.06,96,6
"125903",71791.29,62,5
"125996",54.48,95,5
"126086",1128.12,50,4
"126132",2780.55,50,7
"126185",2868.81,56,6
"126214",75.92,50,4
"126258",423.5,50,6
"126388",566.2,55,5
"126413",1128.12,118,5
"126423",318.52,76,10
"126559",1128.12,50,4
"126584",1128.12,58,9
"126592",564.06,50,7
"126659",15.08,96,8
"126733",570.88,50,5
"126736",1128.12,76,5
"126761",773.45,95,6
"126782",1128.12,50,6
"126787",1128.12,64,6
"126804",1128,57,4
"126889",1128.12,50,5
"126948",548.82,50,6
"126960",1128.12,50,4
"127009",8901.3,62,13
"127138",1128.12,85,7
"127192",382.81,50,4
"127235",1128.12,50,6
"127262",686.02,50,5
"127335",135.17,50,4
"127347",1213.09,50,7
"127584",2572.4,77,8
"127683",980.57,57,6
"127803",159.98,50,5
"127859",17263.73,50,5
"127946",1128.12,50,8
"127951",23.26,63,6
"127959",99,50,6
"127981",535.43,50,5
"128022",938.12,54,4
"128077",274.52,50,4
"128107",1128.12,50,5
"128116",1128.12,50,9
"128212",2966.23,50,6
"128252",239.8,50,5
"128259",1128.12,50,6
"128438",241.03,50,4
"128539",1030.5,112,8
"128541",3496.89,50,6
"128547",889.68,50,5
"128571",640.24,56,6
"128622",1128.12,50,6
"128640",1128.12,51,7
"128696",1128.12,59,7
"128837",1128.12,50,5
"128839",1128.12,50,6
"128860",2738.56,95,5
"128949",585.63,50,7
"129005",1128.12,50,5
"129047",1128.12,50,8
"129062",1128.12,60,7
"129068",1054.84,50,5
"129088",564.06,50,4
"129116",1128.12,62,7
"129119",1128.12,55,13
"129137",1630.13,64,5
"129147",1312.57,80,7
"129149",266.79,50,9
"129224",1128.12,100,7
"129252",799.9,63,7
"129253",3512.61,54,4
"129270",1391.7,63,10
"129345",1128.12,50,5
"129386",2063.14,50,6
"129403",69.41,50,6
"129438",1128.12,50,6
"129531",2202.89,50,7
"129551",921.18,50,6
"129592",1128.12,50,6
"129635",96.84,50,6
"129655",1128.12,50,6
"129714",1128.12,62,4
"129724",1128.12,50,6
"129733",45734.7,50,7
"129809",1128.12,67,5
"129846",1128.12,63,6
"129855",4475.9,50,5
"129868",71.92,50,7
"129885",1128.12,62,9
"130012",987.44,50,6
"130018",568.55,50,5
"130051",1128.12,50,9
"130077",1128.12,50,7
"130089",455.21,50,4
"1301",4573.47,50,6
"130138",3938.28,62,7
"130180",2388.95,72,5
"130207",1128.12,63,10
"130223",74.72,50,6
"130226",1128.12,50,8
"130233",4617.37,56,11
"130298",1128.12,90,10
"130323",60.17,50,8
"130353",1128.12,50,5
"130363",1128.12,52,5
"130375",2256.24,96,5
"130386",1128.12,70,10
"130413",74.81,68,4
"130433",464.7,50,4
"130501",331.36,50,7
"130503",528.29,50,6
"130532",1128.12,50,9
"130565",230.28,54,6
"130567",2615.08,50,7
"130602",1128.12,58,6
"130632",1128.12,56,5
"130646",2929.59,50,6
"130673",1128.12,85,5
"130703",1128.12,50,6
"130730",333.85,50,6
"130915",75.32,68,10
"130930",1415.11,50,13
"130941",5750.13,50,5
"130958",1128.12,50,6
"131015",76.35,50,6
"131050",1128.12,50,6
"131091",69.65,50,7
"131161",1128.12,73,7
"131202",1128.12,50,8
"131212",1128.12,50,6
"131224",78.59,50,7
"131249",1128.12,62,11
"131356",58.94,50,6
"131505",1128.12,50,4
"131509",2459.8,50,4
"131537",393.88,63,6
"131628",1128.12,63,7
"131634",84.97,50,7
"131671",1128.12,85,6
"131697",3753.19,50,6
"131734",1983.08,62,6
"131775",564.06,67,5
"131821",147.24,50,7
"131835",1713.83,54,7
"131865",1128.12,50,13
"131884",2256.24,62,6
"131922",1128.12,72,7
"131938",502.66,60,6
"131948",1128.12,50,5
"131958",28.45,68,7
"132011",2827,54,7
"132048",1128.12,66,7
"132050",391.94,50,8
"132087",515.27,50,5
"132201",1128.12,72,8
"132218",661.66,54,5
"132223",654.46,50,6
"132237",74.76,50,6
"132270",1128.12,58,4
"132276",1128.12,50,11
"1323",384.77,72,8
"132340",1128.12,50,7
"132365",1639.46,50,7
"132406",10861.74,118,6
"132418",395.21,50,4
"132437",94.08,68,6
"132445",77.91,50,5
"132450",528.55,50,7
"132534",1128.12,50,7
"132545",1128.12,50,6
"132549",1128.12,50,6
"132699",1556.6,50,4
"132763",573.59,50,5
"132833",1128.12,75,6
"132858",2986.93,68,8
"132864",895.43,50,7
"132865",70.75,50,5
"132901",1128.12,68,7
"132914",1266.9,50,4
"133032",1254.53,50,6
"133052",73.3,50,4
"133062",725.66,50,14
"133082",1128.12,62,8
"133091",459.3,156,6
"133114",1128.12,62,9
"133159",1128.12,62,7
"133221",1128.12,50,6
"133331",72.57,50,6
"133413",1273.04,50,4
"133421",2265.55,50,7
"133461",1128.12,50,5
"133465",73.18,80,4
"133483",1047.58,50,5
"133497",265.93,51,4
"133512",3648.24,50,6
"133615",135.76,50,8
"133631",602.17,50,6
"133671",1128.12,80,6
"133693",1169.61,56,5
"133737",1128.12,50,11
"133738",1128.12,56,4
"133776",481.62,50,6
"133783",564.06,55,7
"133858",1128.12,50,7
"133894",564.06,50,7
"134023",4349.14,52,8
"134045",2256.25,50,4
"134080",1760.58,50,5
"134112",2007.8,60,5
"134114",1128.12,67,5
"134204",1215.42,95,4
"134295",1128.12,50,4
"134303",1128.12,158,4
"134311",736.13,50,5
"134315",2573.8,50,6
"134319",1128.12,50,6
"134327",261.55,50,4
"134369",1128.12,65,4
"134392",196.31,50,7
"134415",1128.12,80,4
"134444",379.61,55,6
"134466",1128.12,58,7
"134571",1128.12,50,7
"134585",1128.12,56,13
"134678",341.66,56,6
"134708",822.73,72,5
"134713",570.5,50,6
"134745",97,50,10
"134756",1128.12,50,6
"134809",229.81,50,4
"134818",1128.12,58,9
"134821",1128.12,63,5
"134850",1032.41,64,6
"134886",1128.12,106,4
"1349",185.98,57,5
"134982",4730.9,51,6
"135047",1128.12,51,4
"135108",1128.12,50,14
"135273",1502.57,54,7
"135284",1128.12,50,7
"135309",1128.12,52,5
"135378",1128.12,62,6
"135417",1128.12,59,6
"135448",1897.5,68,4
"135456",1128.12,50,7
"135499",1128.12,85,4
"135555",1128.12,62,5
"135630",1128.12,53,6
"135645",1128.12,50,4
"135698",1128.12,103,7
"135750",1128.12,50,9
"135783",1492.93,50,4
"135822",533.68,50,7
"135870",1128.12,72,7
"135884",443.12,50,5
"135946",2766.86,50,5
"135953",2596.56,50,6
"135982",2028.7,72,6
"136011",75.37,51,9
"136035",107.98,50,5
"136037",1128.12,62,6
"136054",1128.12,52,4
"136085",1128.12,50,7
"136099",1212.9,50,4
"136140",3420.11,85,4
"136144",3088.17,50,11
"136171",58.35,50,7
"136228",1128.12,50,5
"136244",1128.12,85,6
"136256",68,56,4
"136300",689.72,50,6
"136320",738.55,71,5
"136342",1128.12,50,4
"136412",83.85,62,5
"136599",1128.12,62,7
"136624",1516.75,50,6
"136653",1128.12,52,5
"136657",833.1,50,6
"136736",1128.12,87,6
"136836",3125.19,50,5
"136847",206.23,50,6
"136858",2198.28,50,5
"136905",1128.12,64,6
"136909",71.92,50,9
"136967",1128.12,50,7
"136997",1128.12,50,6
"137005",1128.12,101,6
"137094",1128.12,50,8
"137127",1128.12,106,8
"137170",227.14,50,8
"137202",2256.25,50,6
"137211",1128.12,72,5
"137215",286.13,50,5
"137249",712.62,50,6
"137377",1128.12,50,5
"137406",480.88,50,5
"137509",1128.12,58,6
"137539",1509.96,92,9
"137612",75.32,62,6
"137641",10022.81,58,7
"137657",2750.2,50,6
"137731",718.12,67,10
"137744",798.76,50,5
"137857",330.28,50,6
"137955",1128.12,85,4
"137967",1128.12,50,7
"137972",1128.12,71,7
"138029",1128.12,50,7
"138097",1128.12,68,10
"138157",42.75,50,6
"138177",426.55,51,6
"138274",1128.12,68,5
"138365",12604.29,50,6
"138404",1408.46,64,5
"138419",2725.04,50,5
"138498",70.84,50,4
"138537",1128.12,50,6
"138554",53.29,50,7
"138611",4967.27,56,7
"138657",3535.28,80,5
"138673",1128.12,57,7
"138709",1128.12,109,4
"138732",1128.12,57,6
"138773",564.06,56,6
"138936",2256.24,54,7
"138969",2226.31,50,6
"138978",2251.15,62,4
"139",303,50,7
"139018",1128.12,50,6
"139033",66,50,8
"139070",1014.55,57,8
"139102",74.7,58,6
"139125",1128.12,50,4
"139249",1128.12,55,7
"139266",1128.12,62,11
"139310",1128.12,58,10
"139317",75.32,52,6
"139335",1128.12,62,5
"139406",1128.12,50,8
"139487",1219.6,90,7
"139492",1128.12,50,6
"139517",89.05,57,6
"139542",1128.12,83,6
"139553",2256.24,90,4
"139578",1128.12,64,5
"139723",1200.69,50,5
"139729",1128.12,51,5
"139751",1128.12,50,5
"139826",1128.12,80,6
"139841",2264.33,64,7
"139856",834.12,50,6
"139869",1128.12,50,6
"139877",564.06,50,6
"139954",445.75,50,6
"139974",4673.43,54,11
"140069",3423.35,52,5
"140073",1128.12,50,4
"140112",1128.12,58,7
"140158",1128.12,57,6
"140163",290.27,50,6
"140167",93.9,50,4
"140202",1128.12,62,6
"140226",883.48,50,7
"140266",503.5,50,7
"140329",1159.53,50,7
"140398",2256.24,106,9
"140478",1128.12,92,10
"140510",1128.12,50,4
"140532",518.49,60,5
"140615",1128.12,75,7
"140635",2148.73,50,8
"140710",1128.12,71,6
"140783",1128.12,95,6
"140902",1128.12,50,8
"140904",1128.12,50,6
"140916",1128.12,50,5
"140954",277.5,52,6
"141008",1128.12,71,7
"141033",1198.15,50,7
"141047",1512.14,50,5
"141091",1128.12,50,6
"141105",2256.24,62,6
"141241",1128.12,50,7
"141256",2256.24,62,5
"141278",1128.12,85,6
"141280",775.58,76,5
"141350",285.01,50,4
"141427",136.75,76,7
"141468",12608.66,52,7
"141568",1128.12,52,4
"141623",645.62,95,7
"141705",278.53,50,6
"141783",630.55,50,6
"141911",1852.14,50,5
"141912",5505.57,50,5
"141942",1128.12,95,7
"142058",1128.12,50,7
"142130",1128.12,70,7
"142176",330.47,50,5
"142204",1128.12,62,8
"142206",499.12,50,8
"142282",63.27,50,8
"142366",23042.28,71,7
"142376",2649.93,51,5
"142435",1128.12,62,5
"142472",1128.12,50,7
"142494",767.28,63,6
"142502",378.77,50,5
"142593",1128.12,50,6
"142599",1128.12,50,4
"142633",1254.29,118,6
"142665",198.06,50,6
"142671",1128.12,50,5
"142684",215.84,74,5
"142691",1128.12,71,4
"142906",405.76,50,7
"142909",75.67,50,10
"142948",107.4,50,6
"142975",1858.35,50,6
"142988",2162.32,57,6
"143207",1128.12,50,5
"143235",1946.96,50,5
"143331",1128.12,85,6
"143332",433.46,50,7
"143341",1128.12,50,6
"143364",1128.12,85,4
"143443",3581.19,85,6
"143507",1128.12,57,5
"143654",2553.59,50,7
"143666",1157.55,50,6
"143702",75.32,51,5
"143751",16.54,85,7
"143758",1128.12,67,6
"143794",1128.12,50,8
"143816",547.85,50,5
"143860",1128.12,50,5
"143944",1182.96,50,7
"143955",311.03,50,6
"143969",56.95,59,6
"144008",1128.12,50,9
"144080",2058.75,50,5
"144120",1128.12,50,9
"144150",492.03,50,6
"144183",114.75,50,7
"144196",1128.12,58,8
"144285",1128.12,71,7
"144300",1128.12,50,4
"144404",2397.06,50,4
"144421",10214.99,54,5
"144437",1128.12,50,5
"144476",1670.07,62,6
"144478",1128.12,95,9
"144480",1128.12,64,4
"144514",1377.84,72,4
"144545",609.46,55,5
"144623",1128.12,90,5
"144705",1373.29,50,5
"144742",1128.12,50,7
"144747",1128.12,72,7
"144782",1128.12,106,7
"144788",1128.12,51,5
"144824",731.41,50,7
"144923",1128.12,56,6
"144959",826.21,50,11
"144984",2437.04,50,9
"145007",1128.12,58,10
"145017",1128.12,72,7
"145021",1128.12,56,6
"145040",1128.12,95,7
"145055",1128.12,60,5
"145095",1128.12,95,7
"145104",645.3,72,5
"145161",1128.12,60,7
"145164",1128.12,125,5
"145216",1128.12,72,4
"145228",383.29,50,7
"145271",252.69,50,6
"145333",1128.12,50,6
"145405",1128.12,90,7
"145435",1161.51,106,8
"145452",1128.12,50,8
"145503",1128.12,50,7
"145569",1128.12,72,10
"145587",85.68,50,7
"145598",1128.12,60,9
"145601",1586.99,51,5
"145656",176.86,50,5
"145670",56.36,50,5
"145723",1128.12,50,11
"145739",1128.12,90,5
"145765",1481.23,50,5
"145771",474.62,50,8
"145839",72.57,50,7
"145850",1128.12,77,6
"145899",1128.12,67,6
"145947",1449.83,50,6
"146004",1128.12,72,5
"146028",1128.12,60,6
"146071",651.95,60,4
"146097",1128.12,60,7
"146108",564.06,50,7
"146166",1372.04,50,10
"146225",437.28,72,4
"146240",1128.12,50,7
"146285",678.99,100,7
"146299",1128.12,85,7
"146375",1128.12,58,6
"146406",1128.12,85,6
"146501",1128.12,50,5
"146550",1128.12,76,6
"146571",2256.25,58,5
"146595",855.85,53,8
"146627",564.06,54,4
"146642",1128.12,50,7
"146658",318.32,67,6
"146714",1128.12,65,10
"146752",4960.3,50,10
"146933",2400.65,60,10
"147008",637.41,90,4
"147047",3102.51,55,5
"147062",1128.12,50,5
"147121",1853.1,56,6
"147164",1128.12,62,5
"147295",1128.12,50,4
"147314",442.51,59,8
"147317",3701.08,62,6
"147331",1128.12,50,9
"147415",1128.12,60,4
"147422",1135.81,54,8
"147464",391.59,50,7
"147542",1128.12,72,4
"147546",3834.82,85,6
"147550",1913.32,54,7
"147566",1128.12,50,9
"147577",1880.49,55,6
"147608",854.66,57,6
"147717",1220.45,50,6
"147729",868.64,76,6
"147782",1128.12,95,6
"147973",4856.78,50,7
"148063",1128.12,71,4
"148066",1128.12,50,6
"148099",1135.58,72,6
"148148",2167.31,76,6
"148157",16354.69,50,8
"148193",34819.25,50,6
"148270",5128.05,50,10
"148280",225.9,50,6
"148285",70.25,50,5
"148306",78.95,50,7
"148313",2650.99,50,4
"148361",1128.12,63,5
"148437",1128.12,50,7
"148441",678.9,50,10
"148445",1745.12,85,6
"148492",4177.1,50,5
"148500",1128.12,50,10
"148504",292.49,50,4
"148518",4557.73,56,5
"148604",64047.64,76,6
"148606",350.35,50,8
"148761",404.33,50,7
"148772",7006.47,64,6
"148774",62.22,64,5
"148810",5599.96,57,4
"148882",448.64,50,8
"148926",1128.12,95,7
"148939",1898.46,60,4
"148961",1128.12,50,5
"149037",1128.12,73,6
"149045",1128.12,50,4
"149074",2480.13,50,6
"149076",2370.73,57,6
"149104",1128.12,80,7
"149106",1128.12,85,7
"149122",1128.12,50,4
"149130",4268.57,74,6
"149191",1128.12,50,7
"149211",19791.01,50,6
"149242",2256.24,50,5
"149243",2459.92,62,5
"149275",1128.12,55,6
"149378",69.65,50,6
"149404",110.76,60,5
"149428",94.65,64,6
"149515",1128.12,50,6
"149536",1128.12,55,4
"149541",413.69,50,6
"149553",1128.12,50,7
"149578",3605.89,148,5
"149649",102.57,50,5
"149722",555.16,68,4
"149742",1314.6,50,5
"149823",1128.12,59,7
"149842",620.31,95,7
"149887",1128.12,100,6
"149929",479.64,85,7
"149954",746.82,54,6
"149957",4372.34,50,6
"149985",1128.12,72,5
"150011",1128.12,51,7
"150106",1128.12,50,7
"150197",1128.12,100,10
"150200",1128.12,50,4
"150321",79.31,50,4
"150333",5043.17,67,6
"150456",1128.12,59,5
"150523",1128.12,80,8
"150638",1128.12,60,6
"150686",87.35,50,4
"150694",1128.12,55,4
"150796",75.32,50,9
"150798",1128.12,76,5
"150827",410.52,57,5
"150854",330.33,58,6
"150909",1128.12,62,7
"150934",1128.12,50,7
"150965",749.66,156,7
"150966",1128.12,156,7
"150990",3230.85,50,5
"150998",2630.76,50,6
"151001",1188.83,50,7
"151009",1128.12,81,7
"151019",633.97,62,5
"151027",1347.39,50,6
"151092",59.02,60,4
"151144",706.12,50,6
"151160",892.3,68,4
"151162",1128.12,85,8
"151332",1780.62,50,7
"151457",1128.12,50,7
"151498",1128.12,50,7
"151518",1128.12,50,7
"151556",1128.12,50,9
"151559",552.28,56,7
"151637",1128.12,56,6
"151649",1025.68,81,6
"151656",74.37,72,6
"151704",1128.12,106,7
"151737",1128.12,50,6
"151806",1128.12,50,6
"151915",584.49,75,7
"151919",1128.12,72,8
"152011",99.56,50,6
"152013",246.91,50,6
"152085",1128.12,50,6
"152130",1128.12,106,5
"152131",1128.12,50,9
"152138",951.06,50,12
"152172",1128.12,50,8
"152175",478.24,64,5
"152228",1038.53,90,6
"152231",1883.38,50,6
"152260",9315.49,50,9
"152334",1128.12,85,5
"152393",1128.12,58,6
"152446",1128.12,62,9
"152452",1237.47,80,6
"152528",1407.63,50,13
"152539",6301.55,50,5
"152595",1128.12,80,5
"152603",2873.97,133,6
"152604",34.29,133,6
"152621",1809.24,50,7
"152669",69.65,60,6
"152687",1208.61,140,7
"152778",1479.03,68,6
"152780",1128.12,100,7
"152805",177.32,50,4
"152809",1128.12,63,6
"153074",1212.89,91,5
"153152",1128.12,62,7
"153159",1128.12,50,4
"153181",1128.12,68,6
"153215",1128.12,50,6
"153223",346.44,95,5
"153241",1128.12,80,6
"153263",1128.12,68,8
"153305",1305.39,50,14
"153309",75.32,54,7
"153356",2116.51,50,4
"153361",77.11,50,6
"153364",1128.12,90,6
"153368",866.15,68,7
"1534",671.05,50,4
"153414",1128.12,50,6
"153500",1128.12,60,5
"153506",1105.96,68,8
"153549",284.11,50,8
"153558",277.22,57,7
"153572",1535.89,54,4
"153680",1128.12,72,5
"153734",1128.12,62,5
"153753",74.57,60,6
"153865",1428.12,68,7
"153878",1128.12,59,7
"153933",1128.12,63,5
"153935",77.11,60,5
"153943",1215.64,50,5
"153957",1128.12,50,4
"153965",942.41,76,6
"153985",1620.5,50,11
"154021",922.79,50,4
"154093",3406.45,61,6
"154123",1128.12,75,5
"154172",1128.12,50,8
"154202",1827.2,50,7
"154221",1128.12,112,6
"154238",12938.87,50,7
"154273",1128.12,65,5
"154280",902.28,50,6
"154295",1128.12,72,5
"154320",1128.12,95,6
"154327",16.03,62,6
"154374",1128.12,53,7
"154410",1128.12,62,4
"154440",1128.12,50,7
"154441",976.24,67,5
"154442",564.06,61,7
"154653",1128.12,50,5
"154667",1128.12,50,6
"154757",1128.12,80,6
"154767",1128.12,80,5
"154807",5340.29,50,5
"154820",1006.89,80,5
"154823",251.01,72,5
"154831",779.42,51,6
"154838",1810.89,85,4
"154842",84.33,80,5
"154844",707.65,50,11
"154850",671.67,112,4
"154880",1128.12,50,5
"154968",137169.81,50,7
"154978",1307.3,64,8
"154980",277.41,64,5
"155003",1128.12,50,7
"155038",564.06,85,6
"155084",1128.12,90,4
"155105",1128.12,62,7
"155153",1128.12,60,6
"155156",1663.46,57,6
"155157",261.53,57,6
"1552",2840.94,56,11
"155224",858.56,50,7
"155251",1128.12,50,7
"155263",1651.3,68,4
"155307",1128,50,7
"155331",1128.12,100,6
"155354",1128.12,76,7
"155355",499.16,60,5
"155445",1128.12,50,5
"155446",1729.06,50,4
"155666",284.56,64,4
"155769",1128.12,53,4
"155794",985.74,50,6
"155825",1128.12,78,8
"155866",69.29,50,5
"155869",1128,68,9
"155876",1435.5,50,4
"155907",1008.15,50,7
"155915",1128.12,62,6
"155917",727.63,50,5
"155923",70.12,50,6
"156000",102.14,50,7
"156035",25.59,54,5
"156045",1190.11,50,7
"156083",825.57,50,6
"156090",1128.12,62,7
"156116",1128.12,71,11
"156237",4416.88,50,6
"156252",1128.12,62,7
"156263",1252.2,50,6
"156362",229.59,50,4
"156371",1128.12,76,4
"156404",1128.12,50,8
"156414",1102.47,50,5
"156541",1128.12,50,6
"156596",7019.06,50,6
"156676",2644.99,50,9
"156681",40.95,50,6
"156705",110.39,59,7
"156728",680.09,50,4
"156765",683.2,70,4
"156801",69.47,60,6
"156831",1278.12,95,4
"156848",142.92,62,6
"156870",666.29,76,7
"156898",6440.33,90,5
"156904",4177.1,100,7
"156921",1128.12,50,5
"156969",1128.12,54,4
"156989",1072.07,50,6
"157009",546.99,77,5
"157018",1128.12,95,5
"157044",2514.59,60,4
"157052",342.89,50,7
"157105",1128.12,51,4
"157140",407.04,57,4
"157150",1128.12,50,7
"157159",1128.12,50,4
"157178",194.4,76,7
"157231",72.24,68,5
"157253",72.93,72,5
"157291",1128.12,65,4
"157327",507.8,56,4
"157362",14.77,50,6
"157375",793.2,57,4
"157390",1128.12,50,10
"157406",72.93,50,8
"157419",763.37,72,7
"157432",1128.12,90,6
"157462",1281.84,95,5
"157517",1128.12,106,4
"157584",1085.27,57,9
"157622",1128.12,50,6
"157673",71.29,50,10
"157675",573.45,50,9
"157719",240.22,50,7
"157756",1229.68,72,7
"157795",1439.8,55,6
"157803",731.16,72,7
"157841",66.54,51,6
"157880",52954.67,85,6
"157915",1128.12,50,7
"157989",112.48,100,6
"158001",1128.12,90,4
"158043",361.88,50,6
"158058",292.44,64,6
"158115",276.96,50,5
"158117",1128.12,85,5
"158293",1929.17,95,5
"158309",301635.49,50,6
"158346",807.45,80,4
"158377",1128.12,50,7
"158398",58.88,50,6
"158437",1128.12,100,7
"158453",1128.12,50,7
"158455",564.06,85,7
"158544",364.62,50,6
"158627",1128.12,62,5
"158687",1128.12,64,4
"158703",763.52,72,5
"158729",241.73,50,8
"158735",1128.12,50,9
"158764",2905.1,50,6
"158780",5091.79,50,6
"158869",500.65,50,7
"158901",1128.12,72,7
"158938",1209.68,61,6
"158967",2350.42,50,6
"158989",1046.62,50,5
"159047",1302.58,53,5
"159051",6.91,51,6
"159069",208.02,85,7
"159074",1128.12,63,6
"159082",986.88,53,7
"159118",1839.48,50,9
"159189",92.82,50,7
"159193",40408.12,50,7
"159232",1128.12,72,7
"159236",1128.12,90,4
"159249",2362.55,67,4
"159260",4021.58,78,7
"159302",13.84,50,7
"159332",6412.67,96,8
"159369",1128.12,71,6
"159432",3027.29,55,5
"159499",165.46,72,6
"159507",1128.12,52,7
"159536",1128.12,58,5
"159606",1561.17,50,8
"159618",2256.25,73,5
"159702",1128.12,50,6
"159736",1128.12,72,4
"159753",1128.12,50,6
"159768",75.31,50,14
"159773",84.86,54,5
"159787",7509.92,50,12
"159814",1128.12,58,7
"159829",333.05,64,4
"159984",1164.59,108,6
"160025",70.2,50,5
"160027",1128.12,52,7
"160052",233.62,50,7
"160069",2734.32,72,7
"160107",1128.12,95,5
"160135",2978.66,56,7
"160201",89.18,50,5
"160204",1128.12,90,5
"160224",2075.38,50,5
"160254",1128.12,76,5
"160267",3042.85,52,5
"160298",69317.47,50,7
"160304",1821.69,85,5
"160346",1128.12,50,6
"160461",629.45,76,4
"160483",1249.45,76,6
"160529",1128.12,76,11
"160579",2418.91,57,7
"160581",1128.12,50,7
"160598",1128.12,71,10
"160600",1128.12,57,5
"160604",1384.07,50,7
"160619",1547.37,76,6
"160707",1128.12,100,8
"160750",1128.12,125,5
"160778",1898.55,58,7
"160804",69.39,60,7
"160809",2633.56,85,4
"160844",292.14,85,7
"160908",3668.43,50,6
"160958",1128.12,106,5
"160967",460.12,72,4
"160986",1128.12,50,9
"161011",1128.12,55,5
"161026",1128.12,52,5
"161035",27.11,50,4
"161046",1128.12,95,9
"161083",706.06,50,8
"161093",1388.42,58,6
"161334",1128.12,72,7
"161376",1128.12,50,6
"161414",1128.12,85,4
"161453",2240.36,76,5
"161465",1282.41,71,7
"161563",313.8,57,9
"161581",1128.12,82,5
"161583",1128.12,95,5
"161627",1128.12,50,9
"161645",1128.12,50,8
"161687",2071.72,50,10
"161692",2301.85,95,4
"161759",1128.12,68,7
"161844",530.75,50,10
"161852",564.06,57,10
"161864",1128.12,118,8
"161871",72.37,50,8
"161963",1440.38,50,7
"162000",1636.43,50,10
"162115",1128.12,62,5
"162126",719.56,55,4
"162171",1627.59,50,7
"162199",1470.32,68,7
"162209",1167.66,50,7
"162246",1128.12,50,7
"162294",620,56,9
"162311",1128.12,50,6
"162326",1128.12,76,6
"162394",2188.88,83,6
"162432",217.52,50,5
"162450",834.94,50,4
"162465",207.11,50,7
"162545",53.97,57,8
"162563",3684.17,85,6
"162625",29.75,72,6
"162627",419.22,50,6
"162636",1128.12,50,6
"162678",2805.11,50,6
"162695",2256.24,80,10
"162729",79.06,50,6
"162749",1401.46,50,6
"162766",63.45,57,4
"162775",297.14,50,7
"162806",2812.7,50,5
"162869",1128,70,7
"162896",1128.12,63,5
"162911",1516.29,72,4
"162912",1128.12,72,5
"163051",1882.75,72,9
"163208",1128.12,50,6
"163278",1128.12,100,7
"163329",87.05,50,5
"163343",1128.12,118,10
"163371",1128.12,75,4
"163410",1128.12,50,5
"163462",1128.12,50,5
"163473",6.75,90,5
"163479",2263.99,85,6
"163516",803.27,50,7
"163648",510.24,62,10
"163650",1128.12,50,6
"163669",1128.12,76,7
"163692",1502.96,50,7
"163701",437.44,50,7
"163772",1889.18,80,7
"163821",2652.61,50,7
"163824",242.71,58,7
"163865",2256.24,53,10
"163873",2256.24,112,10
"163925",1843.94,50,6
"163935",1128.12,58,6
"163958",1128.12,112,7
"163980",666.79,50,6
"164077",1196.76,60,5
"164109",6859.5,50,6
"164137",35063.27,50,6
"164156",1128.12,76,4
"164160",316.8,50,6
"164200",592.21,68,7
"164278",737.49,85,9
"164305",1128.12,50,7
"164320",3072.45,72,6
"164375",1640.63,57,8
"164377",1355.44,50,7
"164414",4811.92,50,5
"164441",1128.12,139,7
"164473",362.54,60,6
"164479",1128.12,112,6
"164488",206.29,50,5
"164498",1128.12,83,7
"164537",1128.12,95,5
"164551",1560.53,51,6
"164553",1128.12,68,7
"164644",2268.94,52,6
"164668",1128.12,72,6
"164717",68.03,80,4
"164726",1173.66,60,5
"164767",1218.28,76,6
"164820",1128.12,100,8
"164868",1128.12,64,6
"164879",1128.12,65,8
"164907",1614.93,54,14
"164949",1128.12,56,6
"165007",1128.12,61,4
"165060",40.02,95,6
"165099",5119.97,76,6
"165141",564.06,90,4
"165150",1128.12,106,6
"165214",1128.12,76,6
"165254",2269.68,50,5
"165331",1084.86,50,7
"165359",1128.12,112,10
"165424",92.08,50,7
"165469",4193.94,95,7
"165500",405.67,80,5
"165512",61,50,5
"165529",1128.12,71,6
"165551",1128.12,100,4
"165562",1128.12,50,4
"165582",1128.12,72,7
"165609",1128.12,50,6
"165674",81.71,80,5
"165717",547.22,50,4
"165722",854.84,50,5
"165836",2540.27,106,5
"165930",25471.5,76,7
"165940",1128.12,55,9
"165951",1128.12,50,7
"166038",427.54,50,6
"166102",1128.12,50,4
"166140",1128.12,50,6
"166165",2071,57,5
"166217",1128.12,100,6
"166222",1128.12,55,8
"166296",636.11,90,7
"166363",1128.12,50,6
"166370",2555.13,50,7
"166390",7927.35,95,6
"166489",1128.12,72,7
"16650",1128.12,50,8
"166546",1128.12,50,7
"166558",1128.12,100,6
"16661",1626.6,50,7
"166635",1128.12,60,7
"166643",1128.12,67,6
"166645",2620.55,50,6
"166651",1128.12,76,7
"166683",5264.29,78,4
"166699",1128.12,50,5
"166702",7142.95,80,6
"166722",286.4,50,6
"166821",1128.12,139,7
"166895",309.76,80,6
"1669",724.03,67,9
"166933",71.13,50,4
"167087",72.05,80,7
"1671",3401.9,50,6
"16712",109.38,50,5
"167190",1128.12,50,7
"167194",1128.12,58,6
"167228",359.63,63,6
"167320",436.94,50,10
"167342",1128.12,140,5
"167395",1128.12,50,7
"167440",1128.12,50,5
"167507",184.14,50,9
"167548",512.72,61,6
"167605",82.05,95,4
"167671",1189.15,50,6
"167710",1045.22,50,5
"167713",105.49,51,6
"167727",2691.38,50,10
"167732",1128.12,50,7
"167761",114.67,65,8
"167777",1128.12,50,6
"167789",1128.12,50,7
"167800",65.64,50,6
"167822",765.39,53,4
"167824",1611.21,50,5
"167879",1128.12,77,6
"167881",1128.12,50,7
"167884",1128.12,58,11
"167958",1128.12,55,6
"167979",69.97,95,6
"168009",1194.59,72,7
"168105",1128.12,85,6
"168173",1201.42,50,5
"168175",366.84,76,6
"168193",1585.47,85,4
"168237",1128.12,85,4
"168239",1292.33,55,10
"168241",712.05,76,6
"168247",115.93,50,10
"168270",1249.12,80,7
"168277",1128.12,87,8
"168285",1128,50,7
"168295",1128.12,80,7
"168339",364.81,50,10
"168363",25.53,50,4
"168393",890.71,50,4
"16842",1128.12,58,4
"168460",1147.46,62,6
"168490",90.56,57,5
"168497",639.28,54,7
"168499",1128.12,71,7
"168555",152,95,8
"168569",907.35,50,7
"168684",1727.02,57,6
"168765",1128.12,112,6
"168820",56.52,68,6
"168849",1128.63,58,4
"168854",1128.12,53,4
"168912",1128.12,50,6
"168930",1128.12,54,7
"168939",564.06,60,9
"168978",84.78,55,4
"168995",15059.45,50,4
"169016",4045.87,65,5
"169032",5025.19,76,6
"169050",755.05,50,6
"169053",82.78,85,5
"169095",1994.49,57,6
"169097",740.31,100,4
"169102",4699.73,63,6
"169150",1128.12,50,6
"169166",1128.12,50,11
"169198",902.07,57,7
"16939",3560.09,50,5
"169428",2256.25,50,5
"169452",1128.12,85,6
"169468",1128.12,50,5
"169471",13.22,86,7
"16948",1206.52,61,4
"169501",431.35,53,6
"169507",575.88,50,8
"169546",1128.12,100,4
"169580",581.8,78,5
"169588",637.51,106,7
"16961",1006.88,52,7
"16962",1128.12,65,7
"169624",3412.77,50,5
"169729",678.72,50,7
"169751",566.72,52,4
"169782",1305.44,59,10
"169788",1128.12,54,7
"169807",954.36,80,4
"169835",1128.12,64,9
"169836",1128.12,95,6
"16985",1128.12,62,8
"169863",1128.12,63,6
"169878",88.1,67,7
"169905",1128.12,73,10
"169940",1128.12,80,4
"169962",72.57,50,10
"169970",2652.61,80,7
"169974",438.41,50,7
"17000",1021.82,55,6
"17006",1128.12,50,5
"170092",1128.12,106,5
"170112",536.26,76,7
"170131",1128.12,100,5
"170173",1117.55,112,10
"170207",1128.12,50,4
"17023",84.3,50,7
"170238",1128.12,100,6
"170244",1128.12,50,7
"170268",1338.33,106,4
"170345",62.91,50,4
"170412",1214.19,76,6
"170437",31617.92,50,10
"170622",1128.12,50,7
"170647",2856.24,85,4
"170654",1128.12,100,6
"170680",472.95,80,4
"170752",1895.75,50,4
"170779",4555.85,54,6
"17087",1128.12,50,7
"170873",1128.12,50,6
"170918",1128.12,62,4
"170979",1128.12,70,4
"171010",1128.12,72,6
"171116",875.5,62,5
"171130",117.77,50,7
"171182",1142.42,50,7
"171198",3668.94,69,5
"171211",1128.12,85,4
"171223",1346.98,50,6
"171231",1335.99,50,5
"171244",1913.21,76,4
"17125",1128.12,62,8
"171299",69.65,80,7
"171316",1128.12,58,6
"171337",58.69,64,5
"171383",1128.12,50,7
"171458",73.17,51,5
"171487",8750.57,85,5
"171580",2256.24,95,6
"17171",109.56,50,7
"171717",65.76,50,7
"171770",1128.12,50,7
"171780",480.21,50,6
"171784",1128.12,50,4
"171838",3523.57,80,6
"171870",4183.65,54,4
"171880",1128.12,72,5
"171992",1128.12,90,5
"172000",1128.12,52,7
"172022",2256.24,50,6
"172054",1128.12,51,8
"172076",1128.12,50,9
"172101",3323.43,52,14
"172147",1128.12,50,4
"172169",1439.25,85,6
"172202",179.72,50,10
"172228",96.96,50,7
"172250",1128.12,50,5
"172267",71.11,95,4
"172437",1128.12,100,6
"172439",1128.12,100,5
"172452",2256.24,50,6
"172462",1128.12,50,7
"172537",1128.12,50,7
"172540",80.59,54,7
"172590",183.35,58,4
"172606",4.09,50,13
"172637",1128.12,67,8
"17265",1544.32,50,4
"172719",47.41,54,10
"172751",607.37,50,5
"172755",1282.8,80,5
"172761",1128.12,59,4
"172769",457.35,80,6
"172777",965.42,50,6
"17279",820.58,52,4
"172824",1280.57,50,5
"172828",1128.12,85,6
"172840",1128.12,50,6
"17288",1128.12,50,6
"172900",36.37,50,5
"172962",1128.12,50,7
"173022",59.22,50,5
"173080",1128.12,112,6
"173122",1128.12,50,5
"173261",1128.12,112,4
"173366",128.95,54,10
"173399",180.89,80,6
"173535",1128.12,50,6
"173543",1128.12,56,4
"173608",1128.12,57,7
"173631",1128.12,50,9
"173651",1128.12,85,4
"173682",1128.12,62,5
"173715",745.19,50,4
"173723",1128.12,140,4
"173788",4866.09,50,6
"173834",1226.37,56,6
"173860",1128.12,85,6
"173878",1399.64,57,6
"173908",1840.34,50,6
"173982",50.6,51,5
"174017",1919.84,72,7
"174043",1538.06,54,6
"1741",2975.68,100,6
"174162",1128.12,68,5
"174174",1928.61,50,6
"174182",4232.96,50,7
"174187",510.52,63,4
"174196",1128.12,58,6
"174272",828.42,95,7
"174307",528.91,50,8
"174350",1128.12,80,9
"174373",1128.12,52,8
"174422",1423.73,165,4
"174431",2091.74,50,7
"17450",1128.12,50,8
"174512",258.28,60,5
"174528",1128.12,90,7
"174673",5354.97,50,6
"174676",918.81,50,5
"174681",1128.12,50,6
"174720",1128.12,50,4
"174755",3906.87,65,9
"174790",76.63,50,6
"174848",1128.12,72,9
"174856",1128.12,50,6
"174891",1723.79,62,6
"175039",1128.12,50,6
"175056",1101.99,50,7
"175089",159.09,50,4
"175095",1128.12,50,10
"175126",85442.21,90,7
"175136",395.24,85,7
"175145",1128.12,84,7
"175183",1128.12,50,11
"175195",1128.12,60,4
"17520",316.62,50,5
"175329",1902.69,58,5
"175334",1128.12,95,5
"175345",66.31,54,4
"175357",1517.2,50,8
"175384",5.08,50,4
"175394",500.82,50,7
"175407",872.34,50,4
"175443",1128.12,72,6
"175548",5560.69,50,4
"175620",250.52,86,5
"175660",225.15,55,9
"175684",627.21,80,9
"175691",1128.12,62,6
"175747",1128.12,50,7
"175753",1385.03,106,6
"175771",1128.12,50,7
"175829",1118.05,50,7
"175893",4388.61,50,8
"175914",1.49,50,5
"175933",1688.83,95,6
"175948",74.39,54,5
"175955",502.34,50,6
"17599",1700.93,50,6
"176019",2929.89,70,4
"176029",838.77,50,9
"176043",1029.35,50,6
"176049",6779.79,50,7
"176081",2256.24,118,6
"176082",5768.85,77,4
"176086",1128.12,50,5
"176104",2368,50,5
"176110",1815.03,50,5
"176119",762.25,90,7
"176130",1128.12,75,7
"176139",1402.53,118,7
"176154",350.99,80,7
"176163",1128.12,65,8
"176207",1128.12,62,6
"176212",983.8,50,6
"176221",1128.12,96,8
"176239",10155.54,50,5
"176282",69.29,50,10
"17635",1128.12,50,5
"176379",629.24,50,5
"176384",428.2,57,6
"176394",643.57,50,5
"176416",1128.12,85,5
"176433",1128.12,117,5
"176437",688.65,100,4
"176447",252.07,50,11
"176508",1206.24,57,5
"176532",1529.58,50,4
"176596",2586.66,50,12
"176627",20.62,50,11
"176675",497.74,55,5
"176708",1128.12,50,10
"176728",2256.24,77,4
"176730",1128.12,50,6
"176751",1128.12,116,5
"17678",1128.12,50,6
"17681",520.32,50,7
"176814",714.04,50,7
"176861",1424.79,50,5
"176882",1128.12,62,5
"176893",1192.34,62,6
"176908",2256.24,90,6
"176954",3103.3,95,7
"176958",474.4,62,4
"176987",1128.12,62,6
"177008",1128.12,90,7
"177019",1128.12,62,4
"177026",398.4,50,4
"177066",1128.12,50,7
"177087",2804.32,50,6
"17711",69348,50,6
"177118",1128.12,50,5
"177163",1128.12,125,4
"17717",1128.12,50,6
"177174",1257.65,100,4
"177179",1128.12,62,8
"177303",1128.12,64,4
"177321",1128.12,95,5
"177342",120.43,50,9
"177371",1128.12,62,4
"177373",1128.12,50,6
"177380",633.9,50,5
"177382",1128.12,50,4
"177418",228.67,50,7
"177450",1128.12,90,7
"177459",3818.41,80,6
"177468",12.03,100,4
"177474",1128.12,58,5
"177478",1128.12,100,4
"177488",520.03,50,4
"177515",1128.12,50,5
"177536",1053.06,50,4
"177540",1311.06,72,8
"177574",1388.55,60,7
"177600",1128.12,55,5
"177606",1450.21,105,4
"177623",87.3,50,4
"177650",198.93,54,5
"177671",688.26,118,4
"177728",1359.65,90,7
"177743",1128.12,50,9
"177806",2183.02,68,6
"177832",4556.48,50,5
"177852",1128.12,58,5
"177861",2890.24,50,4
"177869",72.56,50,5
"177894",5027.49,50,4
"177899",1128.12,50,5
"177900",4047.64,62,5
"177926",1215.41,65,5
"177935",1128.12,51,7
"177941",916.41,50,6
"177984",1220.38,55,4
"177988",2289.96,50,7
"178029",30947.15,80,5
"178031",1128.12,100,4
"178046",1128.12,50,5
"178061",392.23,50,6
"178085",1007.76,50,7
"178088",1128.12,58,10
"178109",1128.12,65,4
"178132",4084.86,53,14
"178161",1128.12,75,4
"178201",1014.29,50,12
"178211",1128.12,62,7
"178420",1616.42,106,5
"178459",1853.27,50,6
"17850",92.99,50,4
"178693",3256.32,52,6
"178731",143.83,90,7
"17948",649.46,50,5
"18037",1128.12,62,7
"18070",258.15,50,6
"18085",1128.12,50,7
"18134",5468.42,50,15
"18165",3714.99,100,7
"18179",25074.81,50,4
"18301",2514.57,50,10
"18417",57.77,50,5
"18464",10.16,50,7
"18492",1128.12,50,5
"18549",1128.12,85,9
"18698",2256.24,50,6
"1870",1692.29,50,5
"18718",1253,50,6
"18735",1128.12,50,5
"18748",1128.12,50,11
"18761",367.49,50,7
"18815",13.38,50,9
"18840",1128.12,50,5
"18844",7165.1,50,4
"18854",735.57,50,6
"18869",234.15,50,7
"18916",66458.9,50,10
"18926",770.54,55,7
"190",1981.84,60,12
"19064",956.84,50,6
"19170",1128.12,50,12
"19190",2703.84,50,5
"19195",10850.96,58,7
"19220",772.17,50,5
"19280",1232.63,50,7
"19326",2332.41,50,6
"19343",1128.12,50,6
"19374",63.86,50,4
"19424",1128.12,62,6
"19525",1128.12,50,4
"19548",1128.12,50,7
"19591",679.91,50,8
"1963",422.05,50,9
"19642",1057.94,50,6
"1967",76.22,51,10
"19677",240.86,50,7
"19731",1128.12,62,12
"19831",1368.55,58,5
"19857",504.93,50,4
"19871",1128.12,69,7
"19883",30829.41,68,6
"19887",2256.24,102,5
"19962",1128.12,50,7
"2000032",1172,57,8
"2000073",1450.14,50,5
"2000091",1172,60,5
"20001",4836.6,50,8
"2000189",1172,50,4
"2000199",1172,72,5
"2000237",1172,80,5
"2000290",556.14,62,7
"2000373",1172,54,4
"2000414",540.36,50,6
"2000445",1172,50,5
"2000583",1172,50,6
"2000691",1036,51,7
"2000742",1172,50,7
"2000875",1172,50,5
"2000888",1172,50,4
"2000937",1172,50,7
"2000995",1172,50,5
"2001039",1172,50,9
"2001075",1172,50,10
"20012",215.84,50,7
"2001322",1172,95,5
"2001329",1843.86,50,7
"2001401",1172,72,6
"2001431",586,90,5
"2001446",1172,85,5
"2001448",1172,80,5
"2001654",1172,61,7
"2001674",1172,68,6
"2001691",502.13,95,6
"2001718",1172,51,7
"2001774",1172,52,4
"2001824",4390.2,50,10
"2001855",1172,86,5
"2001876",1272.95,50,4
"2001897",1172,50,5
"2002080",1172,50,8
"2002120",1172,50,6
"2002145",356.68,106,6
"2002157",586,90,4
"2002243",20202.97,50,9
"2002315",586,50,5
"2002447",1172,53,6
"2002740",1172,50,6
"2002749",10966.6,50,7
"2002825",2216.14,50,10
"2002846",1758,50,5
"2002885",1205.1,50,4
"2002890",586,50,5
"2003158",1172,50,11
"2003277",1172,50,6
"2003491",2344,50,10
"2003524",1172,65,10
"2003714",2600.35,50,9
"2003777",1172,50,4
"2003808",1172,50,5
"2003922",235.27,125,4
"2003937",1172,72,5
"2004010",1760.14,100,4
"2004056",1172,68,6
"2004075",1172,50,9
"2004116",1172,50,5
"2004191",1172,50,5
"2004363",586,90,9
"2004365",1172,101,9
"2004566",1172,76,6
"2004580",1172,50,5
"2004659",2390.77,50,7
"2004715",1172,50,6
"2004764",17420.91,50,7
"2004794",1172,85,7
"2004978",1758,64,4
"2005092",728.66,60,4
"2005151",238,57,10
"2005167",1172,95,7
"2005508",1172,50,5
"2005556",1172,50,7
"2005602",1172,50,10
"2005635",315.57,78,5
"2005787",1187.55,50,7
"2005815",878.28,90,6
"2005877",1172,50,9
"2006016",1172,59,6
"2006074",1864.79,52,7
"2006125",586,68,10
"2006136",1172,50,7
"2006275",1172,68,4
"2006426",5520.64,95,4
"2006740",1172,67,10
"2006784",2368.08,71,4
"2006796",312.9,95,6
"2006811",1172,50,6
"2006812",1172,50,9
"2006831",3580.99,50,5
"2006894",1172,50,6
"2006901",1172,58,4
"2006941",1172,50,5
"2007014",586,60,7
"2007163",1172,61,6
"2007178",586,50,5
"20072",500,50,7
"2007220",1172,57,12
"2007372",1172,95,4
"2007413",1172,50,7
"2007585",1172,90,4
"2007669",1172,50,6
"2007724",79.53,64,11
"2007853",1172,50,10
"2007919",1172,50,7
"2008113",1172,50,6
"2008127",399213.66,50,4
"2008174",875.84,50,4
"2008376",237.3,75,6
"2008447",1172,50,6
"2008483",1172,50,4
"2008505",11276.35,95,5
"2008686",1172,50,5
"2008765",1172,50,4
"2008815",5722.45,125,6
"2009027",1172,66,4
"2009064",586,50,5
"2009138",1172,50,7
"2009194",624.89,50,4
"2009256",89811.14,50,6
"2009411",1038.91,50,7
"2009440",1172,50,5
"2009456",1400,125,5
"2009558",2584.54,68,5
"2009573",1172,50,10
"2009582",1172,50,7
"2009630",1172,50,15
"2009635",4850.14,50,6
"2009651",1172,50,10
"2009692",586,90,4
"2009731",1172,63,7
"2009772",1172,76,7
"2009790",3156.48,76,10
"2009931",1172,50,6
"2009981",1172,85,6
"2010069",1172,95,4
"2010073",1172,50,4
"2010120",268.54,96,5
"2010166",1172,75,7
"2010178",1172,76,4
"2010465",1172,55,9
"2010487",1172,55,4
"2010585",1728.14,90,5
"2010627",2550.71,50,7
"2010659",1172,58,5
"2010745",1172,50,7
"2010911",586,50,7
"2010978",1172,62,6
"2011010",1870.09,80,7
"2011070",1172,50,7
"2011162",1172,85,5
"2011234",1172,80,4
"2011327",586,50,5
"2011491",3312.49,50,5
"2011502",586,59,10
"2011598",1172,85,5
"2011657",1172,50,12
"2011741",1172,125,4
"2011765",1172,51,10
"2011830",1172,95,5
"2011880",1172,118,7
"2011937",1172,50,5
"2012118",1172,57,4
"2012131",1172,50,10
"2012267",1172,60,11
"2012357",9892.41,60,5
"2012363",1519.07,50,6
"2012384",1726.97,50,10
"2012405",586,50,6
"2012416",1728.14,54,12
"2012525",1172,50,9
"20126",1189.41,55,9
"2012728",2420.6,64,5
"2012966",1728.14,64,4
"2012994",1172,50,9
"2013201",1172,50,7
"2013231",1172,95,4
"2013336",71.76,50,4
"2013456",2750.64,50,11
"2013633",1172,50,5
"2013745",1172,50,10
"2013875",789.5,64,5
"2014079",7441.12,50,4
"2014138",586,50,8
"2014213",1142.14,62,10
"2014231",1172,50,7
"2014394",1172,50,5
"2014437",136.34,50,7
"2014499",1172,50,6
"2014651",1428.22,68,6
"2014706",1172,50,6
"2014742",1172,56,4
"2014931",1172,50,4
"2015001",519.64,51,4
"2015100",60.76,85,15
"2015107",1172,100,4
"2015137",586,95,8
"2015204",295.11,71,10
"2015383",1172,50,8
"2015441",586,68,10
"2015524",1172,85,4
"2015655",1016.07,85,4
"2015661",1172,68,4
"2015816",1172,50,10
"2015823",3847.17,100,10
"2015923",1172,50,7
"2015983",1172,50,4
"2015987",1172,50,12
"2016018",1172,53,4
"2016159",1172,50,15
"2016199",1172,85,8
"2016223",1172,50,11
"2016229",1172,50,7
"2016246",1172,50,10
"2016279",1172,50,10
"2016338",1172,50,7
"2016467",7721.1,50,7
"2016558",1172,50,6
"2016628",1172,50,10
"2016825",556.14,50,7
"2016850",2953.77,50,7
"2016946",1377.15,100,9
"2016967",1172,50,8
"2016969",1817.09,50,6
"2016974",1172,57,6
"2017101",676.97,80,10
"2017328",1172,51,10
"2017364",1204,54,11
"2017388",1172,112,6
"2017422",426.36,95,8
"2017553",1172,51,7
"2017645",1172,50,11
"2017681",1172,50,10
"2017823",1516.54,95,6
"2017833",1172,95,10
"2017973",1172,50,4
"2018010",1172,95,6
"2018098",1172,85,5
"2018195",3304.55,80,6
"2018241",1172,95,4
"2018253",1172,72,7
"2018296",586,50,5
"2018339",1172,72,4
"2018473",1172,50,7
"2018499",1172,50,4
"2018582",586,57,4
"2018587",2341.54,50,4
"2018642",1172,54,4
"2018659",1172,50,7
"2018786",835.65,95,10
"2018815",363.78,60,4
"2018820",460,85,5
"2018949",1626.48,50,4
"2019075",1172,50,10
"2019102",1172,50,4
"2019116",1172,50,7
"2019223",1172,50,9
"2019235",1172,50,5
"2019385",2344,56,7
"2019485",1172,100,4
"2019513",1172,50,8
"2019564",2367.71,100,7
"2019568",1172,51,4
"2019616",1172,50,4
"2019694",1172,50,10
"2019696",1172,50,10
"2019767",436.25,50,5
"2019791",1172,100,4
"2019991",1172,50,6
"2020017",1172,56,5
"2020031",1110.69,80,7
"2020061",1172,70,6
"2020081",3050,80,4
"2020093",1172,95,5
"2020102",3235.83,50,11
"2020202",198.18,62,5
"2020209",392.39,100,7
"2020238",1172,50,5
"2020249",5703.89,100,6
"2020287",1172,50,10
"2020386",1290.14,68,4
"2020446",1172,50,6
"2020455",1172,80,10
"2020527",1172,106,4
"2020546",1172,67,15
"2020599",1543.62,100,4
"2020618",1172,50,6
"2020679",4449.54,50,10
"2020722",1172,50,4
"2020844",1172,55,7
"2020856",556.14,50,10
"2020857",586,50,8
"2020974",1211.18,100,7
"2021002",1272.2,85,6
"2021056",1172,100,6
"2021067",6799.1,95,5
"2021089",556.14,72,6
"2021442",1172,95,6
"2021568",586,50,6
"2021732",1172,95,7
"2021809",1172,61,4
"2021927",1172,80,6
"2022004",1172,50,6
"2022083",1172,50,7
"2022128",3278.74,95,9
"2022136",1172,50,8
"2022243",3153.99,95,6
"2022251",3475.16,76,4
"2022419",1172,50,5
"2022555",1172,95,6
"2022613",1385.48,71,6
"2022624",443.69,90,7
"2022660",1172,100,4
"2022690",2351.14,72,6
"2022753",1400.42,50,4
"2022836",1172,50,7
"2022844",1172,50,8
"2022902",1172,54,6
"2022905",586,50,7
"2022990",1172,100,6
"2023026",586,64,4
"2023118",652.2,68,4
"2023176",1172,71,4
"2023194",1172,51,4
"2023276",12738.49,50,5
"2023397",1172,50,10
"2023453",1172,80,11
"2023483",1172,95,4
"2023557",1172,90,5
"2023580",586,76,7
"2023742",2344,50,8
"2023847",1172,50,4
"2024033",1172,85,6
"2024107",2778.94,95,7
"2024141",1175.88,50,10
"2024184",586,50,4
"2024269",1172,52,6
"2024316",2707.42,50,8
"2024336",1172,100,7
"2024475",1172,85,5
"2024493",1172,50,4
"2024593",1172,50,6
"2024681",1172,69,5
"2024883",1172,55,5
"2024925",1172,90,6
"2024945",1172,50,7
"2024998",1172,80,7
"2025055",1172,50,5
"2025093",586,100,4
"2025150",1172,100,5
"2025208",1172,52,7
"2025367",9000,50,4
"2025383",2080.01,100,4
"2025427",1172,50,4
"2025429",71.76,50,4
"2025810",1172,50,4
"2026028",91.19,80,8
"2026059",948.26,100,6
"2026085",2335.73,125,5
"2026207",1172,64,6
"2026266",1172,50,7
"2026516",2057.74,50,4
"2026797",1548.32,64,7
"2026804",1172,95,5
"2026939",84.92,50,7
"2026951",1172,50,10
"2027107",1172,50,4
"2027150",5372.15,60,4
"2027171",1172,100,4
"2027215",1036.51,85,6
"2027373",1172,90,9
"2027406",1172,50,10
"2027449",1160.97,50,9
"2027521",2704.89,100,5
"2027522",1172,100,7
"2027853",919.52,50,6
"2028141",1172,50,7
"2028213",1677.4,72,7
"2028273",370.02,54,4
"2028356",1172,54,4
"2028379",1172,90,4
"2028842",3152.29,100,5
"2028853",586,76,7
"2028881",9048.1,95,11
"2028995",1172,72,4
"2029016",1172,50,7
"2029058",1172,62,7
"2029196",1172,50,7
"2029303",4648.34,50,4
"2029534",2285.54,90,4
"2029566",1172,80,6
"2029792",940.1,54,10
"20299",1128.12,50,6
"20319",402.79,50,8
"20324",1128.12,50,7
"2033352",586,93,8
"2034850",1172,57,10
"2034851",1370.56,57,10
"2034946",1172,50,5
"2034961",1172,50,6
"2034965",586,80,6
"2035303",1172,50,5
"2035365",1172,112,7
"2035418",1261.99,75,7
"2035545",1172,50,4
"2035710",1653.02,80,7
"2036085",1172,95,6
"2036127",556.14,50,11
"2036238",1172,85,13
"2036516",1172,50,11
"2036728",1172,58,11
"2036778",586,50,11
"2037050",1172,66,9
"2037210",143.4,50,10
"2037489",1172,50,6
"2037830",1172,100,6
"2037867",2090.69,50,4
"2038447",1172,70,7
"2038705",3291.45,90,5
"2039018",817.53,50,12
"2039152",1172,50,7
"2039185",556.14,54,7
"2039337",1172,100,4
"2039346",377.64,85,6
"20394",795.38,76,5
"2039492",1726.14,52,4
"2040173",586,50,7
"2040731",5992.6,54,8
"2040869",1172,54,8
"2041020",1172,50,8
"2045857",314.3,50,6
"2045888",1780.32,54,4
"2045891",866.89,80,6
"2045986",1172,50,7
"2046080",1172,50,6
"2046113",773.99,61,4
"2046176",1172,50,5
"20462",2163.72,50,11
"2046225",989.11,50,6
"2046304",1172,50,5
"2046307",1172,50,6
"2046325",76.01,50,6
"2046341",943.98,50,5
"2046399",158.55,50,5
"2046415",1172,50,5
"2046508",1172,62,5
"2046522",13293.38,50,7
"2046525",2535.11,50,7
"2046547",369.74,50,15
"2046571",612.48,50,4
"2046630",1172,50,6
"2046651",586,50,6
"2046718",1172,62,13
"2046745",1172,50,5
"2046802",1172,50,6
"2046817",972.46,50,7
"2046840",1172,50,6
"2046903",386.62,50,6
"2047017",6022.33,58,5
"2047152",1172,50,4
"2047212",1172,50,5
"2047295",1172,50,12
"2047304",1172,62,4
"2047325",74.61,50,6
"2047348",1172,85,9
"2047416",1172,50,12
"2047533",1172,50,7
"2047561",1172,50,6
"2047663",586,50,4
"2047689",1172,50,5
"2047708",39.28,50,7
"2047720",1172,50,6
"2047763",1172,50,6
"2047795",586,50,7
"2047833",1172,50,5
"2047991",46.91,50,10
"2048000",1172,50,5
"2048040",65.64,50,7
"2048205",1172,55,4
"2048324",1311.02,50,9
"2048346",1172,62,11
"2048356",93.52,50,7
"2048408",51.54,50,4
"2048419",1500,64,7
"2048476",795.87,50,6
"2048525",77.5,50,6
"2048540",1172,50,7
"2048600",978.47,50,7
"2048645",1172,50,6
"2048731",4367.81,50,7
"2048756",1425.84,50,6
"2048760",66.98,50,6
"2048852",1172,50,6
"2048903",1172,50,5
"2048931",4842.64,50,4
"2048976",3000,50,6
"2049020",1172,80,7
"2049031",1172,50,7
"2049047",1172,50,6
"2049088",1172,50,5
"2049119",271.65,55,7
"2049183",1172,50,7
"2049199",586,50,6
"2049386",8180.49,50,7
"2049424",3955.45,50,7
"2049483",1172,50,4
"2049536",197.42,50,7
"2049654",3663.57,54,5
"2049667",1172,50,7
"2049675",46.47,50,7
"2049761",3878.52,50,5
"2049766",1172,50,7
"2049795",1172,62,4
"2049810",7172,50,6
"2049904",5607.36,50,6
"2049936",1172,50,5
"2049938",1172,50,7
"2049963",1172,50,7
"2050052",1172,50,6
"2050255",3286.11,50,7
"20503",2821.16,50,7
"2050444",1172,50,5
"2050511",15.98,50,6
"2050587",1172,50,7
"2050630",1172,50,6
"2050706",1172,50,7
"2050741",649.55,50,7
"2050858",670.68,50,7
"2050906",152.45,50,6
"2050959",97.7,57,5
"2050960",1172,50,7
"2051008",1172,106,5
"2051037",6422.09,50,7
"2051046",76.05,50,9
"2051103",1172,62,4
"2051107",1728,50,4
"2051108",1172,50,10
"2051146",1476.22,50,6
"2051197",264.56,50,4
"2051208",159.81,57,6
"2051242",1172,80,7
"2051256",4449.86,50,5
"20513",858.28,50,4
"2051324",1172,50,4
"2051334",1172,76,7
"2051353",1172,50,7
"2051367",69.36,50,7
"2051370",1172,50,7
"2051375",1172,100,5
"2051376",1172,50,6
"2051389",1169,95,7
"2051446",1172,50,7
"2051454",1172,50,7
"2051512",8860,90,10
"2051524",1172,100,8
"2051646",1172,50,5
"2051697",1172,106,4
"2051715",1172,71,5
"2051759",1172,50,10
"2051814",1939.99,58,5
"2051870",1172,62,4
"2051878",587.25,50,6
"2051958",1172,54,5
"2051988",1172,50,6
"2052004",3120.1,72,6
"2052141",2344,77,6
"2052198",6172,50,7
"2052214",2816.04,95,10
"2052230",940.71,50,5
"2052249",2670.6,53,5
"2052319",811.6,50,5
"2052363",1172,80,4
"2052581",78.16,50,5
"2052793",956.84,57,6
"2052812",72.55,55,5
"2052886",1172,50,7
"2052953",1172,69,6
"2052958",1034.89,50,5
"2052963",319.2,68,4
"2052999",1565.3,88,14
"2053039",1172,62,7
"2053117",743.45,50,6
"2053145",1172,51,6
"2053146",226.83,50,7
"2053159",1172,50,11
"2053176",1172,50,7
"2053189",1172,95,10
"2053194",586,50,5
"2053208",1172,50,7
"2053212",378.08,51,5
"2053218",86.8,60,5
"2053221",1172,62,5
"2053375",1172,118,7
"2053503",1897.74,80,6
"2053565",65.21,55,5
"2053575",1172,57,6
"2053663",1178.83,50,4
"2053671",1172,73,6
"2053904",1172,50,9
"2053964",3338.76,50,8
"2053971",1172,95,4
"2054078",463.07,68,5
"2054143",14291.82,95,6
"2054146",1172,50,4
"2054220",152.45,50,7
"2054308",1153.01,60,10
"2054337",1172,50,6
"2054385",3085.28,76,6
"2054458",1172,80,7
"2054463",1555.5,50,5
"2054554",1.09,50,6
"2054612",1408.81,85,5
"2054698",1172,50,4
"2054739",1172,50,7
"2054779",2099.57,80,4
"2054815",5763.62,50,6
"2054838",2180.24,50,7
"2054871",1323.07,100,10
"2054908",717.33,50,8
"2054970",1172,50,7
"2054988",1172,90,4
"2055000",872.47,97,14
"2055016",586,50,6
"2055020",1172,62,4
"2055085",1172,50,10
"2055115",1396.49,50,4
"2055132",1172,50,5
"2055185",91.25,54,11
"2055190",1629,50,7
"2055207",1284.06,50,7
"2055214",220.07,57,7
"2055275",1172,75,6
"2055292",586,51,7
"2055353",9591.13,50,7
"2055361",2135.03,54,6
"2055386",1172,50,7
"2055456",2121.8,50,5
"2055480",500,50,8
"2055520",417.35,50,5
"2055535",94.18,50,5
"2055540",692.06,76,5
"2055547",1172,50,8
"2055561",1172,50,7
"2055565",1172,64,10
"2055645",721.04,80,7
"2055651",1478.4,50,6
"2055692",1172,50,4
"2055712",205.6,83,7
"2055765",1789.59,50,7
"2055785",1098.18,76,7
"20558",1128.12,50,7
"2055831",152.45,50,11
"2055918",1172,50,9
"2055962",251.15,54,7
"2056066",184.52,79,6
"2056101",236.45,52,6
"2056210",1172,50,7
"2056229",472.55,62,7
"2056237",1172,82,6
"2056274",1172,112,4
"2056329",344.78,58,4
"2056342",1172,125,5
"2056345",1303.09,83,4
"2056356",1172,72,5
"2056623",20135,77,7
"2056684",1172,50,7
"2056685",52.5,50,7
"2056722",91,50,4
"2056766",1172,62,10
"2056870",367.58,50,6
"2056875",5659.32,64,8
"2056927",1172,58,6
"2056978",1172,50,8
"2056997",1172,90,5
"2057011",1172,64,6
"2057053",1181.44,50,4
"2057055",1615.5,106,7
"2057143",370.66,50,6
"2057176",1152.93,50,6
"2057183",1172,50,4
"2057230",1172,50,8
"2057361",38.34,51,10
"2057396",202.85,51,11
"2057473",1172,85,10
"2057563",46,50,5
"2057566",1172,53,11
"2057580",1739.68,50,5
"2057660",1172,50,5
"2057718",76,50,5
"2057722",1344.4,50,5
"2057755",193.05,50,6
"2057792",1172,102,8
"2057881",1172,91,6
"2057918",64.97,50,6
"2057935",2839.28,80,9
"2058",704.18,70,9
"2058046",300.61,50,7
"2058128",78.16,50,7
"2058160",3207.61,76,6
"2058296",405.44,50,11
"2058324",1172,50,5
"2058344",80.92,100,5
"2058382",1172,95,4
"2058441",1172,50,5
"2058446",1212.76,50,7
"2058489",80.92,64,7
"2058510",1364.97,76,5
"2058542",3421.86,50,6
"2058544",94.49,57,4
"2058571",120.01,51,6
"2058582",1172,58,8
"2058606",300,50,6
"2058688",1172,58,6
"2058712",1172,50,11
"2058716",1172,68,8
"2058722",1172,50,7
"2058772",1172,50,8
"2058803",811.9,50,7
"2058813",1172,147,5
"2058823",2117.26,77,8
"2058965",389.87,55,10
"2058972",1172,50,9
"2058977",1172,106,5
"2059011",2672,55,4
"2059015",1172,140,7
"2059045",1172,100,7
"2059057",523.76,50,5
"2059092",1197.42,50,10
"2059113",2050.86,50,8
"2059130",412.36,50,7
"2059151",3601.6,54,5
"2059229",953.03,88,6
"2059283",1172,50,5
"2059372",1172,65,6
"2059480",1172,80,5
"2059505",2172,50,4
"2059520",1952.24,53,8
"2059550",4222.41,50,6
"2059589",2672,80,6
"2059593",2408.21,76,6
"2059672",1172,71,10
"2059684",1172,58,7
"2059694",180.31,50,5
"2059713",5.95,50,6
"2059725",574.45,53,6
"2059841",1172,106,4
"2059901",1172,50,5
"2059974",1172,50,7
"2059978",1172,59,7
"2060030",1172,62,6
"2060044",782.03,50,9
"2060149",1172,50,6
"2060151",1172,50,6
"2060189",2797.06,77,7
"2060226",1172,85,5
"2060313",61.2,50,8
"2060316",1172,90,7
"2060324",1172,74,7
"2060406",2564.02,85,6
"2060409",2344,156,6
"2060451",1172,58,5
"2060452",1172,85,7
"2060454",2344,100,7
"2060495",77.48,80,7
"2060504",74,100,6
"2060579",1172,100,5
"2060689",1172,56,5
"2060764",1337.58,50,4
"2060782",1172,50,5
"2060841",442.65,50,5
"2060853",873.7,50,6
"2060859",1172,50,7
"2060865",353.67,50,8
"2060873",74,50,7
"2060900",1172,58,6
"2060946",1172,50,6
"2060985",1172,59,9
"2061005",175.67,50,7
"2061039",2672,64,6
"2061041",2672,64,5
"2061054",110.09,85,7
"2061080",1182.91,112,7
"2061098",76.49,63,6
"2061136",1021.17,57,7
"2061170",123.04,50,5
"2061195",1172,58,8
"2061322",280.45,80,5
"2061325",1172,94,7
"2061387",2346.77,56,7
"2061471",69.97,50,9
"2061480",1115,50,14
"2061482",1390.49,58,6
"2061531",4157.74,59,5
"2061533",1172,50,7
"2061534",5172,72,9
"2061552",247.21,50,4
"2061575",1506.82,55,8
"2061634",76.21,50,7
"2061683",1172,50,7
"2061685",1583.71,55,5
"2061689",258.9,50,7
"2061723",1172,60,8
"2061772",209.4,50,5
"2061803",4193,62,4
"2061849",1172,76,7
"2061892",257,71,6
"2061932",1253.33,55,9
"2061939",1172,75,6
"2061941",4054.1,64,6
"2061948",65.78,50,6
"2061957",1246.15,50,5
"2061979",1172,100,6
"2061980",1172,60,4
"2061986",682.98,72,6
"2061991",629.05,50,4
"2061995",2451.02,64,9
"2062001",1172,50,8
"2062071",1172,50,4
"2062077",198,61,5
"2062086",1172,67,6
"2062089",1172,50,11
"2062141",1172,100,7
"2062152",1172,69,5
"2062171",2497.1,50,10
"2062191",700.77,68,6
"2062204",1172,60,5
"2062247",2344,50,6
"2062263",1172,50,5
"2062297",762.69,67,6
"2062310",1025,50,6
"2062353",1523.22,50,5
"2062406",11715.01,50,7
"2062425",1172,80,5
"2062428",1248,67,7
"2062451",778.86,50,6
"2062492",594.74,50,6
"2062554",1172,85,5
"2062594",3527,50,6
"2062645",1512.18,50,4
"2062657",1172,50,6
"2062675",4114.04,68,6
"2062694",1172,50,6
"2062754",12000,50,7
"2062779",586,68,6
"2062834",1172,76,6
"2062871",1172,100,9
"2062885",211.96,86,5
"2062896",1172,72,6
"2062900",1172,64,6
"2062946",1172,50,5
"2062998",183.35,62,4
"2063001",399.15,50,8
"2063080",742.57,50,6
"2063099",1172,58,6
"2063119",148.33,50,7
"2063214",2563.92,95,4
"2063237",1172,62,6
"2063253",1603.98,112,6
"2063257",1172,80,9
"2063271",1172,60,7
"2063300",1172,71,7
"2063320",522.33,50,6
"2063353",247.14,50,6
"2063363",718.92,85,9
"2063419",90.8,95,7
"2063472",466.33,68,6
"2063484",1970.01,68,6
"2063558",586,71,6
"2063584",1172,60,7
"2063610",4320.44,50,6
"2063620",1172,80,4
"2063712",13343.04,50,11
"2063742",423.02,60,7
"2063788",1172,50,5
"2063834",3026.91,64,4
"2063869",723.36,125,5
"2063931",2172,100,6
"2064083",1172,50,7
"2064140",1023.27,50,7
"2064176",20602.99,50,5
"2064278",1195.8,100,5
"2064279",5825.66,100,5
"2064282",112.75,68,7
"2064361",1172,50,6
"2064433",1172,50,10
"2064497",424.6,72,7
"2064511",10371.62,50,5
"2064520",1172,50,6
"2064559",1172,55,6
"2064616",6.73,50,8
"2064642",1172,88,10
"2064670",1172,106,7
"2064716",2172,55,6
"2064738",283.63,51,8
"2064776",1172,50,5
"2064788",1388.45,50,6
"2064841",1172,100,7
"2064925",55.83,50,7
"2064928",2772.56,50,4
"2064939",2344,69,10
"2064952",3049.72,50,5
"2064958",230.01,68,5
"2064978",2344,112,10
"2064989",553.99,60,4
"2065028",1172,95,5
"2065030",71.1,50,4
"2065107",1495.34,50,4
"2065148",1172,50,4
"2065182",1172,50,7
"2065217",1172,63,7
"2065269",1172,50,5
"2065349",1172,50,6
"2065394",294.37,50,7
"2065404",1172,50,7
"2065439",1871.86,50,6
"2065476",642.78,50,6
"2065500",1172,50,6
"2065509",282.05,50,4
"2065628",1429.59,50,4
"2065644",1172,50,7
"2065645",1172,50,7
"2065663",1172,65,8
"2065704",3881.5,50,9
"2065752",1172,50,4
"2065765",1172,50,6
"2065783",939.15,50,4
"2065815",1172,50,7
"2065916",27.5,64,7
"2065929",1172,57,9
"2066027",1487.59,50,7
"2066071",82.05,50,6
"2066077",1172,50,4
"2066108",6295.77,62,8
"2066137",1172,112,7
"2066211",1172,60,7
"2066256",1172,77,5
"2066284",1172,72,7
"2066373",1172,50,6
"2066418",1073.47,55,6
"2066443",1172,50,6
"2066445",42.25,57,9
"2066490",5662.86,62,5
"2066509",1172,50,5
"2066517",1385.59,50,7
"2066518",76.5,50,7
"2066551",1471.41,50,6
"2066583",696.07,95,4
"2066609",1172,50,8
"2066629",2335.38,64,8
"2066639",1444.35,80,7
"2066667",1010.56,63,5
"2066704",1172,63,6
"2066741",251.54,60,9
"2066801",622.11,50,6
"2066821",1172,100,6
"2066824",1172,55,5
"2066872",1172,62,4
"2066875",1172,50,4
"2066898",190.95,51,8
"2066921",586,56,11
"2066929",1205.62,50,6
"2066944",1172,50,4
"2066994",908.64,50,8
"2067017",1224.08,50,6
"2067032",1172,62,6
"2067089",1172,125,4
"2067157",1657.5,85,6
"2067161",1172,57,5
"2067181",62.04,50,6
"2067244",1172,50,5
"2067261",931.59,50,7
"2067262",72.31,50,7
"2067299",745,58,6
"2067348",1172,68,5
"2067365",1172,50,8
"2067394",1172,50,7
"2067420",3311.99,50,6
"2067495",1172,50,6
"2067582",2344,58,7
"2067678",1172,53,7
"2067685",1172,50,7
"2067728",837.7,50,7
"2067754",1172,58,6
"2067767",500,69,6
"2067817",1172,50,4
"2067851",1343.42,62,7
"2067891",2198.01,112,7
"2067898",1172,85,6
"2068095",1672,72,6
"2068102",1172,58,9
"2068105",1172,82,5
"2068148",1000,118,10
"2068306",80.49,57,4
"2068340",71.28,76,4
"2068367",586,95,10
"2068371",1172,77,9
"2068377",1172,64,9
"2068397",1172,88,5
"2068434",1172,50,5
"2068473",1172,64,4
"2068480",410,60,5
"2068499",2046.22,50,7
"2068516",1172,95,10
"2068526",293.4,58,6
"2068543",1172,50,7
"2068567",1172,112,6
"2068585",83.12,80,6
"2068594",1172,80,7
"2068652",1172,50,5
"2068683",1167,54,5
"2068701",112.15,80,7
"2068704",1172,125,6
"2068770",1172,90,5
"2068772",586,76,7
"2068794",1172,68,9
"2068807",1172,100,9
"2068861",1172,55,4
"2068865",1247.47,72,9
"2068915",1172,50,9
"2068931",1172,77,6
"2068951",1172,67,6
"2068979",1398.59,54,7
"2069055",1172,61,4
"2069076",1237.1,51,6
"2069082",1172,62,7
"2069131",4222.74,50,6
"2069144",123.31,50,7
"2069200",75.46,76,6
"2069214",1172,63,6
"2069222",1172,90,7
"2069271",2344,100,4
"2069353",2344,92,6
"2069394",995.61,55,6
"2069422",1172,50,4
"2069431",1172,50,6
"2069492",2344,62,6
"2069498",75.47,50,6
"2069530",829.21,50,11
"2069535",864,50,5
"2069702",660.84,90,7
"2069710",1047.74,90,5
"2069716",1028.08,50,4
"2069718",3172,50,5
"2069729",1172,80,4
"2069763",2638.48,50,6
"2069794",1172,55,7
"2069855",2000,50,5
"2069898",159.43,68,6
"2069943",908.22,100,6
"2069962",1172,72,6
"2069983",945.97,73,8
"2070026",586,50,6
"2070075",1405.5,50,8
"2070087",879.51,50,5
"2070106",1172,50,6
"2070114",2532,50,5
"2070121",2344,132,4
"2070127",1833.97,78,5
"2070144",1172,50,4
"2070170",1172,50,6
"2070217",1172,85,4
"2070218",563.19,85,4
"2070222",1172,71,6
"2070246",645.15,118,5
"2070258",1172,62,7
"2070259",1172,62,7
"2070262",210239.33,140,4
"2070278",1172,50,8
"2070311",313.32,50,5
"2070334",1330.82,50,7
"2070342",1172,50,8
"2070360",1172,72,10
"2070453",1250.39,90,4
"2070533",78.16,64,5
"2070565",1172,118,4
"2070570",87.61,106,5
"2070599",337.2,85,6
"2070609",545.11,50,6
"2070739",167.18,51,5
"2070741",167.28,50,15
"2070748",2344,77,5
"2070775",1161.32,95,6
"2070887",1172,50,7
"2070939",1458.67,50,5
"2070948",1376.3,50,4
"2070975",1172,50,5
"2070986",1172,76,4
"2071050",2944.78,51,5
"2071076",439.96,50,5
"2071094",1172,50,5
"2071097",5172,76,4
"2071101",1172,55,6
"2071141",1172,69,7
"2071184",6908.77,50,5
"2071220",293.9,50,8
"2071262",939.36,50,6
"2071290",1172,50,6
"2071294",1172,50,7
"2071368",1172,58,7
"2071390",1172,77,4
"2071404",3249.98,112,7
"2071418",77,50,7
"2071424",1998.23,50,6
"2071485",1172,80,9
"2071523",1352.02,76,12
"2071597",1172,95,5
"2071653",222.98,50,7
"2071661",2344,100,4
"2071679",1172,50,11
"2071682",743.94,62,7
"2071754",1172,62,5
"2071765",1964.01,64,8
"2071822",1172,72,6
"2071823",586,101,6
"2071838",2926.38,50,8
"2071871",854.63,60,8
"2071950",1172,90,4
"2071965",1172,50,8
"2071987",78.16,95,7
"2072021",537.7,58,6
"2072134",306.64,64,7
"2072149",1172,50,6
"2072155",33.81,106,7
"2072160",8379,50,5
"2072194",1172,68,5
"2072206",76,50,6
"2072235",1172,62,5
"2072249",867.93,50,6
"2072263",465.09,50,10
"2072274",1172,99,10
"2072298",656.45,51,6
"2072313",1764.06,85,10
"2072328",938,50,8
"2072355",795.47,50,5
"2072396",1172,50,7
"2072412",1172,68,5
"2072562",1004.09,80,9
"2072643",1172,50,4
"2072692",1172,50,6
"2072754",465.06,68,5
"2072814",36.13,50,7
"2072916",1172,67,6
"2072947",188.92,50,6
"2072956",1172,50,7
"2072978",600,100,8
"2072995",1172,56,6
"2073078",78.16,66,5
"2073144",1172,50,4
"2073224",237.5,50,4
"2073244",1172,50,6
"2073287",1172,50,5
"2073388",4100,50,5
"20734",1128.12,50,6
"2073402",1172,50,4
"2073415",1172,50,4
"2073455",1172,50,6
"2073459",675.04,50,4
"2073524",1172,78,7
"2073529",1172,68,5
"2073543",1239.47,50,4
"2073602",1172,50,7
"2073636",991,50,5
"2073672",201.01,60,5
"2073683",1172,50,9
"2073704",5672.73,50,7
"2073797",2493.42,76,6
"2073826",426.29,50,7
"2073861",127.63,50,4
"2073879",32.53,50,4
"2073908",1172,51,7
"2073922",724.14,50,6
"2073950",1172,50,6
"2073959",2377.31,62,4
"2073963",1172,95,6
"2074013",1172,50,6
"2074060",1520.16,50,4
"2074091",1172,50,5
"2074115",2046.81,58,5
"2074183",489.84,50,5
"2074225",1172,50,7
"2074244",507.69,50,5
"2074337",1172,125,6
"2074343",1172,50,10
"2074426",9548.36,50,4
"2074504",1257.1,55,6
"2074565",653.58,50,7
"2074593",1172,63,4
"2074616",4172,52,7
"2074668",1898.93,50,4
"2074693",1172,50,5
"2074724",1172,50,5
"2074733",1211.11,68,7
"2074799",1112.16,50,9
"2074834",1303.63,112,5
"2074861",65.1,55,7
"2074924",1172,62,5
"2074927",1172,55,13
"2074965",1391.51,50,7
"2075018",1172,58,5
"2075034",1172,95,6
"2075047",4172,84,8
"2075103",1172,50,4
"2075189",5850.85,50,7
"2075233",2344,62,6
"2075235",259.72,56,8
"2075239",600,106,5
"2075314",1172,72,4
"2075366",2600,100,5
"2075442",40.05,50,5
"2075459",1114.36,72,4
"2075467",3698.05,50,8
"2075469",1172,63,8
"2075476",1172,58,7
"2075480",151.9,50,8
"2075492",681.86,50,6
"2075498",1172,50,6
"2075506",275.85,50,7
"2075555",583.54,50,6
"2075585",1172,173,7
"2075630",3642.35,50,7
"2075668",1847.03,50,5
"2075695",3768.26,50,9
"2075714",1172,55,5
"2075815",1172,50,7
"2075854",366.49,50,7
"2075861",1172,50,7
"2075906",1172,50,7
"2075932",1672,50,6
"2075943",352.82,50,8
"2075968",70,50,6
"2076037",107,50,6
"2076041",1486.01,50,10
"2076056",2586,56,7
"2076079",678.13,50,6
"20761",1128.12,55,8
"2076133",1578.33,50,5
"2076160",2015.54,50,5
"2076169",1172,50,6
"2076218",70,50,6
"2076230",1172,55,4
"2076289",1294.95,72,5
"2076306",9224.59,50,6
"2076394",1415.11,50,5
"2076415",1262.25,50,10
"2076416",1172,50,4
"2076467",1172,50,5
"2076526",877.86,95,6
"2076532",258.62,50,6
"2076591",586,56,7
"2076637",1172,85,6
"2076672",321.6,50,5
"2076748",1172,61,10
"2076791",1172,67,6
"2076807",1172,62,6
"20769",1128.12,77,11
"2076930",1172,70,6
"2076984",776.01,50,6
"2076988",1694.18,62,7
"2077128",599.97,50,7
"2077144",2344,50,5
"2077166",1871.95,50,8
"2077182",584.15,60,6
"2077200",39850,55,4
"2077272",1172,62,7
"2077369",1172,76,8
"2077380",515.47,50,5
"2077404",1172,118,6
"2077436",1172,100,7
"2077506",48.19,50,4
"2077518",1981.84,55,6
"2077533",1172,50,4
"2077544",647.38,52,7
"2077554",1849.68,50,9
"2077569",63.43,50,6
"2077589",325.88,50,7
"2077608",1640.56,50,8
"2077644",449.4,57,4
"2077666",1172,95,7
"2077711",675.89,50,5
"2077796",807.91,50,4
"2077798",1172,50,6
"20778",1128.12,76,6
"2077803",4162.7,50,4
"2077809",17480.45,51,5
"2077813",883.99,56,5
"2077852",165.39,50,5
"2077875",1500.24,78,4
"2077880",1172,50,5
"2077941",1172,50,7
"2077976",1172,71,7
"2077992",1141.45,50,5
"2078015",1172,50,7
"2078066",390.98,50,7
"2078106",87.51,50,4
"2078131",288.03,50,6
"2078144",3747.2,50,4
"2078188",1151.05,55,8
"2078190",942.47,50,10
"2078213",11451.24,50,5
"2078281",1172,50,8
"2078300",1172,58,6
"2078308",1172,58,9
"2078359",80.13,50,4
"2078406",1786.17,101,6
"2078435",98.31,50,9
"2078462",79.36,50,10
"2078475",1563.77,78,7
"2078481",2643.07,90,9
"2078496",990.69,60,8
"2078498",10000,55,4
"2078501",1813.46,90,7
"2078542",198.62,57,6
"2078562",105.97,64,6
"2078579",625.74,50,7
"2078583",74.65,53,7
"2078598",75.98,50,5
"2078647",75.83,54,6
"2078650",1172,58,5
"2078708",1172,50,7
"2078722",1624.53,50,4
"2078725",677.04,54,7
"2078752",1073.31,50,6
"2078760",1172,55,10
"2078799",2344,73,6
"2078814",3000,50,5
"2078832",1172,56,8
"2078838",1172,50,8
"2078866",1172,50,6
"2078871",1172,55,5
"2078884",1172,50,5
"2078925",1172,62,5
"2078929",1172,85,11
"2078938",1172,50,7
"2078970",678.81,50,5
"2079083",1924.85,50,6
"2079122",570.84,50,7
"2079181",1172,59,5
"2079184",1172,50,5
"2079185",1172,50,12
"2079223",1172,50,5
"2079543",708.07,50,5
"2079553",1172,55,5
"2079557",1172,55,4
"2079565",1172,50,9
"2079602",343.32,74,9
"2079641",82,64,7
"2079649",662.54,76,6
"2079653",1172,100,5
"2079671",1520,76,9
"2079762",1246.19,60,8
"2079794",373.93,50,6
"2079818",1172,140,8
"2079860",1472.3,54,4
"2079917",586,50,6
"2079919",1472,50,7
"2079955",415.24,50,7
"2079963",4917.39,50,7
"2079992",1395,72,5
"2079999",1154.9,50,6
"2080009",1172,67,5
"2080012",1172,73,7
"2080014",1172,50,6
"2080016",2056.59,62,6
"2080068",1172,50,4
"2080072",35.33,54,7
"2080118",1172,50,7
"2080156",375.66,50,7
"2080204",2282,50,7
"2080223",4172,64,5
"2080235",1172,50,7
"2080244",1172,76,6
"2080284",573.69,85,6
"2080294",1172,50,6
"2080308",1172,55,6
"2080334",186.27,50,7
"2080360",2061.23,69,6
"2080402",1171.28,50,7
"2080404",5424,50,5
"2080484",2172,71,6
"2080503",67.46,50,7
"2080561",1172,100,5
"2080575",39172.64,60,5
"2080628",4559.61,80,7
"2080706",96.14,50,6
"2080727",1172,58,12
"2080797",1405.34,95,5
"2080834",1172,50,4
"2080842",81.39,54,6
"2080888",1172,50,7
"2080929",806.38,71,13
"2081045",1172,96,8
"2081092",1172,118,4
"2081150",1172,59,6
"2081184",4416.52,50,9
"2081236",1172,67,4
"2081278",586,63,5
"2081288",2338.51,50,4
"2081291",80,50,7
"2081344",12172,50,4
"2081347",73.18,50,6
"2081353",1172,55,5
"2081372",1072.61,50,7
"2081388",4158.51,50,7
"2081404",1172,50,7
"2081418",170.32,100,4
"2081460",454.29,50,11
"2081504",80.8,50,6
"2081510",1173.35,50,7
"2081572",850.79,60,7
"2081612",1172,71,6
"2081704",634.06,112,6
"2081718",1172,50,5
"2081724",25.77,50,14
"2081757",2344,106,5
"2081758",1172,62,5
"2081767",1172,50,5
"2081784",67986.88,50,5
"2081887",1093.61,50,6
"2081945",88.05,50,6
"2082059",78.16,50,4
"2082073",1172,50,7
"2082093",1172,76,5
"2082246",1329.14,50,5
"2082251",2994.32,55,5
"2082253",1172,58,7
"2082343",1172,50,6
"2082416",1172,50,7
"2082422",1172,50,7
"2082425",1068,60,9
"2082430",453.94,62,6
"2082434",1172,50,7
"2082445",1172,63,4
"2082550",2766.35,50,6
"2082574",1168.9,64,5
"2082616",1484.97,50,7
"2082620",1172,72,5
"2082646",5396,73,5
"2082677",38.44,85,5
"2082696",1172,106,5
"2082754",1172,100,8
"2082771",81.33,50,6
"2082809",1172,50,6
"2082818",1172,112,6
"2082845",85.8,50,5
"2082873",1172,63,6
"2082920",1172,50,5
"2082924",6195.9,50,6
"2082949",69.19,50,9
"2082957",1145,76,5
"2082990",1172,50,7
"2083003",1172,64,4
"2083016",80.91,60,5
"2083017",1172,64,7
"2083047",818.94,50,6
"2083096",3582.73,50,9
"2083124",3000,63,7
"2083132",924.43,50,4
"2083147",1172,68,7
"2083175",1172,100,8
"2083188",42542.89,50,6
"2083280",97.36,50,5
"2083294",170.65,50,6
"2083321",1172,80,7
"2083327",1172,82,6
"2083390",1158.75,50,5
"2083401",365.29,90,7
"2083404",19281.82,125,5
"2083422",1172,85,4
"2083434",473.21,106,4
"2083435",1172,50,7
"2083452",150.27,50,6
"2083458",798.05,51,10
"2083498",10000,100,8
"2083531",201.12,50,7
"2083547",4100.03,64,8
"2083569",1172,62,7
"2083612",124.1,50,8
"2083755",4172,100,4
"2083772",1172,100,4
"2083838",1326.62,50,8
"2083848",120.64,50,4
"2083900",1421.15,106,6
"2083903",1172,50,7
"2083915",1172,62,11
"2083964",3033,50,4
"2084014",1172,50,7
"2084018",76,50,6
"2084075",1172,80,6
"2084125",1151.31,50,6
"2084128",1172,50,6
"2084149",1500,50,6
"2084173",1172,71,6
"2084234",1172,73,5
"2084256",80.65,50,5
"2084260",1172,88,6
"2084277",1172,50,4
"2084282",77,60,7
"2084316",1172,50,5
"2084328",1172,50,5
"2084355",1172,77,6
"2084522",10000,81,6
"2084552",1172,80,6
"2084637",25.25,50,7
"2084644",632.57,50,5
"2084649",226.7,50,6
"2084664",1172,57,6
"2084674",1172,63,6
"2084687",586,50,6
"2084699",1172,57,4
"2084732",605.08,53,6
"2084746",746.6,72,9
"2084791",1739.38,56,6
"2084793",429.38,68,6
"2084819",30000,50,9
"2084829",1172,125,6
"2084830",16288.25,125,6
"2084839",72,50,7
"2084939",1172,50,4
"2084942",2172,73,6
"2084976",34.68,50,6
"2085",1852.28,50,9
"2085024",5000,50,6
"2085036",1172,50,7
"2085107",1172,61,8
"2085271",1172,50,6
"2085290",933.01,54,4
"2085338",586,50,9
"2085489",1863.23,76,4
"2085501",7767.63,50,6
"2085558",1172,50,7
"2085572",1098.31,50,5
"2085621",780.42,50,4
"2085652",2250,50,6
"2085700",1172,50,9
"2085704",1001,50,6
"2085716",1172,50,6
"2085735",1172,63,5
"2085746",1172,76,6
"2085757",1172,50,5
"2085760",70.01,50,5
"2085832",1172,72,6
"2085853",1172,68,7
"2085895",1309.12,58,7
"2085990",1172,62,7
"2086015",51.93,57,11
"2086095",1172,50,9
"2086120",615.61,68,6
"2086189",1393.83,50,4
"2086245",1172,62,4
"2086291",158.49,50,6
"2086341",1172,50,9
"2086351",1172,50,8
"2086362",2885.07,50,5
"2086486",289.21,90,5
"2086506",586,50,6
"2086521",1172,62,4
"2086530",1172,63,4
"2086538",1172,50,4
"2086613",1172,71,6
"2086633",2344,118,6
"2086697",1219.63,50,12
"20867",1128.12,50,4
"2086702",1172,58,7
"2086718",1172,95,11
"2086766",6216.22,50,10
"2086822",117.23,50,7
"2086830",1172,85,9
"2086872",788.31,50,5
"2086892",80.12,50,5
"2086912",1172,62,5
"2086931",1124.71,52,10
"2086947",6172,72,5
"2086963",1172,67,8
"2086971",1172,86,6
"2086991",1172,72,6
"2087065",1172,50,5
"2087070",522.86,68,6
"2087144",1172,95,6
"2087181",371.18,85,6
"2087203",1172,50,4
"2087231",1172,50,5
"2087242",1172,50,7
"2087243",504.94,50,7
"2087265",2058.23,50,7
"2087311",7888.08,50,7
"2087338",1172,63,6
"2087380",144.01,50,13
"2087464",1172,55,4
"2087521",1172,90,6
"2087526",1454.71,76,8
"2087535",2250,50,4
"2087541",1172,50,5
"2087585",2172,64,5
"2087618",1516.4,90,7
"2087620",1356.97,57,7
"2087638",129.08,50,4
"2087767",2864.64,65,7
"2087774",2099.32,50,8
"2087790",586,50,8
"2087803",806.16,85,5
"2087837",53.97,80,4
"2087868",1095.34,56,10
"2087886",1172,62,6
"2087899",1315,64,4
"2087925",1172,50,6
"2087999",1172,71,5
"2088068",1172,62,11
"2088087",2672,50,5
"2088094",1172,50,6
"2088097",839,50,6
"20881",3115.36,50,7
"2088101",1172,50,7
"2088107",1172,50,4
"2088130",205.82,55,9
"2088136",1172,50,7
"2088139",1965.07,97,4
"2088158",3385,50,8
"2088184",50880,51,4
"2088211",1172,50,4
"2088228",70,50,5
"2088233",1172,50,5
"2088265",1587.59,50,9
"2088278",1172,85,5
"2088293",1172,50,6
"2088303",1172,76,7
"2088307",77.5,50,6
"2088311",1172,85,6
"2088317",763.03,50,4
"2088321",1172,100,7
"2088369",2197.6,100,6
"2088399",1172,63,5
"2088418",1172,95,10
"2088421",1172,100,5
"2088422",1578.23,100,5
"2088463",77.5,68,6
"2088553",1172,85,6
"2088585",1775.22,64,4
"2088607",83,50,5
"2088667",1172,50,6
"2088679",1744.83,50,5
"2088695",1793,50,6
"2088791",1172,100,5
"2088843",253.42,50,4
"2088902",2126.62,50,6
"2088960",1172,77,8
"2088962",3590.34,50,8
"2088998",90.3,50,4
"2089000",1172,76,6
"2089083",754.49,68,5
"2089107",1172,50,6
"2089282",784.67,50,6
"2089305",122.43,90,5
"2089321",1172,62,4
"2089332",1172,95,5
"2089341",1172,58,6
"2089359",1172,76,5
"2089371",1172,62,6
"2089373",1172,50,10
"2089394",586,72,11
"2089418",1172,62,7
"2089424",25.8,64,7
"2089541",1172,50,5
"2089550",235.14,50,6
"2089601",2067.3,76,5
"2089638",4162.2,50,5
"2089648",1373.36,50,6
"2089666",1172,50,9
"2089672",1555.27,57,6
"2089713",1130.35,50,6
"2089808",1327.35,50,4
"2089820",696.25,77,4
"2089857",1172,125,11
"2089859",851.74,68,5
"2089968",1172,56,7
"2090097",1590.15,69,5
"2090122",2553.43,50,7
"2090132",706.52,50,6
"2090158",2530.05,50,5
"2090207",152.45,58,6
"2090215",1313.14,62,12
"2090303",843.25,50,11
"2090324",1172,62,7
"2090347",1758,69,9
"2090394",1389.13,50,5
"2090496",194.23,50,4
"2090521",1432.96,72,7
"2090529",3172,100,6
"2090537",1672,50,7
"2090710",1146.24,90,5
"2090718",733.33,85,7
"2090792",4172,51,9
"2090867",1172,50,11
"2090949",1172,50,6
"2090977",1172,50,9
"2091012",342.5,50,4
"2091023",76.01,50,4
"2091035",2054.49,50,7
"2091038",80.88,61,9
"2091045",1172,56,5
"2091061",1172,50,5
"2091064",913.96,80,5
"2091103",1172,50,5
"2091108",76.01,50,6
"2091114",1172,70,8
"2091216",1172,95,5
"2091259",1172,50,4
"2091264",883.12,50,8
"2091340",1172,64,9
"2091384",61.31,50,6
"2091392",2344,58,5
"2091470",1500,64,7
"2091476",1311.9,67,7
"2091503",1172,50,7
"2091600",1089.56,50,5
"2091605",1172,62,7
"2091609",1172,50,6
"2091664",4274.49,50,4
"2091689",1172,115,7
"2091710",1172,76,4
"2091763",6174.33,59,9
"2091766",236.18,50,9
"20918",1128.12,55,5
"2091824",1172,50,10
"2091868",540.21,65,6
"2091889",1172,62,5
"2091898",207.9,64,6
"2091942",1172,91,6
"2091970",1172,50,7
"2092007",4725.16,62,7
"2092031",1172,50,6
"2092185",1172,50,6
"2092282",3705.18,53,7
"2092338",1172,50,9
"20924",569.2,50,7
"2092404",3812.45,50,6
"2092464",1765.36,66,5
"2092482",1172,50,7
"2092500",874.9,56,7
"2092508",1158.17,50,7
"2092606",152.19,50,4
"2092662",283.52,50,7
"2092668",277.45,57,7
"2092690",256.81,50,5
"2092781",4105.91,90,4
"2092790",524.51,54,6
"2092825",120.3,95,10
"2092842",2335.04,50,9
"2092844",1919.07,95,10
"2092876",433.54,50,7
"2092915",523.29,64,10
"2092923",1172,50,6
"2092982",1172,50,11
"2092991",3172,77,7
"2092996",2130.35,50,7
"2093031",1172,50,5
"2093096",339.01,71,6
"2093134",13563.7,50,5
"2093157",20.85,68,5
"2093173",1172,50,6
"2093315",4183.33,72,9
"2093384",85.89,100,6
"2093390",1172,88,5
"2093452",1172,95,7
"2093532",1172,100,7
"2093534",1172,112,7
"2093554",616.57,55,7
"2093594",1172,90,9
"2093596",957.4,52,5
"2093660",3530.75,112,4
"2093675",1172,95,4
"2093755",1172,50,5
"2093808",74.02,80,7
"2093819",1241.55,90,6
"2093823",1781.99,50,5
"2093900",1172,63,4
"2093957",4732.68,54,6
"2093974",1172,50,5
"2093977",1120.24,55,4
"2093986",9620.85,50,6
"2094086",457.39,100,6
"2094093",1172,50,5
"2094097",433.25,50,6
"2094159",428.71,54,6
"2094163",584.59,95,4
"2094166",11.05,64,6
"2094179",452.59,54,6
"2094185",69.61,60,7
"2094193",19122.04,70,7
"2094265",1172,100,6
"2094277",1172,71,8
"2094286",15,52,8
"2094303",1883.31,95,6
"2094551",1253.32,50,7
"2094561",1166.86,50,8
"2094592",1172,112,6
"20946",716.23,50,5
"2094615",2600.86,76,6
"2094624",818.25,90,5
"2094636",2988.96,50,4
"2094730",418.34,50,6
"2094816",1172,112,6
"2094820",1088.96,50,5
"2094900",78.13,58,5
"2094958",1172,132,5
"2094985",2506.06,57,6
"2094995",915.61,50,6
"2095022",2750,95,6
"2095044",1270.9,50,5
"2095049",1172,90,6
"2095061",596.42,50,8
"2095106",1172,125,5
"2095111",1430.12,64,10
"2095157",1172,100,7
"2095190",158.32,85,5
"2095237",2632.99,50,6
"2095367",3691.49,50,5
"2095407",3172,50,11
"2095437",1172,50,6
"2095522",5909.2,85,5
"2095686",1805.1,90,4
"2095702",1172,67,6
"2095707",1172,76,8
"2095738",1172,72,6
"2095749",1172,112,9
"2095771",2346.62,57,8
"2095773",1172,71,9
"2095779",1172,67,4
"2095784",1172,62,5
"2095789",1398,50,5
"2095794",304.52,50,5
"2095807",98.32,54,7
"2095813",1172,54,9
"2095819",319.45,83,4
"2095829",15000,56,5
"2095835",1220.28,100,6
"2095851",779.94,50,6
"2095893",1172,54,9
"2095928",1172,57,8
"2095931",127,62,6
"2096004",2855.94,50,8
"2096342",1172,50,11
"2096598",1172,50,6
"2096687",1472,61,5
"2096693",261.96,50,13
"2096700",182878.18,55,10
"2096720",1172,50,6
"2096756",3172,50,6
"2096820",1172,50,7
"2096841",1172,50,6
"2096892",31.15,50,4
"2096907",282.27,52,5
"2096910",1172,50,7
"2096921",154.16,57,4
"2096963",1172,77,5
"2096969",699.1,50,5
"2097020",81.53,51,5
"2097033",1172,62,4
"2097042",50.66,50,4
"2097077",1900,50,6
"2097086",1172,95,6
"2097154",6950.73,50,5
"2097159",346.59,50,5
"2097202",1172,50,5
"2097208",1172,69,4
"2097259",1172,85,7
"2097289",438.98,50,6
"2097304",243,50,6
"2097308",1172,50,4
"2097322",1417.05,50,6
"2097356",890.68,59,4
"2097367",1172,100,6
"2097394",7475.48,95,7
"2097426",586,50,8
"2097449",1172,50,5
"2097474",3232.07,52,7
"2097503",1797.07,78,6
"2097523",2231.38,69,11
"2097537",861.49,85,4
"2097600",1172,50,5
"2097603",3654.41,77,10
"2097608",134.33,50,7
"2097630",5531,76,7
"2097687",1172,95,4
"2097726",1172,62,7
"2097921",241.03,50,6
"2098003",586,50,7
"2098071",1172,50,6
"2098074",2344,62,5
"2098090",70.62,50,6
"2098094",939.45,90,4
"2098193",78.16,50,7
"2098204",1172,100,5
"2098382",1172,77,6
"2098419",1172,50,6
"2098441",1172,75,5
"2098444",358.26,50,5
"2098457",1172,80,5
"2098473",2344,83,11
"2098478",122.16,50,7
"2098481",386.37,50,9
"2098513",1172,50,5
"2098598",16798.5,58,7
"2098608",1032.73,58,7
"2098639",1172,50,4
"2098714",1172,106,5
"2098851",1172,90,4
"2099038",570.45,118,7
"2099052",1461.14,58,5
"2099092",1172,50,7
"2099129",1172,50,10
"2099307",1172,112,7
"2099370",1172,95,7
"2099429",1931.21,57,5
"2099455",1172,50,5
"2099503",2881.27,95,6
"2099514",1172,95,6
"2099531",6131.88,125,5
"2099543",1133.69,72,6
"2099549",47.24,50,6
"2099575",1172,58,7
"2099591",141.24,50,5
"2099646",2172,50,6
"2099701",2969.51,50,5
"2099707",1172,95,4
"2099739",1172,62,6
"2099793",1224.25,55,5
"2099804",1996.66,62,5
"2099831",1490.4,50,6
"2099841",30.24,85,5
"2099914",92.05,50,5
"2100022",1172,50,6
"2100061",1249.1,85,6
"2100089",2264.92,100,6
"2100108",1172,50,6
"2100129",58.18,62,8
"2100148",1172,61,6
"2100205",1172,50,5
"2100228",1172,100,5
"2100234",2344,62,4
"2100277",129.16,50,6
"2100280",1172,63,11
"2100350",1489.53,50,4
"2100356",782.82,50,5
"2100401",80.51,60,7
"2100438",75.47,85,4
"2100590",2763.1,72,6
"2100595",1785.83,50,4
"2100601",4565.32,50,4
"2100703",1172,75,8
"2100746",1092.98,50,8
"2100830",2344,50,8
"2100878",1054.24,50,9
"2100881",85,50,8
"2100899",1672,50,5
"2100909",5388.94,90,4
"2100951",2284.3,90,4
"2100966",1172,50,5
"2100989",1172,81,5
"2101023",3000,76,5
"2101099",1472,50,7
"2101151",861.2,80,10
"2101154",1172,50,7
"2101157",5059.71,50,7
"2101175",586,59,7
"2101184",66.96,50,7
"2101186",1172,62,6
"2101195",1172,50,6
"2101212",92149,71,7
"2101257",189.77,54,8
"2101292",2254.11,50,5
"2101304",1944.83,50,10
"2101327",95.26,119,5
"2101365",1172,62,4
"2101396",1250.93,87,5
"2101447",762.36,50,5
"2101511",1172,82,4
"2101537",1172,50,4
"2101581",1172,64,6
"2101587",1250.94,50,7
"2101602",5507.71,50,7
"2101614",1172,80,5
"2101621",1172,62,4
"2101624",52.55,72,4
"2101660",1172,68,4
"2101684",446.14,55,4
"2101686",76.95,55,6
"2101695",76.5,64,9
"2101707",1172,68,7
"2101714",263,51,5
"2101746",1072.25,50,4
"2101764",16113,50,7
"2101778",1172,50,6
"2101791",1172,50,5
"2101818",11687.29,64,7
"2101822",643.06,50,10
"2101827",1172,118,7
"2101903",561.8,53,4
"2101905",2971.75,56,6
"2101906",1839.17,60,5
"2101936",219.15,50,5
"2101941",2424.5,68,6
"2101950",1172,58,7
"2102108",1172,50,6
"2102142",1172,50,5
"2102149",1172,118,4
"2102178",1172,58,5
"2102184",61.99,50,7
"2102186",1172,63,7
"2102251",855.57,57,9
"2102276",1172,100,7
"2102312",708.88,63,7
"2102314",1172,50,7
"2102333",2344,63,5
"2102343",1172,50,7
"2102366",1172,67,5
"21024",587.73,50,6
"2102402",586,90,4
"2102429",81.32,50,6
"2102432",274,50,7
"2102466",1172,118,4
"2102508",1172,68,5
"2102527",131.75,98,5
"2102545",267.79,50,6
"2102562",1172,68,11
"2102594",1172,71,7
"2102627",4003.95,100,7
"2102638",1172,88,6
"2102668",1172,58,7
"2103014",722.26,100,7
"2103019",111.89,85,7
"2103030",150,100,5
"2103091",70.2,100,4
"2103124",1800.84,50,4
"2103168",1111.02,50,5
"2103295",1976.11,100,7
"2103391",1172,125,5
"2103395",773.11,90,5
"2103409",89,54,6
"2103416",364.86,50,6
"2103433",1172,59,5
"2103455",1172,57,9
"2103492",3336.57,60,10
"2103498",423.57,50,7
"2103501",664.85,50,6
"2103508",2138.79,62,4
"2103511",1172,70,6
"2103551",1172,76,4
"2103561",2344,112,5
"2103565",1090.42,85,7
"2103592",72.55,50,7
"2103601",1172,59,4
"2103641",2649.1,100,9
"2103642",2809.82,95,8
"2103650",1172,76,6
"2103652",87.88,54,7
"2103771",1172,50,8
"2103784",7.47,50,6
"2103786",517.73,60,6
"2103813",2344,95,5
"2103822",1172,62,4
"2103831",1044.45,62,8
"2103849",84.32,90,9
"2103867",802.93,50,4
"2103877",690.26,64,10
"2103881",1172,62,7
"2103884",1400.99,50,5
"2103885",1172,62,5
"21039",217.89,51,6
"2103903",430.23,68,5
"2103936",988.99,80,9
"2103973",1740.18,100,8
"2104000",6070.56,51,5
"2104039",1172,68,5
"2104082",1684.93,85,6
"2104093",75.34,50,11
"2104142",6586,50,12
"2104144",1172,50,4
"2104155",1172,72,6
"2104193",1172,106,7
"2104196",1169.16,95,5
"2104226",3478.84,68,4
"2104264",139.44,50,7
"2104285",80.65,95,7
"2104287",2344,72,6
"2104344",2301.77,50,10
"2104368",1172,62,6
"2104387",1172,85,5
"2104389",580.35,50,6
"2104428",237.93,50,5
"2104513",3728.16,90,6
"2104530",1172,60,6
"2104564",1600.49,68,7
"2104614",1172,100,10
"2104632",1172,57,8
"2104637",2566.71,50,5
"2104643",1172,50,9
"2104754",561.89,50,6
"2104795",612.34,90,5
"2104999",1172,50,5
"2105025",1172,62,7
"2105055",348.19,50,5
"2105060",1172,68,5
"2105067",4280.26,72,5
"2105071",251.36,90,5
"2105124",1172,50,4
"2105137",1172,54,5
"2105285",186.03,95,4
"2105345",232.01,50,7
"2105358",1172,59,5
"2105399",1172,50,5
"2105455",188.7,64,4
"2105482",782.13,50,4
"2105486",55,50,8
"2105508",71.09,50,6
"2105540",2000,64,4
"2105634",31,76,6
"2105652",1172,62,7
"2105656",6.27,67,7
"2105700",23075.88,50,6
"2105710",767.13,63,6
"2105723",3932.86,50,6
"2105750",1172,62,7
"2105803",1172,125,6
"2105840",2500,50,7
"2105853",1172,62,5
"2105858",3046.85,90,7
"2105932",261.42,90,6
"2105984",500,56,4
"21060",1128.12,50,6
"2106017",1719,76,6
"2106036",1172,83,7
"2106084",1172,50,6
"2106101",249.13,50,7
"2106127",631.8,50,5
"2106131",1172,50,7
"2106169",231.72,50,6
"2106191",2364.75,50,4
"2106223",2095.14,50,7
"2106235",1172,59,6
"2106256",1226.86,69,12
"2106271",2500.49,50,7
"2106300",1172,68,4
"2106322",1172,50,6
"2106326",1533.01,50,8
"2106338",1172,85,10
"2106355",1172,50,9
"2106379",1172,72,7
"2106389",1172,50,4
"2106397",1390.06,50,10
"2106400",2996.09,50,4
"2106424",600,100,5
"2106441",71.1,90,9
"2106452",1172,100,8
"2106453",3172,100,7
"2106481",1350.27,60,8
"2106497",183.71,85,7
"2106535",8712.82,85,9
"2106543",1172,50,12
"2106561",1172,76,6
"2106577",1268.09,100,4
"2106578",1172,100,6
"2106582",1172,80,4
"2106651",5531.4,100,6
"2106721",87.65,95,6
"2106727",6067.53,140,10
"2106780",143.94,100,8
"21068",1721.48,50,4
"2106832",252.96,90,8
"2106855",6172,95,8
"2106905",1999.92,50,6
"2106912",173.35,50,6
"2106918",1172,50,4
"2106990",3172,67,5
"2107015",1753.31,96,8
"2107030",2445.68,76,9
"2107039",2788.38,100,6
"2107059",1172,125,6
"2107092",1172,95,5
"2107102",1172,125,6
"2107112",586,112,4
"2107135",82.05,50,5
"2107141",2672,90,5
"2107157",1172,90,6
"2107163",1495.66,50,4
"2107169",1172,50,5
"2107188",1172,50,4
"2107200",1172,50,5
"2107234",558,50,6
"2107332",1043.58,50,7
"2107349",1172,85,6
"2107454",1172,58,4
"2107467",1463.84,58,4
"2107471",81.51,50,12
"2107481",1172,50,6
"2107486",1172,50,5
"2107489",3073.88,51,4
"2107496",547.4,50,5
"2107534",419.72,64,5
"2107546",441.34,50,10
"2107699",1258.89,76,5
"2107732",2430.35,50,6
"2107779",9330.43,50,7
"2107803",1172,95,6
"2107826",1301.76,106,8
"2107844",1511.96,52,8
"2107865",2304.23,50,4
"2107868",1172,50,7
"2107931",76.57,50,4
"2107934",1172,85,7
"2108176",354.31,100,8
"2108244",74.15,50,7
"2108251",1172,50,5
"2108534",1172,125,4
"2108570",790.88,50,7
"2108597",1172,100,4
"2108639",149.38,62,5
"2108649",1820.98,50,6
"2108663",43.81,50,12
"2108667",379.94,95,6
"2108705",339.56,50,7
"2108708",586,85,9
"2108713",1172,72,7
"2108808",319.99,53,6
"2108810",76.22,51,9
"2108834",125.11,50,6
"2108848",1172,73,5
"2108927",1172,50,7
"2108984",194.58,68,7
"2109127",1172,85,4
"2109162",1702.13,100,4
"2109186",762.5,60,4
"2109190",392.8,51,6
"2109198",583.04,50,4
"2109203",671.64,50,5
"2109224",216.36,50,4
"2109248",1172,50,11
"2109263",1798.9,50,6
"2109280",1172,50,4
"2109283",1172,80,6
"2109286",233.03,50,6
"2109312",1172,76,9
"2109321",2344,55,5
"2109336",1172,50,6
"2109377",1172,50,9
"2109380",1172,50,13
"2109422",703.34,53,5
"2109429",784.58,72,6
"2109467",1522.08,62,5
"2109557",1172,72,6
"2109562",297.84,50,4
"2109587",1172,72,4
"2109592",544.52,76,9
"2109603",6672,100,7
"2109672",4920.96,50,10
"2109855",1172,50,5
"2109917",845.99,50,5
"2109925",1172,50,4
"2109935",1172,70,6
"2109943",8415.28,50,4
"2109953",253.98,69,7
"2110004",1172,50,5
"2110040",1172,71,7
"2110064",1000,60,8
"2110106",1133.1,55,4
"2110136",1172,50,9
"2110303",1172,50,8
"2110318",1172,72,14
"2110324",178.92,50,4
"2110327",1172,80,13
"2110339",90.18,50,9
"2110399",1172,50,9
"2110401",5439.29,50,4
"2110468",301.97,62,6
"2110512",3122.53,72,6
"2110530",1172,62,6
"2110540",195.7,50,5
"2110618",3762.99,50,4
"2110644",1172,68,4
"2110648",1172,100,10
"2110679",1172,85,5
"2110706",1172,71,8
"2110720",67.46,54,10
"2110738",5150,68,7
"2110771",3171.61,95,5
"2110826",906.87,50,6
"2110835",1172,90,5
"2110869",792.7,73,8
"2110989",555.56,56,7
"2110998",1172,112,11
"2111069",751.44,76,7
"2111120",1172,50,8
"2111240",1172,67,8
"2111272",1172,50,10
"2111297",1172,62,4
"2111335",701.68,70,13
"2111364",1172,71,5
"2111412",1676.35,50,7
"2111422",1172,77,11
"2111428",3610.5,50,5
"2111457",1024.51,50,6
"2111465",695.29,106,5
"2111475",3609.22,58,5
"2111508",1172,55,6
"2111512",292.79,50,4
"2111550",595.74,90,4
"2111560",33.48,50,4
"2111573",1280.63,51,5
"2111615",1172,85,6
"2111645",2344,100,4
"2111659",1003.57,60,4
"2111694",1023.57,72,5
"2111726",764.88,50,7
"2111749",268.42,50,5
"2111774",1172,62,10
"2111825",1172,50,7
"2111826",187.2,50,6
"2111848",1735.23,50,8
"2111864",1172,52,6
"2111872",82.05,112,6
"2111913",426.54,50,7
"2111934",2715.81,60,5
"2111948",773.84,64,7
"2111968",641.12,72,9
"2111972",30.35,52,4
"2112002",149.48,60,6
"2112057",210.35,60,7
"2112061",1172,75,5
"2112075",1172,50,7
"2112078",1777.14,50,6
"2112087",2606.37,50,6
"2112231",1314.01,50,6
"2112282",76.5,60,14
"2112300",1150.9,94,7
"2112359",139.64,50,9
"2112360",76.01,50,9
"2112402",2522,50,8
"2112487",11936.45,50,4
"2112565",12177.24,76,7
"2112598",1780.02,55,10
"2112621",1172,50,8
"2112629",1040.49,50,5
"2112653",993.88,50,6
"2112706",2004.3,72,5
"2112713",3870.69,50,7
"2112754",1172,55,4
"2112774",76,50,7
"2112791",15.02,50,9
"2112812",544.75,50,9
"2112813",1143.84,50,7
"2112816",1172,50,6
"2112822",1172,85,7
"2112837",561.01,50,7
"2112850",239.93,50,6
"2112854",1172,50,14
"2112906",1168.82,112,8
"2112907",573.42,100,7
"2112931",2344,102,5
"2112953",81.32,50,11
"2112964",1172,69,6
"2112969",450.64,50,10
"2113012",665.71,100,6
"2113040",1172,50,9
"2113046",1172,100,7
"2113087",11265.8,50,5
"2113115",1172,80,7
"2113124",1003.69,62,6
"2113129",2549.42,112,6
"2113183",847.49,50,5
"2113226",4440.37,78,5
"2113240",78.16,54,6
"2113308",1172,95,7
"2113317",91.9,50,7
"2113319",1172,50,10
"2113338",2010.7,50,6
"2113366",531.55,55,7
"2113384",1172,62,5
"2113430",3773.79,50,7
"2113485",947.63,90,5
"2113516",698.31,50,4
"2113532",396.23,50,7
"2113556",81.32,50,8
"2113561",2574.34,50,9
"2113613",1027.38,50,4
"2113655",1248.25,50,4
"2113674",720.32,85,7
"2113771",1172,62,7
"2113815",2351.47,64,4
"2113873",1172,67,4
"2114073",713.9,50,7
"2114302",1172,69,6
"2114317",1172,50,6
"2114347",584.55,106,8
"2114361",15205,76,5
"2114363",102.27,50,10
"2114409",1172,62,9
"2114441",14088.9,100,6
"2114546",76.5,50,13
"2114548",1172,55,7
"2114569",586,76,5
"2114612",1172,85,7
"2114622",11839.1,62,6
"2114637",1172,86,7
"2114660",3536.53,100,4
"2114679",74.14,50,5
"2114702",1172,50,7
"2114705",433.67,76,7
"2114706",3075.99,52,9
"2114731",1172,71,6
"2114796",941.53,63,7
"2114856",1481.41,50,5
"2114989",415.91,85,6
"2115008",8933.21,50,6
"2115207",1172,50,10
"2115358",409.99,90,6
"2115416",1564.79,106,4
"2115435",6115.96,78,9
"2115449",9334.65,100,7
"2115464",1172,80,14
"2115465",1172,80,6
"21155",10407.2,50,4
"2115518",1172,90,5
"2115591",451.47,76,6
"2115648",1172,50,6
"2115664",1615.86,60,7
"2115667",984.15,50,6
"2115682",1172,50,7
"2115702",1172,72,5
"2115718",404.64,112,6
"2115728",231.97,50,7
"2115745",3444.66,80,5
"2115747",1172,77,8
"2115762",1172,67,8
"2115827",1172,51,5
"2115831",14572,50,6
"2115837",1098.16,55,6
"2115842",405,50,6
"2115853",1172,59,7
"2115877",1172,50,5
"2115885",71.76,71,4
"2115949",6960,62,7
"2115968",1172,50,7
"2115984",1203.45,50,6
"2115997",1172,50,6
"2116004",1248.01,50,7
"2116005",247,55,4
"2116013",229.64,50,12
"2116016",6337.65,50,11
"2116041",5463.76,80,4
"2116077",1172,61,5
"2116079",1172,50,13
"2116085",3645.26,64,6
"2116112",717.05,50,5
"2116174",1172,58,7
"2116204",150.36,50,7
"2116208",2592.69,54,5
"2116249",486.73,50,6
"2116266",1172,95,7
"2116286",878.32,50,6
"2116296",2181.81,56,7
"2116306",697.62,77,5
"2116313",5172,80,5
"2116314",123.15,57,11
"2116328",2860.12,50,7
"2116335",2164.89,156,6
"2116412",1830,125,6
"2116414",1172,72,5
"2116427",1758,95,4
"2116473",3700,95,4
"2116485",3672,95,6
"2116561",738.65,57,4
"2116575",1172,50,5
"2116591",150.29,57,5
"2116630",913.01,50,4
"2116660",1172,50,6
"2116667",1172,53,6
"2116696",1880.26,53,8
"2116700",1741.57,112,7
"2116705",2715.61,85,6
"2116772",334.13,50,6
"2116791",1172,80,5
"2116840",1172,62,4
"2116874",1529.67,76,5
"2116919",25520.3,72,4
"2116946",500,76,6
"2116974",700.11,72,7
"2117044",1172,50,7
"2117092",2854.21,50,10
"2117280",12004.23,112,5
"2117362",965.78,90,8
"2117369",1000,50,7
"2117401",5141.3,68,7
"2117560",1134.28,50,7
"2117580",1172,95,8
"2117661",1172,50,6
"2117667",1172,50,7
"2117700",90.81,90,11
"2117707",726.44,50,5
"2117712",1172,147,6
"2117758",2068.61,50,8
"2117787",774.97,50,6
"2117933",1172,50,6
"2117981",504.29,57,6
"21180",161.03,57,6
"2118039",542.72,100,6
"2118113",1172,95,7
"2118122",1172,100,8
"2118157",334.28,100,6
"2118167",1874.92,100,5
"2118183",6180.49,50,5
"2118195",345.29,100,5
"2118201",302.3,54,7
"2118252",1172,50,9
"2118373",671.77,51,11
"2118380",1172,73,10
"2118412",341.74,106,6
"2118462",1172,50,7
"2118476",154.98,50,14
"2118519",106.48,72,7
"2118550",1172,51,7
"2118634",1172,50,8
"2118659",1417.78,50,10
"2118682",1172,50,7
"2118738",717.88,50,7
"2118758",1172,95,4
"2118762",1172,50,4
"2118789",1172,68,7
"2118925",4172,62,4
"2118934",1248.06,58,10
"2119042",317.46,68,7
"2119078",1172,60,6
"2119103",1468.07,50,7
"2119183",508.11,50,11
"2119237",1172,50,6
"2119257",1172,71,4
"2119333",5345.05,100,5
"2119377",1070.83,50,7
"2119381",1172,100,6
"2119416",1172,50,7
"2119535",10000,90,4
"2119565",1172,66,5
"2119572",382.91,70,5
"2119577",1172,72,7
"2119646",245.42,64,4
"2119664",1834.02,50,7
"2119709",12355.83,50,4
"2119711",1172,51,8
"2119771",586,62,4
"2119785",235.05,64,5
"2119802",586,90,7
"2119831",1172,50,6
"2119842",18177.27,95,5
"2119854",4011.8,100,7
"2119872",1172,100,5
"2119889",1396.43,64,11
"2119920",1172,100,6
"2119928",1172,95,4
"2120003",219,80,4
"2120029",6660.03,50,5
"2120059",4513.88,100,5
"2120100",1172,54,7
"2120160",77,100,6
"2120180",8854.35,63,5
"2120240",31.09,50,6
"2120242",660.31,50,6
"2120280",1128,85,5
"2120306",1172,50,5
"2120310",355.04,50,6
"2120329",2344,62,5
"2120356",77.5,90,7
"2120377",1172,55,6
"2120398",1928.49,54,6
"2120448",407.13,50,5
"2120449",586,53,7
"2120526",1172,62,5
"2120564",1172,50,6
"2120589",1172,90,5
"2120597",1172,100,13
"2120599",1172,50,6
"2120616",82.4,68,5
"2120619",1172,50,4
"2120683",1260.9,54,6
"2120704",1472,100,9
"2120708",440.06,50,8
"2120715",2560.97,50,13
"2120719",1300.75,50,6
"2120763",1172,50,6
"2120786",500,50,6
"2120801",1172,71,8
"2120885",1730.65,58,8
"2120906",1287.61,100,4
"2120954",1172,54,11
"2120989",500.47,50,13
"2121072",500.29,80,4
"2121131",82.05,85,7
"2121146",1172,80,6
"2121228",586,76,10
"2121284",1172,93,8
"2121296",2265.67,50,5
"2121298",1172,50,5
"2121315",1655.82,50,6
"2121338",874.16,68,5
"2121344",1172,76,7
"2121363",150.91,85,9
"2121396",11500,50,7
"2121429",977.11,51,6
"2121470",12224.67,68,10
"2121481",1172,50,7
"2121488",80.92,50,7
"2121498",89.44,74,6
"2121609",1172,50,4
"2121641",1087.24,71,9
"2121659",1172,50,5
"2121661",443.12,50,9
"2121663",259.79,56,7
"2121787",12378.38,68,7
"2121800",1172,96,4
"2121845",1172,50,8
"2121852",70,50,4
"2121907",1172,50,6
"2121918",586,100,4
"2121951",750.64,53,7
"2121960",1381.84,50,10
"2121962",3982.38,50,14
"2121974",1172,50,4
"2122095",8672,95,5
"2122147",1172,90,6
"21222",1128.12,50,4
"2122292",54551.92,112,5
"2122305",2170.53,53,7
"2122314",1440.24,76,7
"2122338",1172,90,5
"2122356",1172,106,10
"2122400",757.01,50,7
"2122403",1172,112,4
"2122420",4574.79,50,8
"2122464",1311.62,62,7
"2122469",1172,88,6
"2122493",66.97,60,8
"2122508",1172,75,7
"2122521",9982.44,50,7
"2122531",1896.75,59,7
"2122559",218.51,90,7
"2122585",1172,50,11
"2122590",3372,50,7
"2122603",860.05,50,6
"2122609",31172,62,10
"2122644",135.04,50,11
"2122647",1172,58,7
"2122650",418.18,50,6
"2122665",3583.24,50,6
"2122669",762.74,95,10
"2122672",1362,95,6
"2122680",1228.85,50,5
"2122718",1172,80,12
"2122724",1158.42,90,4
"2122743",5172,95,10
"2122745",2672,80,6
"2122856",1917.44,100,10
"2122881",1172,76,7
"2122883",1990.16,76,4
"2123004",1172,50,6
"2123030",1172,50,9
"2123105",1172,85,6
"2123124",108.72,90,5
"2123140",1172,62,4
"2123168",558.29,50,10
"2123175",1762.42,50,7
"2123230",1172,67,6
"2123303",1214.34,50,6
"2123308",2555.05,51,6
"2123325",1172,50,10
"2123514",75.12,50,4
"2123534",810.62,50,5
"2123537",1172,50,5
"2123580",2433,50,6
"2123581",179.36,50,6
"2123584",1172,50,6
"2123610",1172,50,9
"2123670",1172,71,11
"2123747",1166.32,50,4
"2123758",554.85,100,6
"2123785",8171.53,100,4
"2123881",332.2,54,6
"2124029",690.34,100,5
"2124033",1172,100,4
"2124072",1172,50,6
"2124217",1172,55,5
"2124225",61.4,50,4
"2124246",75.99,57,5
"2124277",1172,50,5
"2124297",1172,80,5
"2124305",11517.21,95,5
"2124321",1172,63,6
"2124328",1172,57,6
"2124331",2344,50,11
"2124458",1172,50,4
"2124461",1172,100,5
"2124471",1172,50,10
"2124473",1789.11,100,14
"2124547",2672,50,7
"2124549",1181.81,90,7
"2124588",1172,95,4
"2124606",1172,95,7
"2124707",1172,95,7
"2124777",1172,53,6
"2124899",1949.33,50,8
"2124931",1172,85,5
"2125036",1172,100,7
"2125087",1172,76,7
"2125093",772.15,67,8
"2125141",1937,60,4
"2125153",1172,76,6
"2125371",131.13,95,5
"2125376",1172,62,9
"2125413",1568.55,50,7
"2125435",1128,58,6
"2125519",1582.05,50,4
"2125523",1172,100,5
"2125576",115484.11,50,7
"2125619",1700.19,50,6
"2125627",1172,50,6
"2125630",283.58,62,5
"2125636",5127.2,106,7
"2125675",1172,58,8
"2125683",514.42,63,5
"2125713",1204.99,90,5
"2125743",1172,50,4
"2125764",1172,58,8
"2125775",1172,77,5
"2125797",1172,95,5
"2125806",1172,68,4
"2125818",3556.57,58,4
"2125820",1280.33,85,7
"2125827",1172,112,7
"2125901",1057.01,118,5
"2125905",65.04,50,6
"2125908",1610.39,60,6
"2125920",520.49,50,7
"2125954",1172,50,7
"2126036",1172,85,4
"2126049",1172,50,6
"2126243",1172,77,12
"2126244",1172,90,4
"2126262",350.27,85,9
"2126398",4308.77,50,7
"2126401",429.21,50,5
"2126409",586,50,5
"2126430",1172,55,5
"2126437",930.62,50,7
"2126460",2497.37,50,5
"2126467",1586,69,6
"2126489",1172,63,4
"2126620",1172,100,6
"2126631",1272,95,5
"2126813",852.19,50,7
"2126814",267.91,85,5
"2126833",1172,62,7
"2127002",814.21,50,7
"2127038",1705.16,54,6
"2127074",963.1,50,5
"21271",1128.12,50,7
"2127188",3043.08,58,7
"2127248",1172,50,7
"2127277",760.09,50,6
"2127294",1172,80,8
"2127352",1172,100,9
"2127398",1172,58,11
"2127565",1090.79,50,5
"2127601",1172,72,7
"2127628",1054.37,68,11
"2127724",1172,100,4
"2127757",1172,95,9
"2127760",1172,73,4
"2127772",1172,50,6
"2127820",1172,76,6
"2127829",1172,77,4
"2127866",1599.26,76,6
"2127948",1550.03,50,5
"2127960",5.07,50,6
"2128022",213.4,50,6
"2128031",2579.04,50,13
"2128062",1772,95,5
"2128099",2172,100,6
"2128200",81.33,50,6
"2128210",1707.51,100,8
"2128224",1172,76,4
"2128286",828,74,6
"2128290",1172,100,6
"2128298",1462.93,100,7
"2128305",1172,50,6
"2128332",82.52,95,7
"2128356",2257.62,100,7
"2128360",82.53,56,5
"2128394",1120.98,58,7
"2128467",1172,50,4
"2128522",14970.54,62,11
"2128533",72.47,100,8
"2128581",4924,50,5
"2128586",1172,50,8
"2128684",1172,50,5
"2128724",2446.69,76,8
"2128763",1172,50,5
"2128822",879.06,64,6
"2128845",1172,125,7
"2128912",1172,58,5
"2128921",2672,50,6
"2128936",963.1,100,4
"2128975",26.63,70,7
"2128976",1172,72,7
"2128986",1172,50,6
"2129111",50000,62,6
"2129112",1172,58,7
"2129117",402.32,68,5
"2129178",1134.13,72,5
"21292",1128.12,50,5
"2129217",3355.45,50,6
"2129230",4549.17,100,5
"2129249",1172,100,6
"2129273",1172,68,5
"2129285",10152.45,100,7
"2129292",1172,66,6
"2129303",611.64,90,5
"2129365",1172,100,5
"2129367",1172,100,9
"2129454",1172,100,4
"2129509",1172,90,4
"2129708",544.77,50,5
"2129726",1172,52,4
"2129756",1172,95,7
"2129765",1172,85,10
"2129788",1172,95,5
"2129807",1172,50,5
"2129815",322.38,56,6
"2129838",1172,125,9
"2129843",994.52,90,4
"2129882",81.37,90,9
"2129893",41.7,50,7
"2129934",1013.15,56,10
"2130020",2172,62,7
"2130027",622.75,118,4
"2130059",75.99,76,7
"2130072",385.42,58,4
"2130093",4313.03,50,5
"2130104",1172,85,10
"2130110",1674.9,77,6
"2130119",1172,58,7
"2130138",1938.97,112,6
"2130148",143.6,53,5
"2130184",76,50,6
"2130186",76.01,50,5
"2130279",1172,53,7
"2130285",37.24,76,11
"2130297",2131.22,90,5
"2130349",1918.25,50,6
"2130372",1172,63,6
"2130386",5681.36,50,11
"2130403",12965.9,62,7
"2130422",23.43,50,6
"2130440",1115.47,50,6
"2130481",1172,62,7
"2130517",571.8,50,5
"2130540",1023.55,62,5
"2130553",1172,50,8
"2130560",12676.87,50,7
"2130617",1730.34,50,7
"2130647",1172,50,5
"2130661",1172,77,7
"2130746",241.41,50,7
"2130841",522.25,64,7
"2130894",75.47,50,10
"2130911",1172,64,7
"2130948",882.67,100,7
"2130976",4172,51,6
"2131032",2555,100,4
"2131052",1172,100,6
"2131067",1172,90,5
"2131068",1172,90,5
"2131078",284.13,67,7
"2131099",1172,95,6
"2131103",1172,90,7
"2131114",884.98,54,5
"2131120",540.66,100,4
"2131137",1172,100,7
"2131217",1266.27,60,6
"2131252",1172,100,7
"2131278",1172,125,5
"2131280",4042.28,95,5
"2131424",76.01,76,9
"2131450",612.88,85,7
"2131470",810.24,50,4
"2131472",3743.12,95,7
"2131491",56.7,67,4
"2131498",1172,87,8
"2131523",1172,62,9
"2131525",1172,95,7
"2131598",1172,90,7
"2131619",1172,125,4
"2131664",3101.17,95,9
"2131718",1172,90,7
"2131921",1172,75,7
"2131962",457.88,80,4
"2131973",1172,68,4
"2131996",668.6,54,8
"2132226",3672,50,6
"2132229",1172,50,9
"2132375",1172,50,6
"2132394",1359.86,50,8
"2132481",1213.13,70,6
"2132505",4253.44,50,4
"2132593",1172,95,7
"2132602",85.65,50,5
"2132617",1172,63,7
"2132634",61.12,50,7
"2132642",610.5,90,7
"2132702",1172,50,7
"2132750",524.01,50,6
"2132755",1069.15,51,7
"2132783",588.05,62,7
"21328",1128.12,73,6
"2132800",69.08,50,6
"2132818",1172,67,8
"2132875",1172,63,5
"2132933",1172,95,4
"2132961",1039.5,50,4
"2132967",988.13,50,5
"2133313",1172,50,5
"2133366",9242.41,100,7
"2133456",2108.66,100,4
"2133528",74,80,5
"2133558",45,85,10
"2133569",1172,100,5
"2133605",119.01,95,5
"2133628",1172,118,4
"2133664",1172,95,6
"2133730",2060.01,100,7
"2133783",607.85,56,6
"2133803",591.08,100,7
"2133815",1172,85,5
"2133981",1172,118,7
"2133983",2534.37,80,4
"2134063",4010.6,57,5
"2134074",381.89,90,5
"2134079",75,51,6
"2134082",3970.15,50,7
"2134090",75,50,6
"2134131",1172,100,6
"2134157",1172,90,4
"2134176",1517.84,50,7
"2134217",4238.33,100,9
"2134240",1172,85,7
"2134251",1172,51,7
"21343",1128.12,56,7
"2134662",3836,50,6
"2134693",1172,95,7
"2134751",7172,50,5
"2134753",1172,50,10
"2134827",1172,100,10
"2134853",1172,50,6
"2134934",506.03,50,5
"2134988",1172,50,7
"2135045",75.11,50,10
"2135064",2221.98,57,7
"2135077",326.07,50,12
"2135095",1241.2,50,6
"2135107",1172,62,6
"2135125",976.38,75,8
"2135184",1172,58,11
"2135204",1573.07,85,7
"2135318",698.95,76,6
"2135319",1362,76,6
"2135369",1172,78,7
"2135511",8321,50,7
"2135564",586,90,6
"2135625",1172,100,6
"2135643",825.02,55,7
"2135656",1172,50,7
"2135661",1172,62,7
"21357",1718.91,50,4
"2135735",1172,100,4
"2135738",5402.37,100,6
"2135748",29073.46,100,7
"2135761",696.6,100,7
"2135783",2463.22,100,5
"2135791",1172,100,5
"2135817",1172,50,5
"21359",492.97,50,4
"2135917",2048.16,95,7
"2136143",11993.84,95,7
"2136170",1726.43,50,4
"2136178",385.81,50,4
"2136192",273.63,50,5
"2136427",78.16,50,7
"2136470",1172,67,6
"2136487",183.04,50,7
"2136551",9963.24,80,4
"2136633",1515.61,60,5
"2136695",3420.82,50,10
"2136698",2172,85,6
"2136708",432.4,85,6
"2136711",1172,100,5
"2136757",1172,80,4
"2136762",3600.12,60,12
"2136764",1172,80,7
"2136782",3872,100,9
"2136839",1172,63,8
"2136841",2344,95,6
"2136842",1172,54,5
"2136847",1172,50,7
"2136891",1172,81,7
"2136965",76.01,60,6
"2137071",317.17,68,6
"2137076",815.41,50,8
"2137086",1519.65,54,10
"2137159",76.5,80,4
"2137168",2240.27,50,6
"2137184",1172,106,4
"2137198",4344,165,6
"2137247",6997.2,57,6
"2137258",3263.88,50,9
"2137265",3145.95,100,6
"2137267",76.5,50,6
"2137271",1172,62,7
"2137278",571,50,12
"2137281",1172,118,6
"2137338",853.18,50,5
"2137352",1172,50,6
"2137361",4071.39,50,7
"2137363",1114.98,50,7
"2137378",586,95,5
"2137392",1172,67,6
"2137413",18551.12,76,11
"2137457",1172,50,9
"2137511",329.04,50,6
"2137523",650.83,57,5
"2137572",1172,90,9
"2137580",1172,50,4
"2137586",338.86,67,6
"2137603",1250.94,51,8
"2137609",3152.09,50,6
"2137671",724.36,50,11
"2137877",1172,100,5
"2137902",4159.13,72,7
"2137941",1255.45,50,14
"2137946",1172,100,5
"2137962",1172,95,6
"2138202",1172,90,4
"2138236",64.63,58,7
"2138264",78.16,54,6
"2138300",1172,50,6
"2138310",1172,93,7
"2138319",1172,100,7
"2138337",78.15,50,4
"2138416",1172,50,6
"2138491",1172,62,8
"2138495",689.02,50,4
"2138514",5421.41,95,11
"2138719",1403.63,100,7
"2138834",2178.9,100,4
"2138873",1172,55,6
"2138883",5344,100,9
"2138892",1172,50,6
"2138911",1500,72,5
"2139022",1835.88,50,7
"2139050",1172,100,7
"2139053",892,100,7
"2139076",1507.82,100,7
"2139079",1298,62,4
"2139091",1172,50,8
"2139113",1172,95,6
"2139158",1146.2,118,6
"2139261",400,54,6
"2139292",511.61,100,7
"2139351",2672,50,6
"2139396",1172,90,4
"2139504",2257.57,95,15
"2139608",791.68,50,5
"2139630",2344,50,9
"2139676",2674.41,77,4
"2139767",1172,50,8
"2139772",1172,100,8
"2139797",1365.15,60,7
"2139940",54400.12,95,4
"2139941",1172,62,6
"2140037",35000,100,6
"2140042",185.92,50,7
"2140218",2789.65,95,9
"2140280",2014.8,50,5
"2140291",5934.51,55,6
"2140370",18000,50,7
"2140379",1172,50,13
"2140396",8533.02,64,11
"2140432",388.08,50,7
"2140497",2660.48,100,7
"2140539",1172,50,4
"2140591",315.47,62,7
"2140631",1172,75,6
"2140851",1172,50,4
"2140905",1500,50,5
"2140912",587.61,100,4
"2140937",2264.79,72,7
"2140983",1172,51,7
"2141082",1372.58,50,6
"2141255",311.71,50,8
"2141321",691.52,50,8
"2141337",1301172.6,100,4
"2141502",1100,100,5
"2141606",1172,85,5
"2141614",10346.77,50,4
"2141646",1172,63,13
"2141700",1172,53,5
"2141708",1172,100,6
"2141725",1079.96,50,7
"2141750",1172,100,7
"2141760",1415.81,50,5
"2141768",1172,100,9
"2141788",318.59,60,8
"2141804",1172,50,4
"2141821",9888.84,50,5
"2141834",1172,50,6
"2141838",1172,80,5
"2141990",1172,50,7
"2142029",1172,62,6
"2142159",1172,50,8
"2142250",1172,50,8
"2142280",1172,50,7
"2142293",229.28,50,5
"2142385",1172,50,10
"2142425",1172,90,6
"2142523",1500,50,7
"2142545",738.53,100,5
"2142623",1172,95,5
"2142656",2344,62,8
"2142675",1308.36,106,5
"2142763",3172,88,5
"2142766",1172,63,8
"2142799",2672,95,8
"2142833",88.23,50,6
"2142843",9110.22,50,5
"2143006",1172,95,7
"2143047",4172,54,11
"2143052",1172,50,5
"2143167",2979.54,76,4
"21432",1128.12,52,4
"2143311",1472,58,6
"2143344",5565.97,58,7
"2143352",1248.01,67,6
"2143369",1633.86,63,4
"2143391",1172,80,8
"2143437",1174.77,50,8
"2143660",1172,57,6
"2143744",1515.12,100,4
"2143927",1050.78,50,4
"2143975",350.07,50,4
"2144116",1693.59,76,9
"2144142",3419.75,100,4
"2144296",1172,100,6
"2144325",567.47,100,4
"2144432",1242,68,6
"2144440",580.93,50,7
"2144447",1172,125,4
"2144594",216.79,50,10
"2144797",1172,50,5
"2144877",478.97,50,11
"2144908",5774.26,50,4
"2144981",1172,50,5
"2145017",1172,50,12
"2145049",1172,100,6
"2145108",1172,50,4
"2145493",1172,50,5
"2145622",1172,50,7
"2145625",52349.76,100,7
"2145767",79.05,57,9
"2145829",549.7,50,7
"2145849",1172,50,6
"2145860",1172,50,8
"2145926",1408.41,77,6
"2146015",1172,67,6
"2146045",2171.61,50,10
"2146086",1172,50,5
"2146138",1672,50,9
"2146160",2672,51,6
"2146170",1172,72,6
"2146173",1172,67,7
"21462",1152.45,50,4
"2146224",58.61,50,7
"2146243",1172,125,5
"2146356",1172,74,4
"2146400",1172,95,4
"2146435",1172,100,5
"2146441",1172,100,15
"2146473",10413.09,95,6
"2146494",1172,100,7
"2146529",17021.95,90,4
"2146537",408.55,100,8
"2146560",3012.95,100,8
"2146652",4532.57,50,7
"2146667",1172,125,4
"2146709",3129.25,62,6
"2146782",975.78,50,6
"2146803",1172,68,4
"2146806",4172,100,10
"2146836",1172,100,4
"2146857",1354.99,70,11
"2146961",1172,125,9
"2146982",445.34,61,6
"2147001",270.17,55,7
"2147059",1172,63,5
"2147093",586,50,5
"2147131",3000,50,6
"2147269",1220,100,7
"2147286",23468.3,100,9
"2147380",1280.52,100,6
"2147400",465.73,57,7
"2147504",2672,50,7
"2147506",1172,100,9
"2147553",1172,51,6
"2147557",2046.1,95,6
"2147563",1172,100,4
"2147572",517.63,95,7
"2147663",1172,100,4
"2147667",15756.39,50,7
"2147703",586,56,8
"2147992",1172,50,6
"2147998",1172,95,5
"2148053",99.9,50,4
"2148055",1466.32,100,7
"2148155",172.83,72,6
"2148305",1172,58,6
"2148326",2172,50,6
"2148358",2672,50,6
"2148421",1172,100,5
"2148467",2659.87,85,6
"2148507",3237.37,50,5
"2148560",1000.39,62,6
"2148592",1172,56,7
"2148609",1187.85,76,6
"2148650",3391.37,72,4
"2148812",959.55,80,6
"2148857",1172,54,8
"2148886",23.92,64,5
"2148908",2534,85,8
"2148927",36.03,95,10
"2148935",3037.09,50,10
"2149099",41.4,54,5
"2149135",97.15,60,5
"2149161",1172,62,9
"2149173",333.59,100,6
"2149195",1172,95,7
"2149196",391.57,147,7
"2149228",1172,80,10
"2149351",1126.82,50,4
"2149622",1172,72,4
"2149689",1172,50,7
"2149748",1646.97,100,7
"2149763",1172,67,6
"2149847",3125.29,100,10
"2149878",2154.45,95,6
"2149884",1172,50,4
"2149890",9770.11,50,6
"2149900",560.42,85,6
"2149950",91.4,100,10
"2150000",1172,125,9
"2150041",1172,100,7
"2150073",911.06,90,7
"2150083",1172,112,4
"2150159",1172,100,8
"2150335",1172,100,6
"2150352",1172,100,9
"2150459",1172,50,5
"2150485",1172,50,6
"2150527",1135.84,100,8
"2150776",1172,90,4
"2150789",78.16,76,6
"2150808",1172,64,7
"2150841",5269.29,74,13
"2150905",944.57,90,5
"2151041",1172,100,6
"2151102",1172,125,5
"2151125",486.45,100,6
"2151350",1172,50,9
"2151751",1172,67,4
"2151760",1351.62,57,7
"2151795",1172,100,4
"2151843",1172,100,7
"2151998",2344,100,11
"2152016",1172,50,10
"2152045",794.03,100,7
"2152144",221.88,72,15
"2152209",1201.87,90,6
"2152279",1152.72,50,5
"2152336",11500,85,7
"2152343",1090.47,50,7
"2152405",4649.49,70,7
"2152567",3844,100,6
"2152579",25110,100,7
"2152651",197.28,85,7
"2152688",910,50,5
"2152694",1172,54,7
"2152738",76.01,54,8
"2152753",1172,100,8
"2152778",997.6,100,7
"2152864",1172,90,9
"2153131",2572.25,100,5
"2153354",1172,100,6
"2153380",3267.75,100,9
"2153392",1236.75,50,11
"2153415",93.17,80,8
"2153419",1172,100,6
"2153422",3036,50,10
"2153434",254.33,90,6
"2153447",1172,100,7
"2153473",500,71,8
"2153487",1172,85,5
"2153507",2172,95,5
"2153526",342.11,80,6
"2153539",1172,100,13
"2153598",100.46,100,7
"2153616",1166.44,76,6
"2153628",1384.56,100,7
"2153642",2344,100,5
"2153661",820.24,80,9
"2153758",1172,100,7
"2153760",1172,60,6
"2153781",1172,76,4
"2153814",845.3,50,4
"2153823",1172,50,5
"2153852",1172,50,10
"2153919",425.68,50,4
"2153990",3823.6,50,6
"2154004",1172,100,7
"2154018",187.37,100,5
"2154040",239.77,50,6
"2154106",1172,50,7
"2154180",1007.75,80,8
"2154258",1172,50,8
"2154278",1172,125,14
"2154562",1172,50,6
"2154859",1172,60,7
"2154863",2358.63,76,6
"2154868",1172,50,6
"21549",1128.12,54,4
"2154903",3461.56,85,7
"2154906",1172,80,6
"2154960",1172,95,9
"2154973",1172,100,5
"2155008",1172,64,6
"2155019",1172,50,8
"2155052",586,88,5
"2155065",1172,50,6
"2155084",1172,85,5
"2155108",998.66,60,7
"2155141",1172,86,6
"2155447",538.41,64,9
"2155626",1172,100,7
"2155996",1239.55,100,4
"2156035",5382,100,7
"2156068",3010.15,50,6
"2156095",537.86,50,7
"2156160",2881.23,118,6
"2156169",1172,54,14
"2156199",81.29,71,5
"2156203",81.32,50,5
"2156206",4171.69,50,8
"2156368",2344,70,4
"2156386",815.15,50,4
"2156443",1592.19,50,5
"2156549",9901.03,50,11
"2156718",733.14,85,8
"2156777",3291,50,5
"2156803",84.8,95,7
"2156870",1172,95,11
"2156896",5130.03,50,6
"2156948",1172,100,7
"2157072",1172,50,7
"2157126",561.47,95,6
"2157462",533.21,54,6
"2157465",535.86,50,8
"21575",1128.12,50,5
"2157506",1057.35,68,4
"2157576",1172,50,5
"2157584",4172,100,4
"2157649",1172,50,10
"2157670",76.77,50,5
"2157700",219.95,52,5
"2157747",1172,72,6
"2157854",1172,85,4
"2157982",1172,50,9
"2158059",693.92,100,4
"2158062",1172,50,7
"2158070",244.84,95,7
"2158119",1172,50,6
"2158137",4732,50,8
"2158197",1172,50,10
"2158201",458.1,50,9
"2158300",1172,50,7
"2158309",543.62,54,4
"2158384",4438.43,90,9
"2158431",4000,55,8
"2158447",1172,76,6
"2158463",253.46,100,7
"2158497",176.04,50,7
"2158511",1172,50,7
"2158539",1172,68,5
"2158550",788.61,50,7
"2158602",120.77,50,6
"2158908",127.78,50,5
"2158940",1172,50,6
"2158973",143.86,50,6
"2158993",1172,50,8
"2159037",600,100,6
"2159168",1172,100,4
"2159188",1172,100,5
"2159196",586,112,11
"2159217",60.13,57,15
"2159332",1140.75,95,10
"2159343",1948.22,50,5
"2159368",2126.16,59,14
"2159416",71.1,50,7
"2159527",1234.75,90,4
"2159575",1421.89,90,9
"2159583",1172,118,7
"2159674",4679.18,52,4
"2159689",1571.49,50,6
"2159698",16364,100,6
"21602",133.39,64,5
"2160258",76.22,50,14
"2160323",716.25,50,6
"2160363",68.3,50,5
"2160409",721.98,60,6
"2160556",1172,63,7
"2160739",1172,95,4
"2160787",1172,100,7
"2161138",1172,50,12
"2161144",5731.69,90,6
"2161606",2993.45,80,4
"2161626",485.5,65,8
"2161713",1172,68,11
"2162016",236.17,95,5
"2162166",2172,95,4
"2162374",2659.93,68,4
"2162451",1172,50,4
"2162499",462.84,100,10
"2162549",53.3,50,7
"2162558",4017.07,85,7
"2162875",1172,50,5
"2162943",1172,64,5
"2163076",1172,50,6
"2163878",645.34,51,6
"2163959",158.71,125,4
"2163968",1172,53,6
"2163980",8779.77,95,9
"2163982",1172,64,4
"2163988",593.46,68,7
"2164051",115.5,65,4
"2164054",822.08,57,4
"2164080",70.56,100,6
"2164115",1172,100,5
"2164116",1172,100,5
"2164173",2172,125,6
"2164200",434.07,90,9
"2164221",832.35,112,5
"2164279",2630.41,50,7
"2164287",1172,125,4
"2164308",10740.03,50,7
"2164322",1644.5,100,6
"2164326",1172,55,6
"2164389",1172,100,7
"2164442",1827.62,100,6
"2164454",1172,76,7
"2164485",71.76,50,4
"2164487",1258.11,100,9
"2164812",1172,125,6
"2164827",1172,50,6
"2164839",1172,57,7
"2164887",2032.49,100,5
"2165502",1172,100,8
"2165506",1357.34,63,7
"2165509",3339.95,50,6
"2165698",2952.21,100,7
"2165703",1172,58,7
"2165862",1172,100,6
"2165895",4114.87,80,12
"2165934",1172,100,5
"21663",1128.12,50,4
"2166361",70000,72,4
"2166481",2392.15,125,6
"2166606",4172,50,9
"2166636",1470.35,100,5
"2166691",1172,50,4
"2166718",56219.6,100,8
"2167322",1076.4,50,9
"2167452",1172,51,6
"2167598",1172,62,8
"2167629",1172,80,9
"2168100",210.24,100,5
"2168103",1172,54,5
"2168120",1172,67,7
"2168183",1172,62,7
"2168254",1172,50,4
"2168588",1172,56,5
"2169090",3190.3,100,5
"2169100",1172,100,6
"2169128",586,62,5
"2169134",1172,125,7
"2169570",1172,50,6
"2169584",134.01,80,6
"2169594",2892.75,72,7
"2169641",343.37,66,4
"2169645",458.03,50,15
"21701",75.32,50,4
"2170873",1172,72,6
"2175589",36.53,50,4
"2175690",1172,60,5
"2175726",1172,68,6
"2175824",1172,55,7
"2175948",1172,50,5
"2175960",1172,50,6
"2175980",2902.24,50,4
"2176005",1172,96,6
"2176020",367.49,50,7
"2176025",1172,50,6
"2176060",1414.27,50,6
"2176091",1172,58,7
"2176110",1172,57,5
"2176138",1172,50,4
"2176178",10818.01,50,6
"2176219",1463.6,59,6
"2176318",1422.17,52,4
"2176399",1172,55,5
"2176527",1172,50,6
"2176567",638.95,50,6
"2176605",1172,76,5
"2176619",1172,50,5
"2176643",1172,50,4
"2176683",1025.83,77,5
"2176808",1172,50,6
"2176816",1172,62,5
"2176832",1172,50,14
"2176836",1172,50,4
"2176862",1172,78,4
"2176865",865.05,56,6
"2176877",644,50,6
"2176879",611.34,52,6
"2176944",363.31,50,6
"2176968",1172,60,4
"2176999",1172,50,6
"2177091",730.26,50,4
"2177118",1172,50,7
"2177123",1172,50,4
"2177245",1172,50,6
"21773",1128.12,50,7
"2177351",924.28,65,8
"2177377",1696.64,50,6
"2177385",1132.27,50,7
"2177490",1172,50,4
"2177491",349.54,50,11
"2177519",1172,50,7
"2177532",1172,58,6
"2177534",1172,62,7
"2177548",1172,73,6
"2177565",1250.4,62,6
"2177585",1172,176,5
"2177650",100.94,50,4
"2177686",1172,50,9
"2177743",3867.57,50,7
"2177783",1172,50,4
"2177805",1326.57,50,11
"2177821",7031.31,55,6
"2177896",73.84,50,4
"2178008",586,50,8
"2178021",1172,107,7
"2178052",1875.84,50,5
"2178164",289.01,69,7
"2178185",589.49,50,6
"2178190",1172,50,6
"2178201",1756.19,50,6
"2178303",2249.84,50,6
"2178309",1172,65,6
"2178368",1097.67,50,4
"2178372",2104.96,50,7
"2178548",1172,50,6
"2178564",1172,72,7
"2178615",1172,50,7
"2178617",594.99,50,8
"2178666",1172,65,5
"2178693",140.14,58,7
"2178712",2098.12,50,5
"2178734",1172,50,6
"2178812",1172,50,7
"2178915",1172,50,5
"2178945",863.03,50,8
"2178984",1172,50,6
"2178992",523.95,50,5
"2179102",797.5,50,8
"2179103",1172,50,5
"2179105",1172,62,6
"2179158",1172,50,7
"2179221",1172,50,5
"2179598",354.02,50,6
"2179721",782.49,50,7
"2179964",465.07,50,7
"2180029",465.72,107,5
"2180160",1172,50,4
"2180201",1087.72,50,4
"2180229",1537.52,50,6
"2180238",1172,59,6
"2180243",398.84,64,6
"2180259",1172,50,5
"2180265",2000,60,7
"2180288",986.72,50,6
"2180361",2172,70,9
"2180374",1172,60,9
"2180434",958.6,60,4
"2180492",1172,50,6
"2180539",1172,62,9
"2180560",5421.97,187,5
"2180632",1246.21,50,4
"2180709",1172,50,5
"2180734",1172,56,6
"2180768",1172,50,7
"2180775",1450.48,50,6
"2180810",58.6,50,6
"2180816",1172,55,8
"2180886",1172,65,6
"2180889",2833.86,50,7
"2180896",136.22,50,5
"2180945",80.12,50,5
"2180975",1172,50,4
"2180980",1955.5,50,6
"2181000",1172,50,6
"2181031",110.26,50,5
"2181102",74,50,7
"2181183",192.63,50,4
"2181203",1172.25,50,7
"2181262",1231.39,50,7
"2181265",1172,50,6
"2181328",1172,50,6
"2181397",1172,50,14
"2181542",1172,50,6
"2181675",3672,50,5
"2181767",3358.48,59,6
"2181807",586,50,4
"2181814",1172,86,6
"2181829",1266.5,50,7
"2181838",1172,70,6
"2181843",909.5,66,4
"2181899",586,56,6
"2181929",1172,50,7
"2181938",1172,50,4
"2181960",4851.94,51,5
"2181974",1172,58,7
"2182008",1172,50,7
"2182032",123.71,50,7
"2182043",643.8,50,6
"2182165",2172,106,8
"2182213",76.01,50,7
"2182249",1172,158,4
"2182251",1172,125,5
"2182323",2200.35,72,6
"2182370",1255.72,68,7
"2182393",1172,50,4
"2182420",259.63,50,4
"2182432",1172,62,5
"2182433",1172,73,5
"21825",1085.44,50,5
"2182541",966.43,60,7
"2182651",870,50,7
"2182673",1172,50,6
"2182681",2344,77,4
"2182756",830.61,52,14
"2182886",347.24,50,13
"2183095",8205.69,50,7
"2183124",586,50,9
"2183128",1172,50,4
"2183175",1172,50,8
"2183275",1172,50,4
"2183403",1172,50,5
"2183419",2022,50,5
"2183511",4128,50,5
"2183551",1172,50,4
"2183608",1490.29,50,9
"2183612",1172,51,7
"2183642",942.29,58,6
"2183645",1172,68,6
"2183689",1172,50,5
"2183712",75.47,50,7
"2183728",1172,50,6
"2183877",77.5,58,6
"2183917",1505.47,62,6
"2183929",1558.69,50,7
"2184000",1172,50,5
"2184068",87.6,50,5
"2184170",1172,50,4
"2184304",1884.77,112,8
"2184311",373.04,50,11
"2184313",338.74,50,6
"2184358",5606.75,73,6
"2184399",1633.82,50,6
"2184422",4828.73,50,5
"2184476",315.29,58,7
"2184578",152.45,68,8
"21846",3407.2,50,7
"2184668",1172,50,5
"2184805",1172,50,5
"2184826",1172,50,6
"2184907",2807,62,7
"2184987",555.8,50,6
"2184989",1788.86,83,6
"2185043",813.55,50,6
"2185074",1172,63,5
"2185144",841.99,62,7
"2185229",881.6,50,5
"2185290",1172,58,7
"2185292",1172,50,7
"2185344",244.76,50,6
"2185370",1172,50,7
"2185382",78.34,50,11
"2185398",1172,50,7
"2185404",204.84,50,6
"2185426",41.23,50,4
"2185460",1172,85,9
"2185490",2000,50,7
"2185501",155.54,50,5
"2185505",260.02,68,5
"2185544",1172,50,10
"2185552",1172,72,6
"2185599",1172,50,9
"21856",366.4,50,6
"2185628",629.32,58,6
"2185670",1172,50,7
"2185672",1172,50,6
"2185726",1172,50,6
"2185810",1172,59,4
"2185822",1172,58,6
"2185848",1172,50,4
"2185867",11.08,50,6
"2185903",5216.52,50,6
"2185918",1172,83,6
"2185974",1172,72,10
"2185977",80.75,50,10
"2186051",1172,50,5
"2186052",1172,58,9
"2186054",628.08,50,5
"2186088",1172,50,10
"2186198",2162.98,50,4
"2186244",72.55,50,5
"2186279",222.11,50,7
"2186317",74,50,6
"2186328",1172,50,8
"2186374",114.74,50,5
"2186444",1172,62,5
"2186464",1172,50,7
"2186503",1172,62,5
"2186513",1172,78,6
"2186525",1172,58,6
"2186672",1172,50,7
"2186693",1172,50,6
"2186709",1172,50,9
"2186773",1172,50,6
"2186798",1172,50,7
"2186943",3296.44,50,7
"2186961",586,50,6
"2187064",1172,77,5
"2187065",1172,77,5
"2187072",1172,50,7
"2187084",4527.01,85,5
"2187143",4734.04,60,6
"2187304",1076.2,85,6
"2187379",1172,62,9
"2187424",1172,55,7
"2187498",1172,50,6
"2187601",4172,50,4
"2187689",500.63,75,4
"2187732",1172,50,5
"2187789",2344,58,5
"2187853",1172,56,5
"2187897",2344,63,7
"2188038",678.25,51,5
"2188040",1172,112,4
"2188051",76.01,63,6
"2188069",8657.07,100,5
"2188088",2,50,10
"2188189",5808.85,50,7
"2188235",740.24,50,10
"2188301",1172,50,6
"2188310",1607.5,95,6
"2188320",82.05,50,5
"2188329",1172,50,7
"2188337",586,50,7
"2188409",1172,59,8
"2188627",1172,90,10
"2188635",1172,50,6
"2188682",2344,55,6
"2188693",1172,50,6
"2188696",2172,62,5
"2188774",1172,50,6
"2188868",258.54,50,6
"2188878",1172,50,5
"2188903",377.54,50,5
"2188916",1244.57,50,6
"2188942",1172,50,5
"2188981",744.84,50,6
"2189008",1172,50,4
"2189059",1172,50,7
"2189063",1172,55,7
"2189084",1854.68,67,7
"2189168",1172,67,6
"2189177",1172,50,8
"2189197",1172,68,7
"2189216",568.14,62,6
"2189228",1610.31,62,6
"2189233",575.16,85,6
"2189257",1172,64,7
"2189312",1049.29,50,5
"2189378",75.99,50,7
"2189395",1172,50,4
"2189413",1172,59,7
"2189426",1172,50,5
"2189440",1172,50,8
"2189482",1172,50,7
"2189516",3172,50,6
"2189546",454.44,50,9
"2189554",8319.57,57,6
"2189595",1724,50,5
"2189694",1421.04,50,11
"2189719",968.93,50,6
"2189864",927.29,50,7
"2189870",1172,50,6
"2189876",308.05,50,6
"2189890",1051.15,55,6
"2189908",78.16,50,6
"2189917",1172,50,5
"2189966",1172,50,4
"2190122",1892,100,6
"2190130",77.25,58,6
"2190207",33059.73,50,7
"2190241",1172,78,6
"2190250",1172,54,5
"2190262",1172,67,5
"2190286",7625,55,6
"2190396",520.71,54,6
"2190413",1172,50,10
"2190415",1172,50,5
"2190423",1172,80,6
"2190491",1172,85,6
"21905",68.92,50,6
"2190514",927.94,50,10
"2190548",1278.77,62,4
"2190568",420.52,50,5
"2190573",1172,50,6
"2190727",77.5,50,5
"2190901",1134.48,62,8
"2190931",123.14,50,11
"2190953",189.69,100,7
"2191112",481.14,56,4
"2191118",240.25,50,4
"2191140",692.12,58,5
"2191156",1172,50,7
"2191173",1172,63,4
"2191178",1172,71,5
"2191185",806.09,58,6
"2191218",1172,65,7
"2191231",962.61,50,4
"2191243",414.94,50,6
"2191328",1172,80,5
"2191345",1927.68,54,5
"2191363",26.29,50,4
"2191380",3887.59,50,7
"2191434",1172,50,7
"2191477",1172,50,10
"2191491",78.16,50,6
"2191532",1172,50,9
"2191549",2344,62,7
"2191558",75.86,60,9
"2191573",225.13,73,5
"2191595",1172,76,6
"2191680",42057.71,50,5
"2191707",1172,50,7
"2191740",1172,62,7
"2191820",310.29,85,6
"2191905",9726.82,50,6
"2191942",749.13,76,6
"2191960",147.4,76,8
"2191963",1172,67,7
"2191973",1172,64,7
"2192020",1172,58,6
"2192083",1172,50,9
"2192155",1172,50,4
"2192231",1249,50,5
"2192235",22.05,50,10
"2192265",1172,50,4
"2192282",760.63,50,8
"2192342",1172,71,4
"2192418",1960.79,125,5
"2192454",1172,80,6
"2192561",1172,50,7
"2192601",1807.67,50,6
"2192708",4173.36,50,5
"2192730",1172,77,8
"2192752",133.99,50,4
"2192800",1172,62,8
"2192802",1172,71,6
"2192816",1041.5,72,5
"2192889",1172,50,10
"2192899",328,51,5
"2192953",1163.78,50,6
"2192969",1172,50,4
"2192974",5090.78,73,8
"2192996",1096.68,50,7
"2193045",1824.75,54,7
"2193084",399.76,90,6
"2193110",2007.57,85,7
"2193127",1172,50,7
"2193132",255.92,50,11
"2193149",1172,62,7
"2193188",1172,85,4
"2193219",1172,95,7
"2193325",76,76,5
"2193327",830.1,50,7
"2193335",826.56,80,6
"2193356",291.8,55,6
"2193365",1172,118,6
"2193395",4846.69,68,6
"2193478",1172,76,6
"2193487",2672,60,4
"2193514",1044.32,50,7
"2193518",5104.32,50,10
"2193524",1599.27,62,6
"2193563",1172,67,4
"2193624",154,54,4
"2193660",99.69,50,7
"2193682",1172,50,4
"2193698",1172,55,5
"2193825",44.6,50,7
"2193887",1172,60,6
"2193891",955.24,50,6
"2193942",1172,50,7
"2193971",338.91,50,7
"21940",1128.12,62,6
"2194006",1172,58,5
"2194029",375.99,52,7
"2194044",237.65,76,6
"2194079",286.34,67,4
"2194103",68.33,50,6
"2194151",761.18,57,6
"2194167",1172,50,5
"2194174",1172,50,5
"2194347",659.67,54,5
"2194369",1172,50,4
"2194376",1000,50,4
"2194382",1172,100,6
"2194414",1172,50,7
"2194417",74.75,50,7
"2194442",1042,50,6
"2194473",1172,50,6
"2194521",1172,50,12
"2194622",24.01,50,4
"2194624",3172,50,8
"2194638",3341.08,60,7
"2194641",1172,50,8
"2194679",800.8,68,7
"2194722",1480.93,50,6
"2194754",1172,59,4
"2194784",1172,59,5
"2195068",532.33,54,7
"2195104",1172,66,6
"2195142",1172,72,5
"2195198",1172,56,7
"2195227",375,80,4
"2195421",792.83,50,7
"2195492",1172,50,10
"2195527",1172,55,7
"2195534",1172,75,5
"2195615",488.25,50,6
"2195657",108.18,50,5
"2195700",857.16,52,4
"2195824",1172,58,7
"2195934",453.17,50,5
"2195964",1172,90,7
"2195981",76.01,50,10
"2196020",1172,71,7
"2196029",547.31,50,8
"2196045",1172,62,4
"2196133",1172,74,6
"2196218",534.28,50,6
"2196225",1172,50,6
"2196241",1172,50,7
"2196280",345.73,55,7
"2196319",174.62,50,8
"2196385",2502.62,85,10
"2196400",1647.65,50,8
"2196421",1172,78,8
"2196451",240.03,55,4
"2196464",1481.67,50,7
"2196650",798.43,50,15
"2196655",1172,50,11
"2196857",1172,62,8
"2196870",1172,50,4
"2196874",1965.57,62,11
"2196880",4259.53,50,6
"21969",1247.73,90,7
"2196921",73.99,50,10
"2197031",1172,50,5
"2197095",935.49,51,6
"2197103",1172,95,6
"2197139",1289.46,50,6
"2197192",823.14,78,6
"2197215",48735,50,13
"2197255",1172,76,5
"2197293",1172,50,6
"2197388",721.22,50,7
"2197395",70.55,76,6
"21974",1128.12,50,5
"2197748",1172,62,7
"2197749",1172,112,5
"2197769",2172,80,6
"2197771",1204.76,50,5
"2197821",1381.52,50,7
"2197850",75.98,68,5
"2197922",1172,67,6
"2197933",1172,58,4
"2197985",1172,50,7
"2197993",1172,68,8
"2198079",301.94,50,4
"2198145",1172,50,4
"2198147",78.15,60,4
"2198218",1172,50,7
"2198323",1778.05,72,7
"2198347",1172,58,4
"2198399",586,50,4
"2198440",1476.44,50,9
"2198534",2172,50,5
"2198652",255.17,64,6
"2198660",1172,55,5
"2198675",78.16,64,6
"2198697",662,58,4
"2198725",1172,85,6
"2198741",1139.24,56,6
"21988",92.43,50,7
"2198816",1172,56,5
"2198830",1172,50,6
"2198865",1172,50,5
"2198898",1172,50,8
"2199",564.35,50,5
"2199030",1172,58,10
"2199185",498.39,76,5
"2199363",586,56,8
"2199427",1172,71,10
"2199626",1172,65,7
"2199640",1172,50,10
"2199681",1982.03,50,9
"2199682",1670.14,54,7
"2199744",586,56,7
"2199764",162.39,50,8
"2199785",152.45,55,6
"2199852",1190.19,90,6
"2199910",1341.04,50,11
"2199941",2540.31,50,10
"2199951",828.45,50,7
"2200021",1172,63,7
"2200144",4172,50,6
"2200146",75.99,50,7
"2200156",947.4,64,7
"2200176",1172,55,6
"2200340",68088.66,50,7
"2200371",650.36,57,7
"2200396",2126.77,50,11
"2200408",1289.02,50,6
"2200422",1672,112,6
"2200452",991.92,56,4
"2200481",1172,50,7
"2200509",154.53,85,4
"2200527",1172,50,7
"2200557",156.66,50,7
"2200586",1172,62,5
"2200594",85.68,50,7
"2200616",1172,50,7
"2200684",1217.99,52,4
"2200725",1172,139,6
"2200760",1172,67,6
"2200774",1172,62,4
"2200882",1415.25,50,4
"2200889",5026.38,50,8
"2200898",2344,96,5
"2200929",1172,50,4
"2200950",706.95,70,11
"2201060",1249.74,62,7
"2201128",1172,76,6
"2201136",1172,62,6
"2201145",1000,57,11
"2201179",1672,64,9
"2201181",78.44,54,6
"2201241",56.74,50,7
"2201362",80.12,50,7
"2201372",1172,50,6
"2201445",1172,50,7
"2201447",1172,58,6
"2201510",461.25,72,7
"2201555",1172,50,6
"2201606",1172,60,5
"2201743",1872.68,63,4
"2201775",1172,62,7
"2201955",1455.76,71,6
"2202004",178.14,54,5
"2202113",650.24,50,5
"2202143",994.95,57,6
"2202504",1172,50,7
"2202612",33.86,50,4
"2202813",203172,68,6
"2202814",2672,55,4
"2202826",1172,50,6
"2202860",410.73,72,4
"2202922",2706.95,57,6
"2202923",1172,50,5
"2202987",1172,50,4
"2203020",1172,78,5
"2203052",1172,72,5
"2203080",4672,50,7
"2203086",1172,50,8
"2203107",1172,63,7
"2203112",96.26,52,6
"2203119",586,50,8
"2203152",774.89,61,6
"2203249",104.41,72,7
"2203334",16785.88,112,7
"2203360",1172,62,7
"2203391",1172,77,5
"2203420",1172,55,7
"2203462",74.84,50,6
"2203542",85.7,60,7
"2203544",4676.96,69,7
"2203556",556,50,9
"2203571",1172,50,4
"2203584",1032.14,80,8
"2203635",986.79,50,7
"2203656",1172,55,4
"2203661",5620.09,51,7
"2203673",1172,50,6
"2203719",1172,57,6
"2203740",213.04,50,8
"2203772",1172,58,5
"2203816",1128,62,5
"2203844",597.3,60,6
"2203870",1172,67,6
"2203879",592.2,54,6
"2203947",1035.56,50,6
"2203975",1172,50,4
"2203990",136.24,58,8
"2204025",2774.03,62,7
"2204056",741.77,50,6
"2204072",1172,50,5
"2204111",2672,76,7
"2204254",1591.18,50,6
"2204259",822.56,50,5
"22044",1128.12,50,5
"2204436",4282.23,50,6
"2204448",1172,71,6
"2204474",1172,62,5
"2204495",586,50,5
"2204530",1172,50,6
"2204575",1172,72,7
"2204647",2204.3,54,7
"2204662",1172,112,6
"2204669",831.96,63,9
"2204717",1172,50,7
"2204769",5409.75,85,7
"2204803",2742.11,67,9
"2204840",1172,67,5
"2204847",1172,50,6
"2204848",2637.37,50,4
"2204882",824.08,50,7
"2205047",1172,50,9
"2205106",663.23,50,6
"2205133",8500,51,5
"2205134",2672,50,10
"2205174",1172,51,5
"2205192",1172,50,4
"2205196",11002,60,5
"2205263",3729.05,50,6
"2205298",1172,54,5
"2205330",1172,67,7
"2205348",7400,50,9
"2205352",1501.78,73,10
"2205428",4762.45,85,7
"2205437",2179.93,50,8
"2205469",1172,68,9
"2205488",1172,100,5
"2205491",109743.72,76,12
"2205507",236.89,72,6
"2205542",91,50,9
"2205553",1172,50,10
"2205657",52.17,50,6
"2205720",1172,50,9
"2205791",58.69,68,7
"2205793",586,59,8
"2205806",1172,65,9
"2205817",1172,72,5
"2205838",1172,90,4
"2205890",2752.45,100,4
"2205894",1172,50,7
"2206005",1172,62,7
"2206012",1537.38,50,4
"2206067",2964,50,9
"2206084",1531.76,50,5
"2206168",2972.51,100,6
"2206171",1172,58,5
"2206261",1172,76,5
"2206281",71.76,50,7
"2206287",1172,85,7
"2206377",1172,50,7
"2206381",1172,55,5
"2206399",2397.27,85,5
"2206427",268.72,58,6
"2206454",1172,50,6
"2206511",241171.16,51,7
"2206540",103.73,50,7
"2206577",1172,68,8
"2206594",459.83,57,6
"2206633",1770.11,64,9
"2206651",384.05,50,4
"2206707",1172,62,6
"2206722",1172,100,7
"2206749",1172,50,5
"2206756",2672,95,9
"2206788",231.05,50,6
"2206900",1292.55,50,7
"2206988",3187.61,50,6
"2206989",204.93,50,6
"2207000",1172,50,9
"2207007",1172,50,4
"2207016",78.4,50,5
"2207029",274,50,6
"2207101",1172,60,9
"2207121",1172,71,10
"2207214",1172,50,6
"2207262",147.96,50,10
"2207274",120.86,50,9
"2207298",870.72,50,8
"2207310",1946.28,57,7
"2207314",82.07,50,9
"2207366",1872,59,6
"2207376",159.53,76,5
"2207378",221.62,57,6
"2207458",1172,50,6
"2207459",78.17,60,6
"2207501",4062.23,62,5
"2207574",954.21,64,7
"2207579",1047.85,58,6
"2207668",20.29,50,6
"2207690",314.23,88,11
"2207705",1260.5,75,9
"2207737",1172,118,11
"2207738",571.25,50,7
"2207753",652.33,51,4
"2207827",1172,58,10
"2207834",1172,106,5
"2207846",65.18,50,6
"2207860",1172,80,6
"2207891",955.08,55,11
"2207892",1172,50,6
"22079",71.47,50,7
"2207948",1754.61,50,6
"2207965",1172,50,5
"2207984",1172,50,7
"2207985",1172,58,8
"2207987",76.01,50,11
"2208012",99.65,73,10
"2208169",1172,65,9
"2208225",5172,64,8
"2208241",1172,50,10
"2208271",1172,50,6
"2208289",249.11,50,7
"2208309",1172,50,13
"2208338",586,58,6
"2208372",74.14,52,7
"2208380",23.09,50,10
"2208415",1172,50,6
"2208436",1388.16,50,10
"2208484",1172,62,7
"2208551",2154.29,100,6
"2208587",1172,74,7
"2208642",305,50,7
"2208677",1172,63,4
"2208684",1172,50,7
"2208705",2768,50,4
"2208742",70000,50,5
"2208827",1751.11,60,9
"2208843",2344,50,6
"2208866",150,50,5
"2208872",78.16,76,5
"2208881",446.35,85,5
"2208953",1689.24,56,6
"2208970",1215.61,50,4
"2209003",161.56,50,7
"2209032",799.99,50,7
"2209100",114.41,60,5
"2209119",1172,72,6
"2209128",1463.46,50,12
"2209179",75.18,50,7
"2209220",19350,73,4
"2209259",24172,50,7
"2209283",429.5,76,6
"2209424",1911,50,7
"2209432",1172,140,6
"2209457",1172,62,4
"2209532",1532.06,68,7
"2209580",1172,50,7
"2209596",1172,90,4
"2209613",1172,80,7
"2209731",1262.19,50,5
"2209768",586,56,4
"2209786",2172,68,6
"2209850",1172,62,5
"2209887",1172,50,5
"2209888",128902.06,71,6
"2210035",1076.42,54,8
"2210038",1172,50,12
"2210068",1219.74,58,5
"2210071",1172,62,6
"2210087",1172,50,7
"2210098",76.01,58,6
"2210122",1172,62,6
"2210218",142.11,50,6
"2210261",1758,86,6
"2210292",1172,62,8
"2210302",3266.4,50,4
"2210328",1945.2,52,6
"2210340",1172,118,6
"2210359",2344,50,6
"2210395",3487.6,85,6
"2210400",938.51,95,8
"2210401",1172,50,6
"2210416",470.64,50,5
"2210481",8.41,50,6
"2210489",186.39,50,4
"2210498",1172,55,6
"2210525",1821.01,96,4
"2210541",1172,58,5
"2210558",1172,60,11
"2210594",1172,65,7
"2210599",1172,50,5
"2210602",2058.18,50,5
"2210664",1172,106,5
"2210669",1286.26,100,6
"2210675",1172,50,7
"2210681",1172,72,7
"2210712",1172,72,7
"2210727",88.65,55,7
"2210835",1172,72,7
"2211009",2601.07,52,13
"2211041",1405.35,76,5
"2211082",1172,55,6
"22111",1128.12,55,7
"2211108",733.67,56,6
"2211115",1172,50,6
"2211124",1172,50,9
"2211132",5172,71,5
"2211153",1229.34,50,5
"2211170",1172,112,6
"2211172",1172,85,5
"2211207",2172,67,6
"2211232",5828.32,76,6
"2211246",5978.64,62,6
"2211262",423,95,5
"2211283",1910.58,118,5
"2211309",70.88,50,4
"2211333",1580.34,50,4
"2211358",1172,50,6
"2211364",5545.27,80,9
"2211368",1172,50,5
"2211390",1172,55,4
"2211392",1172,100,6
"2211410",2372.71,50,4
"2211449",1172,50,5
"2211455",1172,62,5
"2211463",1172,58,9
"2211470",1172,62,7
"2211485",1172,50,7
"2211490",1235.03,50,7
"2211495",1172,75,7
"2211498",1515.81,53,6
"2211499",349.24,58,6
"2211513",1172,50,5
"2211527",1172,50,5
"2211535",1172,55,6
"2211554",1080.12,80,7
"2211584",26672,50,6
"2211587",62400,50,4
"2211594",385.09,62,5
"2211597",1172,50,4
"2211600",508.09,50,5
"2211613",201,53,11
"2211622",1172,62,4
"2211636",79.79,64,6
"2211661",2672,50,7
"2211664",1172,50,4
"2211678",90.99,50,4
"2211694",4263.48,50,4
"2211743",81.3,72,8
"2211752",2317.28,85,6
"2211777",1172,51,6
"2211856",1172,50,6
"2211905",351.27,50,6
"2211909",1975.23,58,5
"2211918",222.22,50,6
"2211930",1172,100,10
"2211939",1486.03,50,9
"2211942",1172,50,6
"2211988",1172,50,7
"2212023",148.71,50,6
"2212047",3378.73,55,4
"2212076",2659.71,50,4
"2212077",10713.16,62,5
"2212101",1172,62,7
"2212104",1172,100,6
"2212109",283.28,50,6
"2212134",587.49,62,6
"2212144",1375.66,76,5
"2212167",2943.53,100,4
"2212380",227.83,100,6
"2212382",5128.93,50,5
"2212449",1172,90,6
"2212526",1172,50,11
"2212574",1172,58,7
"2212606",3500.63,76,7
"2212650",1172,80,13
"2212705",586,56,10
"2212841",1172,72,9
"2212932",1495.14,51,5
"2213020",302.85,64,5
"2213042",5437.88,106,7
"2213128",1172,72,6
"2213434",1172,62,7
"2213867",1656.46,76,7
"2213927",730.57,66,6
"2213966",777.53,51,5
"2214094",2786.1,53,6
"2214215",1372.18,60,7
"2214250",479.59,50,4
"2214260",1500,80,7
"2214266",15000,90,13
"2214282",5000,50,6
"2214309",1739,51,6
"2214310",1500,80,4
"2214340",88,50,6
"2214347",5000,95,5
"2214362",304.65,90,4
"2214369",874.6,50,4
"2214388",79,50,4
"2214451",1500,70,5
"2214456",634.75,50,7
"2214559",443.06,50,6
"2214572",423.53,65,5
"2214607",743.23,57,10
"2214669",1383.31,50,7
"2214699",5975.01,50,10
"2214944",360.22,51,6
"2214952",3309.92,60,5
"2214960",5000,50,6
"2214964",719.73,90,6
"2214984",1072.56,50,6
"2215001",2500,50,6
"2215010",552.54,60,7
"2215046",540.57,50,5
"2215050",3152.24,50,8
"2215055",5000,50,8
"2215112",2085.51,50,6
"2215169",78.34,100,6
"2215280",1500,72,4
"2215294",6328.83,76,8
"2215388",1964.7,52,7
"2215424",5234.61,50,6
"2215519",1262.54,50,4
"2215587",6658.8,50,12
"2215628",1500,54,6
"2215658",963.43,80,6
"2215712",3379.57,50,6
"2215724",662.71,50,5
"2215790",2686.9,50,5
"2215807",450,64,6
"2215820",714,50,7
"2215868",2780.65,53,9
"2215982",80.56,75,9
"2215983",14928,70,7
"2216077",15000,95,4
"2216098",3038.99,50,15
"2216168",10000,68,7
"2216222",391.4,90,5
"2216288",4000,63,7
"2216294",9653.6,50,4
"2216336",410.95,50,7
"2216351",3127.62,76,6
"2216358",75.34,60,6
"2216451",1236.08,60,14
"2216464",1152.24,68,7
"2216536",1479.53,54,4
"2216538",1375.88,85,7
"2216593",3985.72,68,5
"2216619",2445.29,50,7
"2216661",2949.97,60,7
"2216689",10056.59,50,7
"2216832",536.99,71,6
"2217120",1133.47,50,10
"2217244",3422.25,80,4
"2217403",1204.57,50,7
"2217629",645.19,50,6
"2218131",366.58,50,13
"2218307",1796.98,54,7
"2218325",12552.98,64,7
"2218590",2919.88,95,6
"2218659",811.42,50,8
"2218669",746.31,50,5
"2218857",2175.1,50,7
"2218948",916.29,50,9
"2219050",265.72,54,4
"2219089",71.64,54,6
"2219173",1584.54,64,5
"2219390",1455.47,76,6
"2219417",707.21,64,9
"2219419",610.95,85,5
"2219601",1822.94,85,4
"2219627",1376.92,50,6
"2219665",4126.76,50,5
"2219787",480.73,54,5
"2219808",10000,50,7
"2219881",1744.37,80,7
"2219973",3000,76,5
"2219997",1135.87,80,6
"2220064",3804,50,4
"2220176",1957.5,95,4
"2220177",486.92,71,4
"2220228",3500.83,58,6
"2220353",1197.67,50,7
"2220394",2000.72,68,8
"2220441",374.07,50,7
"2220463",1185.49,76,6
"2220532",385.11,50,7
"2220538",87.91,50,11
"2220551",3000,90,4
"2220591",492.15,50,6
"2220674",2027.03,50,5
"2220691",402.45,52,7
"2220725",1140.31,50,6
"2220796",258.46,71,7
"2220831",81.33,50,6
"2220877",1615.85,50,5
"2220882",1500,50,7
"2220961",103.15,72,6
"2221046",960.98,54,7
"2221053",1505.02,50,7
"2221063",1346.24,50,5
"2221174",1071.76,85,4
"2221176",2658.58,58,7
"2221219",310.65,50,6
"2221250",5000,50,6
"2221369",840.6,68,4
"2221370",1594.64,50,4
"2221380",71.76,57,7
"2221424",1067.56,50,7
"2221430",867.42,50,6
"2221433",1169.45,50,4
"2221473",1190.05,85,6
"2221514",2671.41,50,6
"2221559",939.74,53,7
"2221673",396.97,50,6
"2221708",1002.89,62,5
"2221727",1235.19,54,6
"2221809",1500,50,6
"2221842",3900,50,5
"2221863",5000,50,13
"2221941",994.56,100,4
"2221991",1452,50,10
"2221998",2000,85,10
"2222",3365.37,100,5
"2222063",805.04,76,7
"2222064",767.55,50,6
"2222159",2500,50,6
"2222206",515.47,68,7
"2222220",2310.95,85,8
"2222438",1794.67,50,7
"2222794",2659.39,50,6
"22231",1250.08,62,5
"2223202",10000,72,6
"2223311",3033.6,50,4
"22234",1320.24,50,6
"2223496",660,67,4
"2223700",673.89,50,7
"2223785",2339.65,50,13
"2223852",2202.83,57,6
"2223886",2843.13,55,11
"2224148",294.37,76,7
"2224507",249.15,56,4
"2224596",1550.55,72,5
"2224951",10059.92,72,4
"2224967",900,50,7
"2225128",1076.35,60,4
"2225154",2259.69,50,7
"2225209",1039.38,54,6
"2225269",1483.12,76,7
"2225323",81.33,95,6
"2225386",822.6,76,6
"2225605",153.04,50,4
"2225637",500.37,51,7
"2225640",580,72,9
"2225724",6939.28,50,11
"2225771",55000,50,5
"2225849",8639.92,54,6
"2225855",2900,50,5
"2225891",528.18,76,4
"2226047",2688.91,50,5
"2226087",1000,50,6
"2226139",12081,50,9
"2226289",400,50,11
"2226405",2765.97,57,5
"2226426",1204,50,7
"2226451",881.03,50,4
"2226479",3915.35,50,6
"2226525",80.81,50,7
"2226574",2949.99,50,6
"2226658",777.88,64,6
"2226702",299,58,8
"2226727",2275.76,50,7
"2226740",3000,50,4
"2226762",1523.05,50,4
"2226812",2127.86,58,8
"2226832",6000,50,5
"2226840",1558.01,50,6
"2226867",1899.92,50,4
"2226881",1500,51,8
"2226904",120000,72,7
"2226999",1151.89,58,4
"2227090",2202.89,50,5
"2227091",1172,80,8
"2227122",1010.94,51,13
"2227138",1217.3,68,6
"2227145",616.82,50,8
"2227167",1152.62,80,4
"2227271",900,90,8
"2227272",1000,95,6
"2227303",1084.11,50,4
"2227410",1352.53,50,6
"2227442",1751.28,85,6
"2227481",834.42,64,7
"2227492",343.85,62,15
"2227585",473.51,100,5
"2227636",1572.01,56,8
"2227641",797,50,4
"2227644",621.85,57,4
"2227737",858.04,83,10
"2227805",1554.34,57,6
"2227828",829.96,77,13
"2227860",1533.82,50,10
"2227875",932.22,50,6
"2227880",1281.33,50,5
"2227902",1291.42,63,7
"2228035",104.29,50,7
"2228173",84.62,50,7
"2228328",629.27,106,4
"2228464",500,80,7
"2228642",3215.81,80,7
"22289",1128.12,58,6
"2229037",229.01,72,5
"2229107",567.59,50,5
"2229317",333.92,64,7
"2229366",3237.63,50,8
"22300",1957.96,50,6
"2230147",783.4,89,4
"2230216",2487.97,64,7
"2230292",433.94,50,6
"22303",66.32,50,9
"2230359",724.66,100,5
"2230541",883.15,50,7
"2230560",2714.27,50,5
"2230690",950.9,90,6
"2230748",1392.99,73,4
"2230849",1484.79,50,7
"2230955",5000,80,4
"2231031",1000.55,50,9
"2231295",1042.67,68,8
"2231363",5000,76,7
"2231446",1259.9,50,8
"2231517",2488.58,68,5
"2231549",399.79,57,11
"2231551",185.75,68,6
"2231602",18000,76,4
"2231657",4565.73,100,5
"2231701",3484,50,6
"2231787",6534.09,53,7
"2231792",6000,66,8
"2234497",449.85,72,6
"2234608",27000,50,4
"2234617",1356.01,76,5
"22350",2839.2,50,5
"2235003",2876.2,76,6
"2235037",977.34,62,14
"2235042",1731.91,50,5
"2235050",109.92,68,6
"2235068",217.29,62,9
"2235088",1663.07,90,4
"2235158",10000,72,10
"2235187",1588.33,95,6
"22364",914.09,50,6
"2239254",521.93,59,4
"2239272",612.72,80,6
"2239279",24825.77,50,4
"2239653",301.67,90,7
"2241148",2151.27,85,7
"2241216",3740.58,80,12
"2241283",282.92,91,5
"2241326",514.01,57,7
"2241378",2943.15,60,6
"2241380",1224.95,64,7
"2241477",653.96,50,6
"2241592",575,90,7
"2241658",5000,71,9
"2241683",35529.37,50,4
"2241687",1202.88,57,7
"2241750",653.27,50,5
"2241818",783.24,68,5
"2241861",1331.8,60,6
"2246130",960.05,76,9
"2246239",1282.71,51,7
"2246295",1500,80,9
"2246354",561,50,8
"2246362",690,84,4
"2246553",6080.81,54,6
"22479",139.65,50,7
"2247970",8000,85,8
"2247975",1500,54,6
"2247986",3033.06,50,4
"2247990",170.33,100,4
"2248080",1429.04,86,7
"2248174",18354.66,50,4
"2248193",3164.28,54,6
"2248261",1500,80,8
"2248263",1435,76,7
"2248292",3800,68,5
"2248468",1500,50,9
"2252862",1690,85,7
"2252952",1500,50,7
"2253298",85.51,50,6
"2253899",17000,50,5
"2254065",1500,60,7
"2254212",878.27,50,7
"2254447",257.27,76,8
"2254478",4653.56,80,6
"2255083",1156.35,60,6
"2255094",98.07,58,5
"2255118",1979.66,61,6
"2255152",792,69,6
"2255211",1356.39,65,7
"2255267",439.13,77,4
"2255277",1357.89,64,9
"2255307",2548.65,61,14
"2255325",2396.8,50,6
"2255329",125.02,95,4
"2255337",2933.03,60,10
"2255452",4683.74,51,10
"2255571",71.64,50,10
"2255684",3327.59,55,7
"2255734",71.64,64,4
"2255777",1761.02,68,6
"2255789",1622.23,50,6
"2255812",670,50,11
"2255815",1166.22,57,4
"2255817",338.43,50,6
"2255839",2000,57,10
"2255842",17000,90,6
"2255875",892.42,60,6
"2255909",757.82,64,8
"2255912",1000,50,6
"2255937",254.33,50,7
"2255966",571.02,50,5
"2255971",261.85,50,7
"2255979",1111.94,50,7
"2255984",632.84,84,6
"2256023",1466.13,50,7
"2256034",602.79,50,7
"2256054",517.77,53,5
"2256061",1679.23,50,7
"2256074",1045.47,50,7
"2256090",1809.92,68,4
"2256096",1500,53,5
"2256100",672.79,64,5
"2256133",4068.24,68,13
"2256140",2000,50,5
"2256235",1200,50,5
"2256248",174.12,50,7
"2256254",2278.45,50,5
"2256358",3000,76,6
"2256519",1319.09,76,6
"2256527",965.04,85,5
"2256665",323.59,50,5
"2256698",9000,80,7
"2256705",71.64,60,5
"2256709",1730.41,72,6
"2256715",1515.68,62,5
"2256716",1362.81,60,5
"2256779",2892.55,51,8
"2256787",5142.07,50,11
"2256815",3767.15,50,7
"2256824",1636.28,50,6
"2256851",3030.26,76,4
"2256859",511.53,50,10
"2256936",1303.08,50,8
"2256937",2095.49,58,7
"2256947",1375.45,76,7
"2257319",78.34,64,7
"2257418",730.63,51,13
"22576",1128.12,50,4
"2257612",1791.19,95,8
"2257706",2303.68,50,9
"2257713",2941.73,90,7
"2257801",1896.64,64,6
"2257814",1536.51,50,6
"2257821",141.36,65,7
"2257822",1444.1,50,9
"2257823",1396.82,50,5
"2257841",13398.27,50,8
"2257855",1103.03,61,5
"2257857",1500,50,7
"2257896",2805.39,50,8
"2257934",2039.45,50,7
"2257944",167.29,50,7
"2257964",8000,57,5
"2257991",1675.19,64,6
"2258014",2245.45,50,6
"2258022",1929.3,50,9
"2258037",556.2,50,5
"2258058",1117.75,50,5
"2258068",744.43,50,7
"2258069",787.96,50,6
"2258125",1752.88,50,5
"2258133",1194.47,50,5
"2258151",1692.36,55,5
"2258175",71.64,80,5
"2258245",2439.89,62,6
"2258283",142.47,52,4
"2258331",1796.66,50,6
"2258343",774.9,72,6
"2258356",1804.7,72,5
"2258388",1702.42,60,7
"2258401",1323.25,50,6
"2258415",2806.9,64,5
"2258458",73.22,54,7
"2258461",1563.68,51,6
"2258524",214,62,9
"2258559",1791.41,50,7
"2258597",36.47,68,5
"2258608",823.01,58,6
"2258672",405.02,55,4
"2258735",5000,90,4
"2258736",2147.89,50,8
"2258737",638.74,51,9
"2258784",1280.48,85,5
"2258845",869.04,76,4
"2258851",1556.66,56,4
"2258864",884.56,54,4
"2258870",1624.05,68,8
"2258872",504.23,50,7
"2258910",4000,85,7
"2259024",321.34,50,7
"2259155",744.24,50,5
"2259187",78.4,50,5
"2259252",988.85,51,9
"2259283",644.21,76,5
"2259341",5772.06,80,6
"2259787",1190.2,80,6
"2259799",292.85,80,6
"2259914",1087.08,68,6
"2260002",5500,86,7
"2260057",1143.37,86,8
"2260102",4000,50,6
"2260140",1500,50,6
"2260141",1500,50,4
"2260200",5000,50,4
"2260231",1522.21,50,6
"2260267",1500,85,7
"2260272",3351.05,50,11
"2260280",900,57,6
"2260319",78.34,50,10
"2260366",2087.58,62,5
"2260379",75.11,58,4
"2260456",776.76,50,5
"2260482",10000,57,5
"2260510",4720.98,50,7
"2260519",418.01,50,7
"2260574",1334.93,50,5
"2260624",817.29,50,5
"2260647",1344.3,82,7
"2260730",704,54,6
"2260869",547.09,50,6
"2260879",1312.76,50,15
"2260956",756.68,50,7
"2260958",2085.77,60,12
"2261060",868.77,80,9
"2261081",2736.98,50,8
"2261162",3833.82,90,6
"2261199",723.19,72,6
"2261262",983.08,60,6
"2261268",564.09,80,4
"2261282",2583.62,50,12
"2261311",4000,50,9
"2261316",1881.96,57,5
"2261355",590.36,50,5
"2261359",1592.1,64,4
"2261362",1055.62,54,8
"2261404",648.41,77,7
"2261431",40000,100,5
"2261577",2419.13,50,6
"2261680",590,90,6
"2261758",1333.02,72,5
"2262401",537.07,57,5
"2262424",334.91,60,9
"2262471",511.01,68,5
"2262590",845.74,50,7
"2262599",588.44,50,7
"2262740",829.26,72,7
"2262755",420.38,50,4
"2262806",894.41,85,10
"2262807",4000,50,8
"2262827",3000,63,5
"2262829",1521.48,72,7
"2262846",3000,60,6
"2262912",2249.67,50,6
"2262918",77.76,50,7
"2262925",2348.07,50,6
"2262998",721.73,50,7
"2263016",678.84,50,5
"2263067",1594.79,50,5
"2263071",2622.66,50,5
"2263138",200.76,58,7
"2263157",2409.25,55,8
"2263159",82.05,62,5
"2263166",931.84,50,9
"2263174",855.11,57,5
"2263225",3064.29,50,7
"2263279",779.15,90,6
"2263288",1493.41,50,5
"2263289",775.11,51,4
"2263296",1387.44,50,7
"2263308",2044.13,50,12
"2263363",71.64,50,6
"2263399",1614.99,50,5
"2263408",131.62,50,8
"2263470",938.97,50,8
"2263473",3500,68,6
"2263540",438.16,68,6
"2263550",290.97,50,4
"2263569",1599.91,50,14
"2263629",68.2,68,5
"2263634",7000,50,5
"2263635",1844.19,56,4
"2263808",303.21,50,12
"2263816",7197.26,52,5
"2263828",629.7,50,6
"2263854",255.68,56,5
"2263863",1500,65,9
"2263878",3000,72,6
"2263957",301.2,68,9
"2263968",980.93,50,8
"2263977",67.46,65,9
"2264027",540.9,54,5
"2264082",1938.33,54,7
"2264143",1910.51,53,6
"2264181",3793.43,50,7
"2264207",83.12,100,6
"2264234",1649.14,76,7
"2264295",219.63,68,6
"2264297",8714.48,90,5
"2264305",3827.75,74,5
"2264323",1087.78,68,11
"2264346",1500,58,4
"2264398",900,50,4
"2264433",78.34,64,5
"2264441",305.95,50,4
"2264484",673.53,95,8
"2264515",1456.88,50,7
"2264519",3868.8,85,6
"2264523",1213.61,50,8
"2264540",1451.73,81,6
"2264575",1500,64,7
"2264634",2730.06,72,6
"2264707",356.33,50,5
"2264720",945.35,63,4
"2264748",1122.96,60,10
"2265042",951.03,60,7
"22652",1128.12,50,6
"2265303",3000,80,6
"2265510",2000,50,5
"2265825",1093.14,68,6
"2266149",520.63,50,6
"2266190",100,80,5
"2266292",1911.85,72,4
"2266305",750.26,56,10
"2266315",670.64,50,4
"2266327",68.6,64,4
"2266329",1930.96,60,6
"2266330",7170.57,50,11
"2266392",1500,85,7
"2266429",20000,57,4
"2266452",2626.51,68,7
"2266468",979.61,72,6
"2266472",955.4,71,7
"2266476",441.3,50,5
"2266575",777.06,50,5
"2266621",264.59,50,10
"2266630",30000,54,4
"2266671",1000,85,6
"2266700",930.59,100,4
"2266729",7000,50,6
"2266767",5076.45,50,5
"2266788",1212.61,50,7
"2266805",500.1,50,6
"2266814",937.4,72,7
"2266815",628.12,50,4
"2266867",442.17,85,5
"2266921",1715.11,50,4
"2266947",429,60,6
"2266951",660.78,76,5
"2266963",254.66,50,7
"2266970",2223.12,55,9
"2267001",1937.5,50,6
"2267003",1089.14,76,7
"2267048",911,55,7
"2267054",1555.39,50,5
"2267122",220.39,67,11
"2267226",1829.26,51,4
"2267294",297.89,50,5
"2267312",1058.36,50,6
"2267383",1137.07,50,6
"2267417",2982.85,57,5
"2267427",699.68,54,4
"2267447",1000,118,4
"2267466",3960.07,50,7
"2267487",866.24,50,8
"2267489",10000,75,5
"2267518",1460.37,50,8
"2267527",1662.81,65,5
"2267542",1072.96,50,6
"2267555",52.88,50,6
"2267717",1089.92,50,12
"2267758",2062.21,50,5
"2267782",776.69,50,6
"2267812",1720.87,57,6
"2267816",6000,62,10
"2267824",2664.85,63,7
"2267840",1491.11,52,5
"2267874",3000,60,5
"2267901",1031.57,72,7
"2267959",2754.34,62,5
"2267962",3505.32,90,5
"2267977",3197.49,90,10
"2268013",3645.23,72,7
"2268036",3664.95,50,5
"2268038",5000,50,13
"2268050",890.37,68,6
"2268060",100.3,55,5
"2268069",225.72,50,6
"2268074",213.99,51,5
"2268155",1287.44,52,6
"2268185",735.54,54,5
"2268186",1172,50,7
"2268195",9048.72,64,9
"2268208",6237.08,50,6
"2268282",1076.29,69,6
"2268286",1388.09,72,7
"2268328",1574.06,57,6
"2268342",1247.16,50,7
"2268383",105.45,64,5
"2268401",1990.92,50,6
"2268413",2017.89,50,7
"2268430",181.67,50,6
"2268451",2432.86,50,8
"2268478",280.43,95,5
"2268529",1132.05,100,6
"2268538",771.5,50,6
"2268548",1763.49,58,6
"2268575",2987.42,50,7
"2268649",83.72,50,6
"2268659",544.14,50,6
"2268680",22343.05,50,10
"2268681",1273.44,50,11
"2268891",2156.21,50,11
"2269119",1500,50,7
"2269238",1678.03,68,5
"2269330",1521.35,85,6
"2269394",420.25,68,6
"2269455",4408.34,50,6
"2269458",9000,85,8
"22695",64,50,5
"2269527",2019.72,54,7
"2269589",2237.07,66,10
"2269809",669.38,100,4
"2269849",706.21,50,7
"2270260",1907.32,79,6
"2270286",1297.84,54,7
"2270468",1287.5,50,9
"2270493",853.42,68,7
"2270525",1070.52,50,12
"2270561",2812.02,50,5
"2270595",3000,54,5
"2270596",3625.57,82,5
"2270627",3000,77,9
"2270640",932.81,57,4
"2270646",1383.94,50,6
"2270702",310.45,50,7
"2270838",3091.71,50,10
"2270902",5519.94,76,8
"2270913",1688.51,50,8
"2270918",1188.86,50,6
"2270924",527.49,50,7
"2270955",26653.54,62,8
"2270966",839.04,50,11
"2271008",765.08,50,7
"2271063",529.46,86,4
"2271074",746.01,80,4
"2271137",293.69,68,6
"2271145",1681.12,58,7
"2271180",464.05,72,7
"2271189",1303.52,50,10
"2271230",1439.14,50,5
"2271248",382.19,50,10
"2271264",1582.17,50,6
"2271355",2107.12,72,7
"2271362",4302.25,50,6
"2271367",390,50,10
"2271392",2438.78,64,6
"2271488",1305.45,54,4
"2271525",1701.1,70,6
"2271584",746.37,50,5
"2271716",1785.85,50,7
"2271782",86.24,112,5
"2271787",1060,95,5
"2271840",75.11,85,6
"2271891",503.17,50,5
"2271915",1032.11,64,6
"2271935",137,80,7
"2271943",1479.75,64,4
"2271948",6225.52,50,7
"2271984",288.7,50,6
"2272055",1073.07,55,7
"2272104",3074.73,50,4
"2272126",586,61,5
"2272157",1500,85,6
"2272159",1072.5,50,7
"2272183",1282.87,72,4
"2272225",1128.98,68,5
"2272241",655.04,50,7
"2272263",11828.47,50,7
"2272266",1400,50,8
"2272273",713.17,50,5
"2272293",83.12,50,5
"2272315",547.27,90,6
"2272360",1762.37,56,7
"2272379",1544.93,50,6
"2272382",973.85,80,5
"2272399",1986.72,54,9
"2272416",839.56,85,6
"2272505",7000,90,6
"2272574",75.62,90,7
"2272595",531.57,60,5
"2272605",1564.61,53,9
"2272619",632.92,80,6
"2272682",1310.01,50,4
"2272683",1172,72,5
"2272686",352.94,50,6
"2272703",681.74,50,6
"2272755",6220.17,100,7
"2272772",1394.28,50,5
"2272785",568.83,68,4
"2272798",1888.88,55,6
"2272799",450.43,50,4
"2272894",10604.53,76,7
"22729",3921.13,50,8
"2272900",7000,50,4
"2272906",1367.8,57,7
"2272912",1200.81,50,12
"2272913",81.33,51,8
"2273202",2427.98,68,11
"2273433",2183.65,50,6
"2274007",786.4,50,5
"2274082",304.58,68,6
"22743",1128.12,50,7
"2274440",2643.35,68,6
"2274474",610.58,50,7
"2274488",694.72,68,5
"2274545",24441.66,76,14
"2274559",1200,61,8
"2274647",1415.1,53,5
"2274748",1413.38,100,5
"2274796",564,50,11
"2274886",71.64,75,7
"2274924",160.67,50,6
"2274935",2677.98,50,9
"2274981",1349.54,50,7
"2274999",1248.72,50,7
"2275064",783.12,80,4
"2275066",1435.61,80,5
"2275071",732.9,68,8
"2275075",2290.1,57,5
"2275118",465.12,54,8
"2275128",1400,60,4
"2275187",658.63,64,5
"2275190",10000,76,4
"22752",400.15,50,6
"2275232",1895.13,50,8
"2275246",1500,80,6
"2275265",1503.92,50,10
"2275270",3016.93,51,5
"2275282",9345.67,65,8
"2275287",1827.07,50,7
"2275323",896.23,85,6
"2275334",1622.99,50,6
"2275342",1572.8,52,5
"2275397",450.66,85,6
"2275465",3000,62,11
"2275497",130.88,50,9
"2275505",65.78,50,7
"2275523",4025.07,50,13
"2275550",879.52,50,5
"2275551",801.85,50,7
"2275555",1412.32,50,5
"2275576",1417.87,50,5
"2275621",1689.25,50,5
"2275637",1500,50,6
"2275639",5644.67,50,10
"2275675",2128.66,50,9
"2275719",4000,55,10
"2275785",337.96,68,7
"2275832",5883.9,64,6
"2275840",4751.89,60,12
"2275874",500,50,10
"2275901",2373.92,58,5
"2275925",100,90,7
"2275934",421.95,50,11
"2275981",1510.8,50,5
"2276030",1200.32,64,5
"2276038",4736.97,50,7
"2276105",5000,50,6
"2276111",2566.27,57,5
"2276143",546.24,50,6
"2276145",1087.7,50,4
"2276169",601.56,50,8
"2276195",1738.94,61,7
"2276215",1406.92,59,6
"2276219",67.47,50,6
"2276247",356.18,80,5
"2276263",207.31,68,10
"2276339",4288.94,90,7
"2276380",862.77,147,5
"2276469",1243.64,72,6
"2276522",1217.06,72,4
"2276594",1115.88,50,5
"2276606",271.83,57,4
"2276618",2101.31,50,4
"2276622",724.77,72,6
"2276697",3558.73,125,6
"2276752",1601.48,50,8
"2276782",10000,85,4
"2276830",2319.11,72,7
"2276831",692.91,53,7
"2276860",1867.39,50,5
"2276980",1112.96,64,6
"2276991",1418.32,50,7
"2277064",1915.72,50,9
"2277088",1580.04,58,7
"2277093",3000,50,4
"2277113",18530,50,9
"2277124",2504.17,80,7
"2277145",694.54,50,5
"2277204",975.19,50,7
"2277208",635,95,5
"2277210",636.45,100,4
"2277213",8000,50,12
"2277215",816.3,50,8
"2277246",1278.25,68,11
"2277248",925.27,85,6
"2277250",822.72,80,5
"2277329",1500,50,6
"2277331",496.39,57,6
"2277336",589.13,50,6
"2277399",15000,85,6
"2277413",2451.14,60,8
"2277447",1251.14,50,5
"2277483",3000,100,10
"2277547",323.82,68,8
"2277593",1226.32,112,6
"2277602",1668.59,50,11
"2277605",1039.21,64,5
"2277607",3980,64,7
"2277619",725.71,56,5
"2277628",776.65,68,5
"2277638",2099.19,85,5
"2277656",2085.77,50,10
"2277682",1575.61,50,5
"2277702",11995.35,54,12
"2277737",4362.57,60,12
"2277762",28672,50,4
"2277778",1426.59,50,5
"2277797",295.65,50,4
"2277833",5631.99,50,6
"2277862",480.22,50,5
"2277867",200,64,5
"2277883",17138.28,68,7
"2277905",786.73,50,6
"2278017",768.06,54,4
"2278018",2345.47,60,5
"2278336",278.15,64,9
"2278399",1849.28,57,10
"2278410",2000,76,6
"2278657",237.68,50,7
"22787",1128.12,52,6
"2278882",1256.08,58,5
"2278977",451.36,125,6
"2279158",2758.77,55,6
"2279299",76,50,6
"2279323",7000,95,4
"2279537",851.78,90,6
"2279707",2000,85,5
"2279765",441.14,95,6
"2279932",683.94,79,6
"2280034",2011.02,68,5
"2280355",2781.2,80,6
"2280476",77.76,58,7
"2280493",1591.69,85,5
"2280542",5000,50,7
"2280550",1235.83,67,8
"2280583",2788.64,62,7
"2280617",1500,50,4
"2280631",602.24,68,10
"2280664",10000,57,7
"2280678",589.51,68,7
"2280739",748.22,50,5
"2280743",1638.46,50,9
"2280780",1716.61,50,7
"2280787",1729.54,57,14
"2280835",959.92,59,7
"2280846",335.23,64,5
"2280862",1363.29,72,9
"2280896",74.75,50,9
"2280926",2513.39,76,5
"2280936",1350,57,4
"2280977",279.26,61,9
"2281015",678.25,57,7
"2281018",1500,51,8
"2281019",1500,64,10
"2281129",531.65,51,7
"2281135",3089.34,50,6
"2281144",1240.24,50,7
"2281271",528.37,50,5
"2281286",10000,55,5
"2281288",787.43,50,8
"2281325",6298.71,58,7
"2281414",304.8,55,5
"2281436",774.73,50,7
"2281484",1108.05,72,5
"2281509",1394.97,64,7
"2281540",353.72,50,6
"2281588",1985.47,76,6
"22816",564.06,50,5
"2281640",707.59,50,7
"2281661",804.5,50,6
"2281713",1017.99,50,6
"2281718",1172,50,7
"2281742",128.64,72,8
"2281761",4718.43,68,6
"2281769",809.43,53,5
"2281787",1973.47,50,7
"2281875",6500,50,7
"2281880",931.4,76,5
"2281903",550,72,7
"2281916",1380.56,50,8
"2281979",500,100,7
"2282042",85.01,76,5
"2282062",1859.19,85,7
"2282095",3000,64,5
"2282110",1053.39,54,8
"2282118",369.05,64,6
"2282126",3089.88,67,8
"2282131",1449.44,50,6
"2282157",1000,82,7
"2282188",1208.39,80,7
"2282199",7000,50,7
"2282229",5000,50,7
"2282234",1030.54,60,6
"2282238",800,72,7
"2282259",566.57,90,6
"2282277",10000,51,10
"2282340",1232.27,81,7
"2282425",606.4,60,4
"2282450",419.87,64,7
"2282452",1931.47,64,8
"2282463",656.19,56,8
"2282488",831.32,50,5
"2282491",2026,65,6
"2282504",1651.37,50,5
"2282521",516.09,50,6
"2282564",1422.75,85,7
"2282966",1804.38,50,6
"2283104",922,68,6
"2283118",1500,85,5
"2283291",307.48,50,4
"2283323",1500,50,6
"2283408",5985.03,50,5
"22838",1128.12,50,7
"2283988",1939.44,50,6
"2284",1761.37,72,6
"2284061",2459.77,85,8
"2284104",1464.28,95,7
"2284167",675.09,54,8
"2284246",378.96,70,11
"2284588",20000,62,6
"2284677",2532.39,77,6
"2284679",5000,100,4
"2284683",5000,76,5
"2284808",673.67,72,8
"2284991",906.5,50,4
"2285058",9202.1,80,6
"2285284",591.99,57,7
"2285319",6916.04,60,5
"2285324",2066.8,68,8
"2285338",662.27,50,6
"2285371",1008.18,65,11
"2285428",1500,50,6
"2285479",208,50,6
"2285549",2619.51,50,7
"2285587",599.31,50,4
"2285592",1373.28,50,8
"2285609",1500,85,8
"2285659",589.48,64,10
"2285688",13455.02,76,5
"2285745",87.15,80,5
"2285763",364.18,50,13
"2285767",1292.49,50,4
"2285807",1036,72,6
"2285846",1529.05,50,5
"2285847",525.65,76,6
"2285876",10000,54,4
"2285913",1000,50,8
"2285949",378.83,50,10
"2285955",1398.72,71,5
"2286089",6282.94,64,5
"2286098",1368,64,6
"2286154",1000,60,6
"2286228",231.13,50,7
"2286241",735.51,50,6
"2286249",1599,50,8
"2286257",700.25,50,6
"2286286",802.48,50,7
"2286293",902.41,50,6
"2286322",95.5,50,11
"2286376",1947.41,50,7
"2286417",2499.01,62,7
"2286447",1455.13,51,4
"2286491",495.86,50,6
"2286518",1000,51,13
"2286611",363.18,85,5
"2286680",568.85,72,5
"2286715",1628,52,11
"2286887",140,76,7
"2286954",3216.18,72,10
"2286957",910.64,50,6
"2286984",500,90,7
"2286999",322.92,53,11
"22870",462.01,50,5
"2287004",5500,64,8
"2287082",1500,72,5
"2287203",8158.13,51,5
"2287241",1746.31,85,5
"2287297",1840,50,6
"2287377",1356.55,57,5
"2287378",1709.8,95,6
"2287554",486.73,50,5
"2287729",210,50,5
"2288542",5517.54,50,11
"2288543",1729.82,54,5
"2288843",293.9,85,5
"22889",1128.12,50,7
"2288906",1478.76,90,4
"2289445",850.89,64,4
"2289447",10000,100,6
"2289568",524.61,57,6
"22913",304.9,50,6
"22925",1392.52,50,6
"22936",76.11,51,11
"22965",1128.12,67,7
"22984",1128.12,50,6
"23018",867.21,50,7
"23097",1128.12,68,5
"2311",553.09,50,5
"23145",1128.12,50,6
"23150",538.15,50,7
"23164",208.13,50,7
"23167",62.56,50,4
"23172",1128.12,50,4
"23236",1128.12,50,5
"23250",79.13,50,5
"23325",42.76,50,4
"23336",1128.12,58,5
"23370",2564.57,50,6
"23397",1128.12,50,5
"23422",7622.45,50,5
"23427",1128.12,50,6
"23433",1128.12,50,9
"23459",1128.12,50,4
"23489",3000,60,9
"23514",84.09,50,7
"23528",7902.51,50,6
"23586",1472.37,50,7
"23587",1128.12,77,7
"23692",1128.12,50,6
"23707",389.21,68,5
"23730",1128.12,50,6
"2375",631.36,50,5
"23891",803.14,76,5
"23895",405.91,51,5
"23945",4817.74,83,7
"23980",1387.24,61,6
"23985",672.48,80,6
"24032",1377.95,76,6
"24072",564.06,50,6
"24081",97.13,50,6
"24110",2174.7,50,5
"24144",1128.12,68,6
"24169",963.35,90,5
"24313",1491.02,55,8
"24346",1865.73,50,6
"24388",55.96,50,7
"24415",1128.12,52,7
"24445",7083.38,62,11
"24478",1128.12,50,4
"24569",50.46,82,7
"24771",57.74,74,5
"24783",135.7,64,10
"24936",700,50,5
"24951",364.81,50,6
"24992",2256.24,112,6
"25040",26665.92,80,6
"25068",1128.12,50,8
"25071",273.88,60,4
"25130",431.18,50,5
"25313",1128.12,62,7
"25395",1128.12,95,5
"2540",6467.65,60,7
"25421",4749.75,147,6
"25472",84.97,50,7
"25489",1009.69,50,6
"25509",3293.02,112,7
"25633",1128.12,50,4
"25729",1393.49,50,7
"25744",1128.12,55,6
"25755",2081.53,62,4
"25763",2256.24,77,4
"25781",466.51,62,5
"25789",1824.17,50,4
"25799",324.21,72,8
"25838",1128.12,53,7
"25847",696.7,56,6
"25863",1128.12,62,7
"25882",528.35,54,5
"25890",407.21,67,14
"25906",1246.34,60,7
"25916",264.53,58,9
"25922",1128.12,67,5
"25942",1128.12,85,7
"25944",93.87,50,7
"2606",1322.75,60,7
"26156",1128.12,50,10
"26242",1037.89,50,6
"26255",1128.12,54,6
"26313",584.51,64,5
"26380",991.68,55,10
"26387",1189.75,50,6
"26395",1128.12,95,4
"26438",241.34,60,9
"26480",154.98,68,5
"26551",1623.46,53,6
"26584",1128.12,50,4
"26647",1128.12,88,6
"26684",1128.12,57,5
"26712",1128.12,50,5
"26746",1134.09,77,4
"26769",1128.12,90,7
"26815",1128.12,50,6
"26825",826.83,85,6
"26871",1128.12,72,7
"2689",885.28,100,7
"26931",108.64,50,9
"26959",1128.12,95,7
"27024",36.95,50,5
"27105",92.37,50,7
"27133",317.51,95,7
"27224",4605.54,64,6
"27242",2473.95,72,5
"27252",560.09,64,10
"27310",1128.12,50,4
"27455",2487.55,50,6
"27507",3330.28,50,6
"27509",1782.95,77,4
"27519",5907.42,50,4
"27524",1128.12,62,6
"27539",1128.12,125,4
"27577",1128.12,50,4
"27660",1128.12,50,5
"27728",1128.12,55,7
"27748",2652.61,85,5
"2776",9240.11,100,12
"27836",1128.12,62,5
"27886",1128.12,50,10
"27926",1128.12,80,4
"27951",71.47,50,8
"27988",1128.12,59,6
"28045",1128.12,107,6
"28068",3848.47,64,6
"28070",329.2,50,5
"28087",1128.12,85,5
"28168",1496.45,50,7
"28210",1128.12,61,6
"28218",1128.12,50,7
"28233",564.06,132,7
"28303",1399.65,68,7
"28309",172.25,50,7
"28321",1128.12,70,6
"28328",1128.12,92,7
"28378",1128.12,86,4
"28462",65.27,50,6
"28509",115232.88,50,8
"28523",1128.13,50,5
"28610",1128.12,50,6
"28615",1128.12,52,4
"2869",1878.72,50,4
"28702",1187.79,76,8
"28705",1128.12,58,6
"28742",1128.12,50,9
"28928",245.99,64,6
"28939",148.79,64,5
"28987",757.58,50,7
"29067",507.65,51,7
"29076",681.62,52,4
"29091",1191.57,62,6
"29111",1128.12,51,7
"29136",614.49,95,10
"29140",327.79,85,7
"29148",255.43,55,5
"29240",2143.11,50,7
"29266",915.82,50,7
"29282",1128,76,6
"29349",1128.12,100,7
"29371",102.72,50,8
"29378",1128.12,112,7
"29392",21.15,50,5
"29426",1128.12,50,12
"29434",1128.12,72,6
"29469",1128.12,50,4
"29493",1023.89,68,5
"29519",4343.73,78,10
"29543",92.77,50,4
"29567",2256.24,51,13
"29669",1128.12,62,8
"29694",1208.7,76,8
"29706",187.89,63,7
"29755",1229.57,51,6
"29761",424.26,61,6
"29778",1128.12,85,6
"29878",1987.24,50,6
"29913",1128.12,50,5
"29993",1128.12,58,7
"3000190",2596.98,50,4
"3000277",2408,106,10
"3000396",1204,55,4
"3000424",602,90,4
"3000459",1760.14,50,5
"3000496",1204,51,9
"3000677",5126.13,50,4
"3000746",1352.33,68,7
"3000795",556.14,50,5
"3000851",1204,68,10
"30011",1392.37,50,5
"3001108",426.86,80,9
"3001249",1204,50,5
"3001312",2408,76,5
"3001435",1204,50,7
"3001482",1204,50,7
"3001539",602,50,4
"3001554",381.1,50,6
"3001630",1824.3,50,9
"3001789",1204,50,4
"3001815",3834.58,54,7
"3002140",1204,50,5
"3002146",1204,132,6
"3002401",602,62,7
"3002643",692.3,60,9
"3002768",792.44,50,5
"3002974",556.14,50,6
"3002990",1204,100,6
"3003004",602,50,5
"3003086",1204,50,8
"3003394",143.52,50,6
"3003487",1204,85,10
"3003533",3408.79,85,4
"3004240",1204,50,8
"3004290",1204,50,4
"3004294",1204,50,9
"3004319",1558.73,81,7
"3004453",1204,85,5
"3004575",1204,90,6
"3004608",602,50,4
"3004655",712.09,80,5
"3004719",2392.17,50,6
"3004857",1204,50,10
"3004877",1204,50,10
"3005112",806.14,50,9
"3005196",1204,50,4
"3005222",1204,57,9
"3005270",1204,50,11
"3005360",602,72,5
"3005543",1204,85,9
"3005546",1204,50,6
"30056",229.69,50,8
"3005631",1204,50,8
"3005696",1204,88,6
"3005837",1204,50,8
"3005855",1204,85,4
"3006024",1204,50,10
"3006073",1204,52,7
"3006213",1204,57,6
"3006310",1528.49,90,7
"3006450",1204,50,4
"3006523",31.85,90,4
"3006542",1204,50,5
"3006725",1760.14,60,6
"3006747",1204,50,7
"3006761",1204,50,6
"3006771",1204,50,5
"3006779",2408,62,8
"3006849",8500,51,7
"3006881",1204,50,4
"3006976",3425.83,90,5
"3007122",1204,55,6
"3007164",1204,76,6
"3007175",1204,50,6
"3007217",1760.14,68,6
"3007221",602,71,12
"3007249",1204,50,10
"3007353",602,53,4
"3007412",556.14,50,7
"3007433",602,50,5
"3007449",1204,90,7
"3007558",1204,50,4
"3007664",1204,50,6
"3007703",15009.77,76,7
"3007850",2408,50,10
"3007859",1204,51,7
"3007961",1742.29,62,6
"3007999",2408,50,5
"30080",1106.4,61,4
"3008026",704.37,50,4
"3008482",576.27,69,4
"3008526",2408,68,6
"3008602",3193.47,90,4
"3009316",1649.45,50,6
"3009342",1204,98,7
"3009388",1268.99,95,6
"3009404",1204,50,4
"3009496",556.14,50,7
"3009602",1204,51,7
"3009639",1204,54,7
"3009812",1291.46,50,10
"3009905",1754.68,54,11
"3009941",1204,53,10
"3010229",966.33,58,7
"3010474",1204,64,7
"3010496",1204,52,4
"3010561",1204,63,6
"3010714",1204,50,7
"3010916",1204,50,6
"3010982",1204,90,6
"3011018",57.4,60,9
"3011031",1204,68,6
"3011299",1204,50,6
"3011313",10135.25,72,8
"3011457",1204,50,5
"3011599",398.66,106,5
"3011749",1204,50,4
"3011774",1204,50,11
"3011791",1200.14,50,5
"3011843",3325.11,85,5
"3011918",1204,50,6
"3011997",552.63,50,6
"3012014",2624.49,72,6
"3012063",556.14,85,4
"3012345",1204,50,10
"3012397",4095.38,60,5
"30125",1128.12,50,5
"3012512",573.92,50,7
"3012559",1204,50,11
"3012673",1204,80,7
"3012694",1404.4,50,10
"3012887",4850.14,50,4
"3012889",1204,50,4
"3012910",1204,90,15
"3012967",9117.49,60,4
"3012999",1204,51,9
"3013019",1204,100,14
"3013187",602,50,4
"3013197",1204,50,6
"3013234",3323.6,112,4
"3013339",556.14,50,4
"3013431",1204,60,5
"3013457",1204,78,11
"3013668",1204,76,12
"3013679",1204,60,7
"3013769",1204,50,6
"3013793",1204,50,10
"3013974",1204,50,4
"3014016",1204,50,5
"3014075",2580,54,5
"3014092",1204,50,11
"3014133",1204,50,5
"3014311",1133.62,50,5
"3014548",1480.34,50,4
"3014632",1204,76,5
"3014842",1204,50,8
"3014867",1492.3,50,4
"3014932",1876.14,50,4
"3014960",1204,50,7
"3015243",1204,50,10
"3015372",1204,62,7
"3015424",1204,80,5
"3015487",1204,95,10
"3015500",309.1,90,6
"3015517",1760.14,50,6
"3015529",2508.24,50,7
"3015593",1204,64,7
"3015770",1204,57,7
"3015817",9349.55,50,10
"3016030",1204,50,6
"3016047",1200.15,50,7
"3016224",2408,50,11
"3016243",1204,50,7
"3016265",556.14,50,10
"3016301",1204,50,4
"3016496",1198.92,90,5
"3016629",1204,50,10
"3016777",400,75,4
"3016824",4420,50,7
"3016830",1204,50,8
"3016875",1204,50,6
"3016883",4346.87,90,5
"3016982",1204,80,10
"3016987",1066.14,50,7
"3017153",1204,95,8
"3017202",1204,50,5
"3017295",1204,50,5
"3017427",1204,80,4
"3017493",1204,64,7
"3017782",1204,50,10
"3018039",7975.32,50,7
"3018056",1116.01,68,4
"3018122",1719.53,64,10
"3018219",781.98,50,7
"3018364",1204,50,6
"3018372",1204,95,8
"3018632",323.48,50,10
"3018647",4531.43,50,10
"3018679",602,50,4
"3018765",1204,50,5
"3018830",1204,90,5
"3018939",556.88,50,10
"3019068",1204,50,5
"3019097",556.14,80,6
"3019142",1204,62,10
"3019152",1204,56,5
"3019191",1403.45,50,4
"3019351",387.83,80,6
"3019352",114.82,80,6
"3019432",602,61,8
"3019508",1204,72,7
"3019586",1204,50,6
"3019748",1204,50,5
"3019792",1204,125,4
"3020018",1204,70,5
"3020203",1204,74,5
"3020245",813.91,95,4
"3020347",1204,90,10
"3020371",1204,50,10
"3020379",1204,50,4
"3020403",1204,50,4
"3020689",1896.62,85,11
"3020771",1204,130,5
"3020798",27224.65,97,4
"3020816",1806,60,11
"3020917",1204,60,4
"30210",1128.12,50,10
"3021017",602,54,15
"3021069",1204,90,9
"3021098",1204,95,8
"3021168",1018.05,50,7
"30212",890.29,50,7
"3021217",1204,76,5
"3021226",1204,50,8
"3021369",1204,50,11
"3021374",1204,50,11
"3021379",12304.45,90,7
"3021487",1204,72,6
"3021518",1204,72,9
"3021650",1204,50,6
"30217",1128.12,50,5
"3021828",752.85,50,4
"3021869",1204,50,7
"3022040",1204,50,6
"3022045",1204,95,6
"3022127",1760.14,68,5
"3022225",556.14,50,5
"3022427",269.44,72,4
"3022490",191.46,66,10
"3022529",1204,50,10
"3022703",1543.38,50,4
"3022768",1204,50,6
"3022947",1204,50,4
"3022992",2904.58,125,6
"3023214",79.53,80,5
"3023299",1204,50,4
"3023373",1204,80,7
"3023478",1204,95,4
"3023491",1204,50,4
"3023518",942.01,76,7
"3023555",1204,68,4
"3023798",602,85,4
"3023825",701.03,90,5
"3023890",1204,52,9
"3023900",2330.51,50,4
"3023909",1204,95,5
"3023970",1204,50,4
"3024078",1204,72,5
"3024181",1204,50,4
"3024263",556.14,50,8
"3024500",1860.14,50,11
"3024568",1587,72,9
"3024598",1204,50,11
"3024662",1204,76,4
"3024697",1204,50,5
"3024823",1204,106,5
"3024840",556.14,63,7
"3024875",1204,50,6
"3024938",1204,60,12
"3024996",1204,100,7
"3025070",1204,50,6
"3025290",1204,50,6
"3025357",1204,57,6
"3025369",956.15,50,4
"3025374",1204,85,6
"3025428",742.47,50,4
"3025432",1204,50,4
"3025511",1204,50,6
"3025519",1204,50,10
"3025540",1204,64,6
"3025707",936.34,50,10
"3025766",235.88,64,8
"3025807",2748.13,95,4
"3025890",382955.14,50,7
"3025897",1204,50,10
"3026046",327.65,90,7
"3026102",556.14,50,6
"3026120",325.96,55,6
"3026192",1204,90,4
"3026290",1760.14,82,6
"3026393",1204,55,12
"3026469",1554.69,50,4
"3026584",1056.67,64,4
"3026686",1204,52,4
"3026696",602,54,6
"3026710",1172,76,7
"3026828",510.05,50,7
"3026865",1204,50,4
"3027040",419.26,50,10
"3027080",1204,80,7
"3027308",1204,76,7
"3027360",1204,51,4
"3027485",1204,72,4
"3027502",3528.57,64,6
"3027520",1204,100,5
"3027742",1204,51,4
"3027856",1204,72,7
"3027942",1204,50,15
"3027947",1204,50,7
"3027986",1204,60,6
"3027999",833.67,52,8
"3028028",1204,76,5
"3028264",1204,50,15
"3028353",1204,54,4
"3028392",1204,50,10
"3028460",1204,50,15
"3028509",556.14,50,8
"3028538",1204,50,8
"3028568",1204,50,5
"3028683",1204,50,7
"3028761",15830.53,76,5
"3029134",602,51,11
"3029206",338.64,76,6
"3029320",1204,50,11
"3029531",6434.12,90,5
"3029532",1027.09,85,6
"3029557",1204,100,5
"3029559",1204,50,5
"3029611",556.14,90,11
"3029628",1204,50,4
"3029833",556.14,50,8
"3029973",1204,67,10
"3029978",1204,50,5
"3029988",878.21,85,8
"3030007",1204,95,5
"3030021",2014.14,50,7
"3030027",872.97,88,11
"3030028",1204,72,7
"3030047",1204,100,4
"3030163",1204,50,6
"3030285",4572.14,52,10
"3030319",602,50,5
"3030330",602,50,4
"3030407",1211.81,50,7
"3030418",5007.14,50,6
"3030574",1204,54,11
"3030632",602,50,12
"30308",1128.12,70,7
"3030809",1204,68,5
"3030811",1204,76,4
"3030877",4124.53,106,5
"3030917",969.25,68,11
"3030924",1204,100,5
"3031221",1204,80,5
"3031247",1204,50,11
"3031256",1204,85,5
"3031267",88.5,58,4
"3031396",4268.08,95,5
"3031524",1204,80,6
"3031529",1204,50,8
"3031569",1204,60,6
"3031601",2967.1,57,7
"3031636",1760.14,50,4
"3031739",602,50,8
"3031832",1204,50,7
"3031901",556.15,51,7
"3031980",347.11,100,6
"3032151",1204,80,7
"3032505",1204,59,4
"3032583",602,100,6
"3032988",3175.42,50,4
"3033184",1204,76,5
"3033298",2075.94,106,4
"3033338",602,80,4
"3033361",3293.91,50,10
"3033458",1204,57,6
"3033770",1074.47,50,5
"3033784",1204,50,11
"3033813",1204,50,4
"3034001",1204,67,8
"3034198",556.14,95,8
"3034759",1204,72,8
"3034828",1204,50,10
"3034913",1204,50,10
"3034933",1621.19,100,6
"3034936",1353.04,125,6
"3034958",1204,106,8
"3034966",2707,90,6
"3035048",2408,50,8
"3035089",1204,90,6
"3035103",1204,64,10
"3035121",1204,50,8
"3035208",602,85,6
"3035297",1204,50,8
"30353",1580.23,112,7
"3035335",1204,68,8
"3035445",1204,80,6
"3035460",1565.67,90,5
"3035524",258.71,85,6
"3035527",1204,68,4
"3035737",751.86,50,5
"3035854",1204,50,10
"3035858",1204,156,4
"3035938",1204,63,7
"3035942",1204,80,5
"3035989",12636.82,100,6
"3036058",467.38,95,4
"3036121",1204,50,6
"3036195",1204,50,8
"3036220",1204,68,4
"3036233",3155.61,112,4
"3036280",4213.46,112,4
"3036354",373.02,85,6
"3036388",235.12,50,7
"3036789",93.89,118,6
"3036821",1204,85,8
"3036834",1204,50,8
"3036889",556.14,50,6
"3036918",495.99,50,11
"3036977",1204,71,6
"3037061",1204,50,4
"3037069",2008.22,50,9
"3037103",1204,70,11
"3037149",1204,85,4
"3037173",4082.94,50,10
"3037216",1204,50,11
"3037306",1204,50,11
"3037410",1204,57,6
"3037413",991.15,71,5
"3037467",1204,50,4
"3037507",1204,50,6
"3037660",80,100,7
"3037689",1204,76,10
"3037829",1253.33,100,6
"3037943",1204,50,4
"3037954",1235,50,10
"3037982",1661.61,90,5
"3038010",1204,50,7
"3038315",1204,100,5
"3038359",1204,50,4
"3038465",1204,76,4
"3038549",1204,50,8
"3038623",1204,64,10
"3038661",746.65,62,4
"3038762",1204,76,7
"3038850",2408,72,11
"3038888",556.14,60,4
"3038892",622.52,60,7
"3038910",1204,85,6
"3039035",1204,76,11
"3039070",1204,50,4
"3039220",1760.14,80,9
"3039364",1204,100,5
"30394",1128.12,76,7
"3039498",1204,50,6
"3039876",1204,51,8
"3039892",6149.1,100,4
"3039911",602,50,10
"3039930",1204,85,7
"3039960",80.73,100,6
"3040059",1204,50,8
"3040089",602,68,6
"3040183",1204,67,11
"30402",626.7,88,5
"3040240",5050.8,90,12
"3040281",602,50,6
"3040316",1851.6,60,4
"3040366",1204,50,8
"3040436",1204,72,6
"3040446",1055.42,100,4
"3040453",636.71,100,5
"3040489",602,50,7
"3040568",655.84,100,6
"3040682",1204,50,6
"3040690",952.38,50,6
"3040691",1378.6,50,7
"3040708",1204,50,5
"3040717",1204,80,7
"3040867",1204,54,8
"3040917",2285.03,57,4
"3041006",1204,76,4
"30411",1128.12,50,5
"3041107",114759.95,100,6
"3041153",1204,54,7
"3041293",1950.14,100,4
"3041296",1204,55,7
"3041387",1204,71,4
"3041420",1687.06,50,4
"3041476",2256.14,118,4
"3041507",133.65,50,4
"3041584",1204,50,4
"3041667",1204,50,4
"3041759",1204,68,7
"3041797",1204,62,7
"3041866",1204,50,12
"3041921",2408,68,4
"3041949",1204,50,7
"3041957",465.22,50,6
"3042071",1204,50,6
"3042110",1204,50,12
"3042116",1204,80,4
"3042210",1204,50,7
"3042241",1298,100,6
"30423",921.31,50,7
"3042396",1204,54,6
"3042405",734.32,80,10
"3042441",1976.14,50,4
"3042517",28.26,85,11
"3042522",2408,50,9
"3042675",1204,50,12
"3042701",1204,63,10
"3042778",1204,100,4
"3042786",1204,100,7
"3042791",556.14,50,6
"3042861",1204,50,8
"3042989",1204,85,4
"3043011",1909.46,50,5
"3043064",1913.46,50,8
"3043066",602,50,8
"3043090",319.24,85,5
"3043103",1204,85,6
"3043122",39739.35,90,10
"3043162",1204,100,4
"3043176",1204,58,6
"3043177",1204,50,5
"3043200",1204,58,8
"3043217",556.14,106,4
"3043234",1204,50,9
"3043249",1204,54,7
"3043308",1204,50,9
"3043327",1760.14,106,8
"3043347",2408,50,11
"3043373",602,51,4
"3043406",1204,80,4
"3043424",1204,50,10
"3043462",119.01,100,8
"3043479",13500.5,50,8
"3043491",6667.88,68,8
"3043544",1204,85,10
"3043558",1204,50,12
"3043610",1204,50,6
"3043612",1204,50,8
"3043625",1204,50,7
"3043720",126.53,51,9
"3043769",1204,51,9
"3043774",1204,50,15
"3043799",27.51,85,5
"3043826",1204,50,6
"3043841",1204,50,7
"3043931",11297.13,100,6
"3043974",1204,51,6
"3044023",1204,100,4
"3044044",1204,51,4
"3044074",671.67,60,7
"30441",1128.12,90,4
"3044126",1204,64,11
"3044146",1204,57,11
"3044211",1760.14,59,6
"3044244",1760.14,50,4
"3044264",1158.14,50,8
"3044294",602,54,7
"3044295",1204,50,12
"3044314",1204,51,4
"3044336",1204,98,8
"3044397",1204,50,8
"3044477",1204,100,6
"3044478",602,100,6
"3044506",1204,50,4
"3044541",871.14,80,4
"3044565",1204,68,4
"3044724",1760.14,50,4
"3044741",1204,58,5
"3044937",556.14,52,5
"3044963",1204,50,5
"3045045",4976.79,60,5
"3045047",158.94,85,9
"3045061",1204,50,7
"3045114",1204,54,4
"3045269",6590.23,100,6
"3045284",1204,63,8
"3045337",29126.58,51,4
"3045359",602,54,6
"3045369",955.95,58,6
"3045425",1204,50,8
"3045502",3229.64,50,4
"3045608",213.84,80,10
"3045609",1204,80,10
"3045658",1204,50,11
"3045673",1204,62,8
"3045691",1467.64,50,6
"3045716",1204,64,8
"3045729",1204,60,5
"3045844",1204,58,6
"3045884",506.15,50,5
"3045890",2076.91,50,5
"3045894",1891.14,95,6
"3045920",23.19,50,5
"3045922",19071.38,50,6
"3045940",1204,72,6
"3046184",385.2,72,6
"3046234",1204,50,6
"3046323",3256.45,50,4
"3046619",1354,50,5
"3046664",3204,50,5
"3046698",1204,58,5
"3046738",1204,50,8
"3046985",602,50,7
"3047005",1204,50,7
"3047018",2408,58,5
"3047186",2204,50,6
"3047305",2882.82,62,4
"3047425",1204,50,7
"3047512",1204,50,5
"3047539",1204,50,6
"3047541",15928.75,62,10
"3047554",1204,77,5
"3047657",47.53,50,7
"30477",1190.15,76,6
"3047700",1204,50,4
"3047727",1204,50,5
"3047834",3408,50,5
"3047899",1204,50,7
"30479",564,81,6
"3047984",2408,85,4
"3048043",1414.11,58,7
"3048120",290.65,50,5
"3048396",1204,50,6
"3048402",336.38,50,7
"3048409",1204,50,4
"3048413",1204,50,4
"3048438",155.09,50,7
"3048531",79.29,50,7
"3048690",1204,50,5
"3048706",1204,64,6
"3048855",467.54,50,8
"3048865",163.53,52,7
"3048885",1204,50,7
"3048923",1204,50,7
"3048926",1204,50,4
"3049060",1204,50,11
"3049070",1204,86,6
"3049106",1204,76,6
"3049112",1764.1,50,7
"3049140",3412.88,50,5
"3049203",65181.79,55,5
"3049209",1204,50,6
"3049246",1806,140,5
"3049257",1204,50,5
"3049293",904.1,50,9
"3049310",1204,50,7
"3049332",1204,62,7
"3049421",2681.5,50,4
"3049442",1204,50,4
"3049451",1204,50,8
"3049518",2204,50,7
"3049527",1204,77,6
"3049548",1806,62,6
"3049612",136.68,50,10
"3049672",1204,50,7
"3049706",365.72,50,7
"3049727",1204,55,5
"3049729",1204,50,5
"3049796",1204,62,4
"3049828",1204,50,6
"3049873",1204,50,5
"3049892",602,50,6
"3049894",1204,50,7
"3049899",1204,50,9
"3049916",425.8,50,7
"3050113",1204,50,10
"3050156",1214.49,50,5
"3050171",65.14,50,5
"3050330",1204,58,5
"3050361",1204,50,4
"3050376",1204,53,6
"3050381",145.16,50,6
"3050411",4362,64,5
"3050439",2204,112,4
"3050681",1354,62,5
"3050690",2408,62,6
"3050734",134.17,63,4
"3050774",1204,112,7
"3050784",602,50,7
"3050905",1204,50,5
"3050919",700.31,50,5
"3050995",834.92,50,4
"3051063",1204,95,6
"3051083",8395.03,50,6
"3051186",983.63,50,7
"3051189",1033.66,50,6
"3051200",86.29,50,4
"3051248",1806,69,4
"3051331",1204,100,6
"3051392",317.02,80,5
"3051398",60.31,56,9
"3051413",1204,50,10
"3051436",1200.85,50,7
"3051474",692.88,82,6
"3051480",1204,112,6
"3051561",4204,95,7
"3051619",351.24,90,7
"3051698",1204,106,4
"3051714",1001.65,50,5
"3051753",912,50,7
"3051819",4472.29,50,5
"30519",1128.12,55,4
"3051945",1204,67,5
"3051961",791.01,95,6
"3051995",950.43,54,5
"3052044",1204,50,7
"3052081",86.7,50,6
"3052335",1204,90,5
"3052550",1204,50,4
"3052668",78.16,62,7
"3052684",3704,50,6
"3052766",1204,50,4
"3052860",1763.33,50,4
"3052947",1404,68,6
"3052998",3427.82,50,5
"3053062",2408,62,5
"3053107",1204,115,5
"3053115",1204,64,6
"3053154",1204,85,7
"3053268",101.44,50,6
"3053277",536.24,50,6
"3053455",1204,50,6
"3053476",739.58,50,11
"3053535",602,60,6
"3053542",1941.98,52,6
"3053598",5963.47,50,6
"3053697",1204,50,5
"3053804",79.29,50,6
"3053823",1204,50,6
"3053868",1204,50,6
"3053870",2415.14,50,5
"3054016",555.19,50,5
"3054303",4610.14,66,6
"3054305",1284.13,82,7
"3054370",540.36,50,4
"3054443",1204,85,8
"3054467",24.75,51,5
"3054564",3316.55,71,5
"3054613",1204,85,5
"3054814",1204,63,5
"3054827",1204,50,6
"3054883",404.77,50,10
"3054976",1204,58,7
"3054980",1204,50,4
"3055123",200,50,4
"3055134",1125.61,50,7
"3055220",1884.92,51,7
"3055249",1204,50,7
"3055259",2803.17,50,5
"3055461",1204,50,7
"3055490",26498.79,59,5
"3055614",6608.8,50,9
"3055640",937.93,63,4
"3055713",1000,83,7
"3055787",2908.91,50,6
"3055803",1204,50,6
"3055886",1325.46,95,6
"3055968",1204,58,7
"3055976",1204,118,4
"3056073",1204,50,6
"3056122",1204,53,5
"3056138",1204,66,5
"3056147",1204,50,6
"3056172",788.27,50,8
"3056330",1204,58,4
"3056343",1204,125,5
"3056349",432.82,50,6
"3056363",2357.24,76,6
"3056401",3408,77,6
"3056488",614.32,50,6
"3056505",1204,95,6
"3056561",71.65,50,5
"3056595",1204,50,6
"3056700",222.21,50,5
"3056932",1204,50,10
"3056934",1204,58,7
"3056959",20345.81,58,8
"3056962",1204,50,7
"3057038",1204,50,6
"3057089",1534.99,67,5
"3057104",1204,50,6
"3057245",1204,73,7
"3057340",1204,50,4
"3057349",7768.48,80,7
"3057395",3099.54,64,5
"3057414",3985.84,50,6
"3057520",1204,50,4
"3057605",1204,50,6
"3057617",1204,50,8
"3057666",473.69,50,5
"3057785",1204,50,6
"3057993",1300.78,53,7
"3058034",1204,67,6
"3058041",1204,50,4
"3058043",78.16,50,7
"3058061",1204,50,6
"3058082",1204,50,6
"3058090",2176.61,50,4
"3058103",1550,67,6
"3058154",602,50,4
"3058191",1204,53,7
"3058335",1204,50,9
"3058352",1204,50,6
"3058388",1140.66,76,5
"3058412",450,77,7
"3058418",20000,72,9
"3058437",97.26,50,7
"3058485",1204,75,6
"3058706",3560.2,62,7
"3058709",2704,50,6
"3058948",645.74,50,4
"3058980",537.7,50,5
"3058998",1204,62,7
"3059122",1204,50,5
"3059131",555.4,50,7
"3059197",4000,85,9
"3059222",1204,100,4
"3059228",1204,62,11
"3059295",1204,50,7
"3059330",355.08,50,7
"3059378",1204,63,7
"3059431",1204,50,6
"3059450",1204,50,5
"3059478",2427.44,50,6
"3059615",7800,50,7
"3059630",3908,62,5
"3059707",2418.29,91,5
"3059812",2638.46,148,7
"3059826",1131.25,80,6
"3059899",2057.8,50,6
"3059938",1204,50,7
"3059946",208472.6,50,6
"3060001",1204,62,6
"3060017",530.88,50,8
"3060031",1323,62,6
"3060035",1204,50,7
"3060129",1204,66,5
"3060142",7940.38,50,6
"3060160",1204,125,7
"3060186",1609.57,50,5
"3060194",1204,50,5
"3060212",3885.31,50,7
"3060263",1204,73,5
"3060306",517.45,50,6
"3060325",622.67,74,7
"3060363",1204,50,10
"3060391",1471.98,90,5
"3060402",3139.18,50,4
"3060428",105.09,54,4
"3060463",1204,112,4
"3060483",1585.5,80,6
"3060545",3182.14,90,7
"3060562",1204,112,7
"3060574",14854.44,118,7
"3060582",1204,100,7
"3060601",179.6,62,6
"3060606",1819.23,68,7
"3060643",772,50,7
"3060662",1204,100,8
"3060770",1204,80,5
"3060776",602,65,4
"3060893",1204,50,4
"3060914",885.81,50,7
"3060949",1204,50,6
"3061083",1204,85,6
"3061186",1204,72,6
"3061266",1204,50,6
"3061305",76,50,5
"3061401",1204,63,6
"3061456",998.72,50,6
"3061560",3402.94,50,5
"3061606",1204,86,5
"3061624",1204,62,5
"3061650",5139.11,50,7
"3061672",1204,65,15
"3061676",1204,50,6
"3061702",2994.94,50,5
"3061811",1204,85,5
"3061823",173.31,50,6
"3061872",1204,50,7
"3061894",3674.87,50,4
"3061928",40.3,50,6
"3061989",578.69,50,4
"3062014",1204,50,5
"3062090",1783.41,50,11
"3062127",1204,50,4
"3062138",1472.54,64,7
"3062168",532.77,50,8
"3062203",602,50,6
"3062218",486.09,50,4
"3062291",2812.08,54,7
"3062298",206.1,67,6
"3062463",1204,50,7
"3062555",784.37,85,5
"3062598",1204,62,6
"3062692",1204,50,4
"3062825",1204,95,5
"3062882",602,57,13
"3062926",1204,62,8
"3062960",1200,80,5
"3062971",374.02,50,6
"3063006",1204,67,5
"3063021",636.83,50,10
"3063027",1204,50,7
"3063037",1108.6,50,6
"3063087",1204,50,7
"3063246",48.53,50,5
"3063354",43762,50,6
"3063415",398.7,50,5
"3063448",586.63,50,8
"3063473",1774.53,68,6
"3063707",4057.19,50,5
"3063749",3019.59,85,4
"3063808",1204,95,6
"3063870",3213.04,125,5
"3063873",3239.07,62,7
"3063909",3204,90,7
"3063947",3004.75,50,5
"3063998",1204,118,9
"3064064",1204,58,6
"3064312",1204,90,8
"3064354",3514.7,50,7
"3064365",98.07,50,8
"3064376",1204,62,10
"3064561",1204,50,9
"3064594",803.27,85,7
"3064643",1204,88,10
"3064811",75.99,50,6
"3064830",254.25,50,6
"3064858",839.06,50,10
"3064943",3204,69,7
"3064990",521.45,60,4
"3065040",1380.23,50,5
"3065257",1204,50,4
"3065276",1204,50,5
"3065305",218.46,50,10
"3065382",1204,50,7
"30655",1472.37,54,4
"3065584",1204,50,7
"3065681",512.47,85,6
"3065828",1204,58,5
"3065955",1204,50,5
"3066193",1204,85,4
"3066264",1166.78,50,11
"3066285",1204,72,7
"3066368",1204,50,5
"3066396",961.21,58,6
"3066398",755.19,50,4
"3066554",1204,95,6
"3066572",1204,62,6
"3066584",3204,95,4
"3066595",1204,58,4
"3066628",1204,62,4
"3066646",1204,50,7
"3066668",1204,63,5
"3066717",1204,80,7
"3066789",83.72,50,7
"3066880",1204,50,5
"3066922",811.73,56,11
"3067040",237.88,50,7
"3067042",934.61,50,9
"3067068",1204,50,9
"3067278",171.58,52,7
"3067310",1204,50,10
"3067429",5137.34,50,13
"3067510",6550,50,7
"3067536",1204,65,5
"3067571",398.88,50,5
"3067747",602,50,7
"3067755",1338.26,58,6
"3067835",82.32,50,11
"3067865",602,50,6
"3067919",1319.21,68,4
"3067961",962.63,50,8
"3067965",1533.47,50,6
"3068024",602,50,6
"3068027",1204,63,5
"3068078",62.73,51,7
"3068101",1146.99,50,11
"3068103",1204,58,9
"3068160",2038.63,50,7
"3068252",86719.2,85,6
"3068258",1204,50,6
"3068307",602,57,4
"3068328",626.46,50,5
"3068334",1204,62,5
"3068372",1204,77,9
"3068396",1204,67,5
"3068450",1204,58,7
"3068452",78.34,51,10
"3068488",1204,73,4
"3068508",1204,50,5
"3068582",1204,50,11
"3068591",1204,95,4
"3068593",2408,58,5
"3068618",1204,50,10
"3068634",14.21,51,4
"3068659",591.95,50,6
"3068674",1655.18,90,5
"3068684",1000,54,5
"3068697",7777,51,5
"3068788",1204,50,4
"30688",3195.03,95,7
"3068839",635.17,50,12
"3068860",1204,95,7
"3068977",82.52,50,7
"3069274",1213.58,50,7
"3069288",823.67,100,7
"3069319",1204,80,6
"3069347",1204,75,6
"3069372",1204,85,6
"3069399",644.11,55,6
"3069457",1204,50,7
"3069461",1204,58,7
"3069504",1204,58,6
"3069524",71.76,50,5
"3069582",257.45,64,6
"3069684",724.78,76,8
"30697",1128.12,50,5
"3069848",34.92,50,9
"3069887",1204,50,7
"3069889",1204,50,10
"3069899",1574,68,6
"3069919",1204,50,6
"3069990",507.53,50,6
"3070125",304.83,50,6
"3070128",602,78,5
"3070143",1980.67,50,8
"3070210",406.89,90,10
"3070365",77.99,50,6
"3070631",76,95,6
"3070634",1204,59,5
"3070637",777.64,51,4
"3070742",1204,50,15
"3070965",309.18,50,7
"3070971",276.01,50,7
"3071100",1204,62,6
"3071175",1331.03,64,7
"3071216",1204,50,4
"3071288",1204,50,11
"3071380",1704,50,7
"30714",1825.08,50,7
"3071473",549.94,50,6
"3071490",1204,62,5
"3071534",277.3,50,4
"3071584",602,56,6
"3071618",2742.68,69,6
"3071631",1204,71,7
"3071694",1204,58,6
"3071742",1000,58,5
"30718",1936.46,50,8
"3071800",1204,125,5
"3071873",602,50,8
"3071888",502.61,50,4
"3071922",1204,50,7
"3071947",1204,80,5
"3071981",2408,106,7
"3072002",1204,100,7
"3072051",3774.49,50,6
"3072216",1204,50,4
"3072223",775.93,50,7
"3072246",3408,72,6
"3072342",1835.75,50,6
"3072354",602,50,9
"3072389",1204,50,6
"3072478",1204,62,6
"3072513",1204,50,5
"3072592",473.74,64,7
"3072632",530,112,6
"3072698",6.99,72,5
"3072800",1204,50,4
"3072860",1462.81,68,6
"3072870",1941.11,50,5
"3072950",2204,90,5
"3072965",7777,50,4
"3072977",1634.31,50,7
"3073143",1204,50,4
"3073205",1204,50,6
"3073240",30167.28,50,6
"3073243",1467.51,50,7
"3073279",1204,64,6
"3073535",1204,50,9
"3073669",1204,58,4
"3073784",648.62,50,7
"30738",116318.9,50,11
"3073808",1204,50,11
"3073824",1806,62,6
"3073871",1204,50,5
"3073983",1204,50,7
"3073988",1204,62,4
"3074012",1204,50,7
"3074050",1204,50,5
"3074197",1204,50,4
"3074279",735.7,102,7
"3074291",1204,64,5
"3074312",1204,121,8
"3074322",981.33,50,4
"3074324",253.5,76,7
"3074367",1291.06,50,7
"3074427",1204,50,4
"3074474",7777,50,7
"30746",986.46,100,4
"3074600",1204,50,5
"3074623",1204,50,7
"3074764",200,60,4
"3074792",530.23,50,5
"3074964",2204,50,6
"3074966",602,50,7
"3075166",3615.99,112,5
"3075178",1204,50,5
"3075216",2237.33,59,6
"3075236",602,56,8
"3075238",1204,50,5
"3075273",122.21,50,5
"3075286",3204,59,6
"3075383",1204,50,7
"3075507",1204,50,7
"3075526",1204,68,7
"3075605",1588.1,62,5
"3075639",2697,50,10
"3075698",1339.58,62,4
"3075709",1204,50,7
"3075751",730.51,50,4
"3075808",506.1,72,4
"3075820",287423,50,7
"3075848",648.18,50,10
"3075851",81.55,50,5
"3075890",1204,50,7
"3075955",2204,58,5
"3075965",6771.84,50,6
"3075967",1204,50,6
"3076025",533.93,50,7
"3076029",200,50,6
"3076051",296.67,50,5
"3076101",551.41,50,4
"3076105",6807.86,50,4
"3076118",88.31,50,4
"3076123",602,50,6
"3076190",1204,58,7
"3076197",1507.08,50,5
"3076224",2072.8,50,5
"3076340",414.72,90,9
"3076370",177.97,50,5
"3076380",1285.32,50,7
"3076438",1895.15,50,7
"3076443",1204,50,5
"3076479",2408,58,6
"3076506",1204,62,4
"3076578",1204,50,4
"3076638",1204,85,6
"3076685",495.33,51,5
"3076699",3204,51,6
"3076742",515.43,90,7
"3076766",63.39,53,5
"3076795",1361.05,60,10
"3076862",613.85,50,7
"3076919",3258.61,65,4
"3076923",874.24,50,6
"3076935",1204,50,7
"3076964",6000,50,6
"3077017",1204,58,6
"3077034",610.18,50,6
"3077054",501.94,52,6
"3077149",1204,58,6
"3077155",4361.1,67,5
"3077180",1204,67,5
"3077425",347.99,50,7
"3077445",1204,90,7
"3077501",1204,50,10
"3077565",1448.07,50,5
"3077578",2535.04,50,7
"3077597",485.44,58,7
"3077633",1204,50,4
"3077641",8250,52,5
"3077674",117.16,62,11
"3077777",1204,50,6
"3077820",1204,62,6
"3077855",1204,50,6
"3077872",3220.86,50,5
"3077885",1204,59,6
"3077897",762.39,76,6
"3077933",1714.01,67,6
"3077959",1204,63,7
"3077995",866.28,50,5
"3078006",967.84,50,7
"3078012",359.04,55,6
"3078041",5218.22,64,4
"3078094",916.09,50,5
"3078101",76.01,50,7
"3078169",2000,50,7
"3078277",1204,50,9
"3078284",1204,62,7
"3078318",1052.45,50,6
"3078368",1127.41,50,7
"3078371",2602.21,64,9
"3078413",4141.78,50,6
"3078489",2319.24,57,4
"3078539",1204,80,4
"3078610",1204,50,7
"3078661",1204,50,8
"3078667",1204,50,6
"3078960",1204,50,4
"3079009",1204,50,9
"3079028",1204,50,6
"3079055",1204,50,4
"3079119",1309.25,50,6
"3079160",1204,61,5
"3079340",1013.16,90,4
"3079374",1204,80,6
"3079384",76,95,5
"3079386",1204,63,5
"3079459",2268.03,50,5
"3079521",10579.44,69,10
"3079538",1000,85,5
"3079584",217.5,50,5
"3079628",1204,62,6
"3079654",2408,100,5
"3079665",900,50,7
"3079708",3383.1,50,6
"3079746",1204,62,7
"3079766",616.41,50,6
"3079777",2704,50,5
"3079785",602,55,10
"3079814",5349.98,67,8
"3079879",1037.02,50,7
"3079911",114.1,50,6
"3079944",1204,62,4
"3080010",273.99,67,5
"3080083",1204,50,5
"3080157",800.62,50,7
"3080288",1407.89,50,5
"3080304",507.23,56,6
"3080390",1204,50,10
"3080598",1204,61,6
"3080654",2113.9,50,7
"3080728",102.39,58,12
"3080734",1845.99,85,5
"3080768",33204,56,9
"3080852",1204,50,5
"3080959",1859.47,50,7
"3080989",78.42,50,6
"3081079",911.34,57,5
"3081111",235.63,50,6
"3081265",1204,50,7
"3081376",1806,50,12
"3081455",286,50,7
"3081561",2217,50,6
"3081661",987.12,52,6
"3081676",1385.98,57,5
"3081683",473.69,50,7
"3081728",1204,50,7
"3081750",1204,50,6
"3081816",515.13,50,6
"3081906",1204,50,4
"3081972",3203.24,50,6
"3082014",1204,58,5
"3082055",1499.52,50,7
"3082084",428.91,50,5
"3082110",1779.93,50,6
"3082112",358.23,85,9
"3082120",954.49,50,5
"3082140",1000,50,5
"3082266",563.6,50,5
"3082299",3848.76,50,5
"3082305",1204,50,7
"3082321",1204,50,6
"3082384",746.74,50,5
"3082421",1204,50,5
"3082446",424,63,4
"3082483",1204,59,5
"3082547",1461.26,55,4
"3082736",1204,80,5
"3082750",8702.83,50,8
"3082897",89.15,80,4
"3082982",1015.79,64,4
"3083014",602,68,4
"3083035",911.16,50,5
"3083061",1468.49,50,4
"3083079",9.68,54,7
"3083141",2204,72,5
"3083162",1204,50,4
"3083166",147.71,72,6
"3083226",1204,50,5
"3083301",2076.36,64,4
"3083313",117.71,50,9
"3083447",784.03,50,6
"3083449",1204,63,7
"3083466",147.67,50,5
"3083539",402.65,50,4
"3083610",1204,58,7
"3083757",1204,125,4
"3083780",182050,100,7
"3083798",76,62,6
"3083826",100.52,50,7
"3083873",229.04,50,6
"3083940",1204,62,7
"3083971",3204,52,6
"3083991",1204,62,6
"3084040",11,50,4
"3084154",5312.74,50,7
"3084221",75.99,85,7
"3084368",938.4,50,4
"3084386",1389.7,50,6
"3084388",964.04,56,6
"3084429",2472.69,50,9
"3084500",1204,50,5
"3084626",1204,52,8
"3084650",75,50,6
"3084666",1204,83,6
"3084670",1204,55,7
"3084912",3368.89,76,5
"3084994",1204,66,6
"3085025",3100,50,6
"3085040",602,85,5
"3085234",1204,85,7
"3085242",5204,57,6
"3085262",16366.44,76,6
"3085451",1204,85,8
"3085454",503.52,50,5
"3085498",1204,50,5
"3085522",1204,85,7
"3085553",1204,50,5
"3085619",1204,68,10
"3085627",428.26,125,6
"3085814",408.56,50,6
"3085888",1204,50,9
"3085942",738.18,50,6
"3086000",75.96,76,5
"3086126",803.08,50,7
"3086187",1157.98,50,8
"3086199",2445.31,50,7
"3086238",1204,50,5
"3086282",1204,50,5
"3086482",19811.6,50,8
"3086620",1204,50,7
"3086719",1204,95,11
"3086771",1204,62,5
"3086825",1204,50,7
"3086829",1204,62,7
"3086831",221.42,85,9
"3086851",1204,50,7
"3086880",37622,50,5
"3086911",536.32,51,7
"3086966",1204,51,7
"3087038",1338.1,62,5
"3087170",1204,68,6
"3087221",2440.38,63,5
"3087304",4410.21,67,10
"3087352",1519.23,50,6
"3087399",1204,68,9
"3087544",400,50,7
"3087550",1204,50,4
"3087760",1204,50,7
"3087864",1204,80,7
"3088051",686.4,85,7
"3088083",2041,59,7
"3088093",346.52,50,5
"3088140",1204,97,4
"3088185",1204,51,4
"3088188",1204,50,5
"3088310",6.96,54,5
"3088327",80.12,68,5
"3088400",77.99,63,5
"3088423",568.5,100,5
"3088493",1204,70,5
"3088516",410.58,50,11
"3088532",1204,100,7
"3088594",1204,62,6
"3088681",100,50,5
"3088758",182.84,50,8
"3088814",10495.12,50,6
"3088867",1204,50,7
"3088871",1825,50,5
"3088885",1204,90,4
"3088920",852.5,50,4
"3088938",793.39,50,6
"3088949",1204,50,8
"3088999",3220.88,50,4
"3089001",4707.86,76,6
"3089093",1204,62,7
"3089228",2704,140,6
"3089244",115.8,50,7
"3089342",1204,58,6
"3089376",1317.95,50,6
"3089377",1204,50,6
"3089384",675.39,90,6
"3089398",136.21,50,6
"3089503",473.93,80,5
"3089507",1073.99,83,8
"3089575",602,56,6
"3089595",1204,50,11
"3089663",1204,50,6
"3089738",1584.42,50,6
"3089832",1204,100,5
"3089858",1204,125,11
"3089880",1204,50,6
"3089896",1204,58,7
"3090042",495.58,50,6
"3090146",3231.02,73,5
"3090153",1204,50,4
"3090176",1204,76,6
"3090252",200,50,8
"3090296",1204,62,6
"3090339",1717.99,50,12
"3090353",1204,76,6
"3090450",1204,50,6
"3090460",1204,76,9
"3090522",602,72,7
"3090560",1147.47,50,6
"3090570",2204,58,6
"3090578",9.75,50,7
"3090687",1204,85,10
"3090789",1204,67,7
"3090803",1204,71,6
"3090859",1204,61,9
"3090860",1204,71,9
"3090906",4705.13,90,8
"3090924",1443.88,90,10
"3090933",1147.05,90,7
"3090958",1204,78,8
"3091037",75.11,50,10
"3091115",1926.3,70,8
"3091377",1937.18,112,4
"3091401",1204,67,7
"3091415",1204,50,5
"3091562",1204,62,12
"3091569",1204,50,4
"3091604",1204,50,13
"3091606",1204,62,7
"3091655",1204,54,5
"3091691",533.3,115,7
"3091694",1204,53,8
"3091747",1204,50,5
"3091757",1204,80,6
"3091925",250,50,4
"3092008",7564.91,62,7
"3092078",10653,50,6
"3092208",16.92,50,5
"3092238",483.61,50,4
"3092337",1204,54,8
"3092450",1204,50,6
"3092476",1204,50,6
"3092478",76.54,50,7
"3092513",1204,50,5
"3092546",3265.61,50,7
"3092548",1204,50,4
"3092652",907.67,64,6
"3092659",602,68,8
"3092670",1204,71,7
"3092762",1204,50,7
"3092797",1204,71,4
"3092836",1204,54,8
"3092921",1204,70,8
"3092970",2613.81,62,9
"3093184",1204,50,6
"3093229",1204,100,7
"3093268",1204,58,7
"3093391",3204,88,5
"3093422",1204,75,5
"3093436",1231.39,50,6
"3093653",88.83,60,7
"3093680",2204,54,7
"3093701",530.63,51,6
"3093713",89.91,50,6
"3093717",1204,77,4
"3093759",17232.93,60,6
"3093802",1204,62,6
"3093804",1204,50,8
"3093818",2204,62,6
"3093843",3180.91,50,9
"3093847",239.45,56,6
"3093892",1204,85,4
"3093908",1587.65,50,5
"3093922",1000,64,6
"3093946",2527.32,50,6
"3093985",1147.02,50,9
"3094017",1204,58,9
"3094178",1204,50,7
"3094188",1204,83,7
"3094251",1204,50,5
"3094257",305.66,64,6
"3094339",1204,50,6
"3094355",1688.71,50,6
"3094435",801,118,4
"3094531",35.46,60,4
"3094554",1204,50,7
"3094691",1204,62,6
"3094855",3053.82,50,7
"3094864",602,71,5
"3094885",1142.39,68,6
"3094945",1204,72,10
"3094947",610,60,6
"3095156",1204,50,4
"3095292",1204,60,6
"3095303",1204,50,11
"3095325",944.89,51,5
"3095402",1204,50,10
"3095435",2400,51,6
"3095485",139.48,50,6
"3095524",1204,106,5
"3095564",541.46,60,6
"3095579",1380.65,50,8
"3095666",32155.81,58,6
"3095689",1204,50,5
"3095724",1204,77,5
"3095759",1205.13,50,6
"3095810",1204,67,11
"3095815",1204,50,5
"3095844",1280.01,62,7
"3095856",1204,51,7
"30959",1128.12,63,7
"3095938",2713.52,50,6
"3095947",1204,50,7
"3096142",849.7,95,6
"3096228",1308,125,5
"3096255",1121.46,54,9
"3096267",1179.05,51,4
"3096345",75.98,50,11
"3096468",1204,81,5
"3096482",1204,58,5
"3096521",1204,50,7
"3096555",1204,90,4
"3096593",2246.49,51,7
"3096645",2014.8,50,5
"3096810",1204,50,6
"3096839",1204,50,7
"3096887",1204,50,6
"3096912",2918.55,58,7
"3096925",1204,50,5
"3096955",66.37,50,6
"3097005",1204,50,5
"3097026",1013.58,50,4
"3097036",1204,50,6
"3097059",1204,112,5
"3097066",78104.83,50,4
"3097075",1204,58,6
"3097099",1204,59,4
"3097195",1204,50,6
"3097214",7777,63,4
"3097248",772.03,50,6
"3097250",1204,92,5
"3097252",1204,62,6
"3097300",1204,50,5
"3097307",1204,88,4
"3097337",317.24,56,10
"3097390",1204,50,10
"3097411",60.52,57,9
"3097436",701.44,50,5
"3097456",836.89,50,7
"3097512",36.38,53,7
"3097543",1096.97,80,9
"3097553",1204,57,5
"3097612",1204,80,7
"3097641",602,50,4
"3097711",1204,62,5
"3097803",1204,50,6
"3097934",948.88,50,6
"3097984",1204,85,5
"3098141",1204,50,5
"3098150",1204,84,7
"3098186",1204,68,4
"3098287",1204,56,5
"3098358",1204,50,4
"3098369",1204,50,7
"3098429",1204,83,4
"3098497",1204,95,9
"3098499",1204,50,6
"3098525",1204,50,6
"3098535",1204,68,9
"3098564",1204,50,5
"3098731",78.15,52,5
"3098786",2957.6,50,7
"3098801",1204,62,6
"3098807",1204,50,4
"3098823",181.43,50,6
"3098934",1204,50,6
"3099191",1204,50,7
"3099301",1204,50,7
"3099378",1204,50,6
"3099439",1204,62,7
"3099495",2486.55,54,4
"3099589",1204,50,4
"3099755",1204,50,4
"3099902",76.01,57,6
"3099937",239.58,50,9
"3100010",1204,67,7
"3100030",1204,50,11
"3100248",839.45,80,10
"3100258",1204,50,13
"3100282",602,100,6
"3100317",1204,61,5
"3100420",1204,112,5
"3100598",1204,75,8
"3100634",2408,77,5
"3100684",1204,50,7
"3100689",1512.17,50,6
"3100698",1204,85,5
"3100736",1289,63,5
"3100799",241.01,50,7
"3100934",274.89,50,5
"3100962",115.85,64,5
"3101077",1204,58,4
"3101081",1536.86,68,5
"3101086",1204,64,9
"3101114",1204,50,7
"3101135",1204,63,7
"3101142",602,85,12
"3101230",1204,62,4
"31013",1128.12,50,7
"3101321",1204,50,5
"3101371",152.45,54,4
"3101393",872,50,8
"3101535",1204,62,5
"3101563",1439,50,4
"3101589",602,56,7
"3101622",1204,62,4
"3101665",76.5,52,7
"3101713",602,50,6
"3101715",2446.07,51,5
"3101736",723.66,50,12
"3101759",1204,50,6
"3101761",341.01,76,4
"3101803",419,50,13
"3101807",737.6,50,6
"3101844",555.83,50,4
"3101988",1204,50,4
"3102042",1204,50,6
"3102162",1204,69,4
"3102174",1204,52,8
"31022",1433.02,50,7
"3102330",602,50,5
"3102362",1204,62,6
"3102417",1709.72,50,10
"3102505",1501.03,50,6
"3102534",3852.07,76,6
"3102541",1204,50,7
"3102612",1892.31,57,5
"3102682",455.61,64,4
"3102717",1484.49,50,5
"3102777",50.69,80,7
"3102829",1204,85,8
"3102852",1305.06,114,6
"3102872",214.2,57,5
"3102892",1204,50,7
"3102911",1204,76,10
"3102947",3439.51,50,6
"3102964",126.84,54,9
"3102988",1204,76,4
"3103039",1204,50,8
"3103042",1204,118,4
"3103093",1315.45,95,4
"3103094",1744.99,95,4
"3103182",1204,80,10
"3103183",1204,118,10
"3103301",2408,50,6
"3103312",293.4,57,5
"3103314",2119.11,57,9
"3103319",209695.87,50,6
"3103370",720.06,68,9
"3103378",22.09,50,4
"3103459",146.24,50,6
"3103475",1204,62,5
"3103512",1711.52,70,6
"3103544",1204,80,10
"3103555",179.46,50,5
"3103562",1204,112,5
"3103593",1204,50,7
"3103636",1492.38,100,10
"3103687",761.72,50,9
"3103700",485.23,125,6
"3103704",422.78,80,6
"3103724",2204,100,7
"3103727",2204,100,7
"3103730",1204,125,7
"3103769",3685.25,86,9
"3103804",287.22,85,5
"3103917",1446.64,72,6
"3103937",5132.94,80,9
"3103954",4637.74,50,6
"3103999",482.23,51,8
"3104068",1204,50,5
"3104225",1204,50,7
"3104335",1204,63,6
"3104352",2115,118,14
"3104362",1204,62,5
"3104408",1204,62,8
"3104575",1012.01,85,5
"3104582",1204,50,7
"3104616",1204,125,10
"3104624",1260.2,50,9
"3104724",2204,63,5
"3104752",9924.28,54,4
"3104808",3204,90,7
"3104812",602,95,4
"3104822",1204,62,7
"3104825",1204,95,6
"3104899",2155.59,50,5
"3104937",602,50,5
"3104950",602,65,5
"3105074",1204,140,7
"3105078",79.29,85,4
"3105129",1204,62,5
"3105254",1204,50,7
"3105294",2865.56,100,5
"3105518",1369.54,61,6
"3105534",1204,50,14
"3105538",2704,50,4
"3105584",602,51,5
"3105599",2602,72,5
"3105627",1204,50,4
"3105657",1204,67,7
"3105672",1204,95,6
"3105745",1204,50,4
"3105775",1204,53,10
"3105789",65100,50,6
"3105791",1204,72,10
"3106068",1204,50,6
"3106136",76,50,7
"3106166",3204,62,6
"3106168",1204,91,5
"3106172",1204,50,7
"3106222",364.14,50,8
"3106268",1766.32,57,10
"3106356",2947.39,50,9
"3106360",6126.11,58,8
"3106365",624.86,50,5
"3106405",1716.36,50,15
"3106442",3674.25,90,9
"3106500",1204,66,9
"3106506",1704,63,5
"3106522",1204,63,7
"3106541",74.5,54,6
"3106656",2864.38,118,7
"3106660",1204,95,11
"3106818",1204,50,5
"3106823",87,50,5
"3106963",1204,50,8
"3107031",8590.75,76,9
"3107042",1204,112,5
"3107053",3204,100,6
"3107071",961.08,50,7
"3107271",1813.89,50,5
"3107285",932.88,90,6
"31073",1374.08,50,7
"3107333",296.05,50,7
"3107411",3294.08,50,4
"3107508",82.23,50,7
"3107516",1204,67,4
"3107570",1204,58,8
"3107650",687.18,50,5
"3107727",347.33,50,6
"3107748",1204,62,7
"3107762",1204,69,12
"3107782",1204,63,5
"3107845",7598,52,8
"3107952",1027.24,118,7
"3107956",1204,50,10
"3107959",17973.55,90,7
"3107985",602,50,9
"3108011",70.38,50,6
"3108026",1214,100,10
"3108108",1204,50,6
"3108167",1204,100,10
"3108268",1204,50,5
"3108327",3819.89,58,9
"3108440",5.4,50,6
"3108483",1204,106,9
"3108550",1204,50,8
"3108618",899.03,64,7
"3108619",1204,80,7
"3108623",83.08,60,9
"3108625",1204,50,4
"3108632",11877.08,50,8
"3108640",200.55,62,5
"3108642",1204,58,6
"3108745",1204,50,5
"3108798",76.01,62,6
"3108812",94.58,50,9
"3108842",373.39,54,9
"3108849",1204,73,5
"3108922",1204,50,7
"3109063",2121.66,58,7
"3109076",77.99,50,8
"3109110",471.33,86,11
"3109122",492.75,71,4
"31092",4272.37,106,6
"3109251",1204,50,6
"3109279",1204,50,7
"3109295",157.61,57,6
"3109425",900.36,50,6
"3109443",3388.31,50,6
"3109494",492.28,50,6
"3109537",420,50,4
"3109602",1204,100,6
"3109660",78,51,7
"3109696",1204,64,10
"3109729",48.99,50,8
"3109747",7.06,50,7
"3109794",504.54,90,5
"3109887",1204,80,4
"3109913",160.4,50,9
"3109923",2000,50,5
"3110051",1204,76,4
"3110161",821.33,50,7
"3110217",1204,100,5
"3110331",555.13,50,4
"3110369",1204,95,5
"3110491",92.62,50,6
"3110548",1204,59,6
"3110581",1967.88,95,5
"3110587",1204,64,5
"31106",1128.12,80,6
"3110670",5152,50,4
"3110740",1204,80,7
"3110747",1204,80,5
"3110805",1913.01,50,4
"3110870",1204,73,8
"3110886",150,50,4
"3110906",126.85,50,11
"3110941",1741.55,50,4
"3111085",168.09,51,7
"3111088",1204,50,5
"3111156",1204,50,7
"3111268",353.2,68,6
"3111278",602,72,9
"3111295",1204,62,4
"3111377",705.53,76,4
"3111470",1204,95,4
"3111476",597.07,58,5
"3111551",1204,90,4
"3111574",190.63,51,5
"3111594",8750.2,50,5
"3111599",760.32,50,7
"3111635",1597.19,51,7
"3111708",86.68,50,4
"3111786",1975.17,50,4
"3111882",723.6,50,7
"3112026",1204,50,4
"3112027",80.5,50,4
"3112051",1204,62,4
"3112068",602,50,5
"3112230",1000,50,7
"3112270",90.68,54,5
"3112361",1204,50,9
"3112459",1204,125,6
"3112514",1204,95,9
"3112521",1204,50,4
"3112556",3006.31,50,8
"3112586",1204,50,5
"3112601",1204,50,8
"3112608",76.01,50,6
"3112656",1182.67,54,6
"3112717",1204,50,7
"3112741",1204,51,10
"3112745",1204,68,4
"3112823",86.83,85,7
"3112831",740.36,50,6
"3112858",3088.98,65,5
"3112890",1314.54,76,4
"3112899",1204,62,7
"3112932",2484.01,102,5
"3112955",1735.49,50,11
"3113018",1346.56,64,6
"3113077",4327.48,50,6
"3113080",1204,104,6
"3113156",283.54,65,7
"3113354",2100,95,10
"3113373",1204,90,9
"31134",15316.87,60,12
"3113447",1400.65,106,6
"3113734",1877.12,50,5
"3113745",1000,58,7
"3113864",115.35,50,7
"3113985",989.39,50,6
"3114058",1241.74,50,6
"3114068",2204,50,5
"3114114",602,54,11
"3114120",602,56,7
"3114270",1204,84,6
"3114332",602,50,7
"3114377",1204,62,12
"3114420",173.49,68,7
"3114440",541.37,85,9
"3114454",1200,50,10
"3114460",732.59,82,9
"3114472",3204,118,4
"3114474",1381.5,95,7
"3114476",1126.48,68,13
"3114490",1650.24,95,5
"3114505",1204,85,6
"3114510",420.43,106,5
"3114521",1204,62,4
"3114605",1204,50,6
"3114650",1204,50,12
"3114687",1090.89,50,7
"3114735",820.28,50,5
"3114746",1996.15,50,7
"3114748",1204,95,4
"3114770",1204,68,7
"3114873",6926.33,51,9
"3114973",602,54,9
"3115001",33.38,100,9
"3115004",510.67,80,5
"3115032",85.51,50,7
"3115062",1557.16,100,6
"3115137",1204,50,7
"3115149",866.75,50,9
"3115402",523.96,67,6
"3115444",8208.98,68,6
"3115487",1204,95,4
"3115549",1204,50,10
"3115611",1204,55,8
"3115657",4365.84,50,7
"3115683",71.76,50,7
"3115692",152.45,90,4
"3115872",1500.7,50,5
"3115911",1265.87,100,6
"3115924",1204,110,5
"3115965",845.06,50,10
"31160",243.52,50,6
"3116021",80.99,50,6
"3116118",76.01,76,14
"3116166",1768.47,50,11
"3116297",2408,56,7
"3116356",1204,50,4
"3116388",1204,50,7
"3116408",860.93,50,7
"3116496",1204,50,7
"3116502",34.05,54,6
"31166",2814.71,50,7
"3116611",1204,50,8
"3116663",200,50,4
"3116668",120.38,53,6
"3116763",4981.58,50,7
"3117015",1204,50,6
"3117042",1204,50,4
"3117050",1204,50,4
"3117093",1204,50,10
"3117111",1278,63,5
"3117224",1204,62,6
"3117232",1391.71,54,5
"3117273",602,60,5
"3117321",1204,50,6
"3117351",77.37,50,8
"3117417",1204,95,8
"3117441",70.2,76,10
"3117559",1204,70,6
"3117629",1204,50,6
"3117670",1204,80,7
"3117709",1204,50,6
"3117713",749.84,147,6
"3117730",2108.86,50,7
"3117813",210.74,68,7
"3117868",7662.03,50,7
"3118045",643.6,100,9
"3118098",931.55,57,7
"3118149",1204,62,6
"3118189",1053.88,100,6
"31182",1128.12,62,5
"3118222",1204,50,5
"3118322",407.42,63,6
"3118342",1204,100,4
"3118344",3204,50,6
"3118350",4349.47,53,7
"3118355",985.4,64,6
"3118368",2067.05,50,4
"3118413",661.39,106,6
"3118427",602,50,4
"3118487",57.74,100,4
"3118491",1204,51,6
"3118521",1963.93,68,7
"3118576",1204,62,7
"3118606",3360.78,90,7
"3118662",5841.34,55,6
"3118704",2071.04,85,5
"3118802",267.24,50,6
"3118830",602,80,7
"3118844",1992.47,50,7
"3118885",1204,55,6
"3118889",538.43,115,5
"3118939",5911.31,54,5
"3119039",3882.42,50,7
"3119188",1204,50,11
"3119208",5314.01,50,5
"31194",2589.5,64,5
"3119464",1204,95,6
"3119498",1204,100,7
"3119501",602,100,11
"3119546",1204,50,4
"3119570",1204,50,4
"3119732",2704,62,5
"3119884",88.87,90,7
"3119921",1540.17,100,6
"3119935",554.67,64,7
"3119970",62.35,85,4
"3119996",1204,90,5
"3120049",416.95,118,7
"3120077",1204,112,6
"3120081",1.74,50,6
"3120092",1204,125,4
"3120110",1204,118,5
"3120199",1204,62,6
"3120215",1204,78,9
"3120226",1204,55,5
"3120322",625.33,50,8
"3120378",1204,55,6
"3120394",2228.44,53,6
"3120422",1204,118,7
"3120436",861.98,50,6
"3120443",1204,64,6
"3120516",1204,64,9
"3120562",1204,62,6
"3120710",150.62,50,6
"3120716",1204,50,13
"3120776",1204,62,7
"3120862",1204,90,5
"3120912",602,50,6
"3120970",1204,50,8
"3121043",1204,90,5
"3121212",351.38,50,5
"3121242",1204,68,5
"3121257",2474.74,58,4
"3121320",1204,63,6
"3121345",1204,76,7
"3121395",2315.25,76,7
"3121434",80.92,50,4
"3121447",2602.76,50,14
"3121451",1204,50,6
"3121504",60.76,72,9
"3121556",419,64,6
"3121610",3272.38,50,4
"3121627",800.57,50,6
"3121682",1150.97,50,5
"3121832",1204,50,8
"3121844",70,50,6
"3121879",576.36,50,5
"3121947",11.01,50,6
"3122016",774411.5,63,7
"3122044",1204,80,8
"3122081",1204,50,7
"3122135",1204,68,5
"3122146",75.98,50,6
"3122211",80.96,50,5
"3122294",360.5,118,5
"3122309",1204,50,7
"3122337",737.63,90,5
"3122606",1204,67,5
"3122723",1204,62,10
"3122778",1204,50,10
"3122817",1204,75,9
"3122846",1204,50,8
"3122954",1204,112,5
"3123072",78.93,50,6
"3123082",935.88,70,10
"3123203",1204,64,6
"3123274",1204,72,5
"3123309",2792.83,51,6
"3123322",220.27,50,5
"3123380",1204,50,6
"3123415",1204,125,6
"3123422",81.3,50,6
"3123434",602,80,9
"3123447",340.75,125,5
"3123461",1204,50,8
"3123509",3956.72,57,6
"3123521",2033.82,52,4
"3123536",1204,62,7
"3123542",787.59,50,7
"3123566",501.94,54,4
"3123621",3807.02,50,5
"3123701",1204,118,5
"3123716",98.06,50,5
"3123731",123.92,50,5
"3123749",1204,50,4
"3123759",1204,100,6
"3123782",1475,50,11
"3123808",5652.15,85,8
"3123824",2533.66,71,6
"3123877",1326.49,50,13
"3123902",2249.08,50,5
"3123917",1204,95,8
"3123977",1204,125,6
"3124001",1204,100,6
"3124003",1204,50,5
"3124014",1204,82,6
"3124028",1612.76,101,6
"3124049",1204,50,5
"3124070",1204,52,6
"3124248",2600,51,5
"3124260",10.99,50,6
"3124271",1511.5,50,6
"3124301",1204,67,7
"3124362",1204,76,9
"3124426",16.79,55,11
"3124448",1827.72,100,6
"3124490",1676.63,112,6
"3124506",350.03,51,6
"3124522",35831,112,6
"3124574",1204,58,7
"3124578",1204,67,5
"3124612",1204,112,6
"3124664",1204,50,6
"3124696",137.01,50,4
"3124775",1233.05,50,6
"3124843",1204,50,6
"3124925",1204,91,6
"3124971",1204,50,5
"3124997",1204,50,5
"3125007",3204,63,8
"3125071",2903.3,76,5
"3125122",1081.38,50,8
"3125171",2408,50,12
"3125172",1006,50,12
"3125178",3204,50,7
"3125217",58.18,50,7
"3125235",3058.78,76,8
"3125280",1204,100,6
"3125298",602,67,6
"3125303",1204,58,4
"3125304",2408,100,6
"3125311",1204,50,7
"3125321",839.56,90,8
"3125332",1204,63,9
"3125343",232,80,5
"3125373",1637.46,50,5
"3125680",3793,50,10
"3125776",1729.08,77,5
"3125801",1204,50,11
"3125824",63.05,50,4
"31259",474.22,50,4
"3126000",3204,67,7
"3126022",75.99,50,7
"31261",1128.12,95,7
"3126124",2870.02,95,6
"3126142",602,60,7
"3126162",1732.33,100,4
"3126172",422.64,51,7
"3126176",5362.64,118,12
"3126240",5391.86,50,5
"3126337",1226.5,50,6
"3126433",865.65,50,7
"3126455",476.34,50,6
"3126480",340.81,50,10
"31265",1128.12,50,4
"3126545",2364.01,50,7
"3126583",1204,61,6
"3126695",602,51,6
"3126800",1204,80,4
"3126934",1973.86,50,6
"3126982",3147.86,62,10
"3127007",78.16,80,6
"3127122",1204,50,6
"3127147",1204,50,4
"3127320",1204,90,7
"3127419",188.52,80,6
"3127452",1204,53,6
"3127475",1318.83,64,11
"3127486",602,64,10
"3127517",1204,50,7
"3127519",28.3,75,7
"3127531",1204,100,7
"3127545",76.11,68,6
"3127608",702.9,50,8
"3127650",3556.47,50,9
"3127700",1204,50,7
"3127744",9040.2,50,10
"3127791",1204,50,7
"3127800",1624.59,118,10
"3127823",1204,95,6
"3127888",1204,58,6
"3127957",1204,62,4
"3127974",1204,78,4
"3127978",1204,58,7
"3127981",1204,62,8
"3128000",759,50,5
"3128071",1204,85,4
"3128104",700,90,5
"3128116",5410.16,95,10
"3128118",68.77,95,4
"3128134",1204,100,8
"3128155",1939.54,50,4
"3128172",1503.67,50,6
"3128202",3172.41,50,6
"3128292",1204,100,8
"3128358",1204,90,7
"3128369",1375.4,100,11
"3128398",602,56,12
"3128510",1204,125,4
"3128729",937.79,55,4
"3128830",78.2,50,5
"3128867",1204,71,7
"3128992",1204,50,4
"3128994",1204,77,6
"3129026",1202,54,5
"3129088",1280,50,7
"3129106",1204,71,7
"3129120",17169.88,50,4
"3129206",1204,60,10
"3129210",1472.01,100,7
"3129256",8065.45,100,9
"3129265",982.58,68,5
"3129277",52.42,95,4
"3129353",2613.33,95,11
"3129366",1204,100,5
"3129373",1000,63,6
"3129403",1204,95,4
"3129419",1204,100,6
"3129447",1204,100,4
"3129451",3776.56,76,6
"3129456",97.01,100,4
"3129458",1204,125,11
"3129472",1204,118,6
"3129482",1204,118,6
"3129490",413.52,95,7
"3129503",1204,50,7
"3129527",1204,50,6
"3129533",1204,59,7
"3129542",1679.52,95,6
"3129560",182.79,100,11
"3129578",854.36,112,8
"3129592",1204,147,6
"3129617",1979.4,125,8
"3129619",90.15,100,8
"3129627",1204,88,10
"3129637",643.9,62,6
"3129643",3387,50,7
"3129656",1204,50,6
"3129657",4042.1,76,6
"3129662",1437.78,50,5
"3129706",1204,50,7
"3129718",1000,62,7
"3129824",3706.74,50,6
"3129839",1204,125,9
"3129935",92.13,56,10
"3130083",1282.9,64,4
"3130092",1204,71,5
"3130109",616.15,50,7
"3130111",1204,77,6
"3130131",76.01,50,5
"3130139",1204,112,6
"3130144",1204,76,5
"3130244",522.4,50,10
"3130288",584.62,64,11
"3130310",602,85,4
"3130435",1204,80,9
"3130439",1204,100,7
"3130447",7057.8,52,5
"3130518",1204,50,5
"3130581",1204,50,7
"3130600",602,50,7
"3130630",1204,85,5
"3130764",511.73,95,7
"3130893",300,50,10
"3130992",307.96,57,9
"3131",1219.51,72,10
"3131035",1204,125,5
"3131154",1204,76,5
"3131208",5648.62,50,9
"3131213",1204,95,7
"3131225",13247.76,54,7
"3131277",75.99,50,6
"3131363",375.98,85,9
"3131368",17774,95,5
"3131374",2633.86,100,7
"3131376",514.21,50,6
"3131390",152.45,50,6
"3131409",5200,54,6
"3131459",2019.11,50,6
"3131517",1204,62,6
"3131621",1204,118,4
"3131766",1204,62,6
"3131826",753.72,50,4
"3131829",1409.72,50,9
"3131851",1204,100,7
"3131955",1204,80,6
"3131957",1204,100,6
"3131967",1204,80,6
"3132099",29.34,50,9
"3132131",1204,62,10
"3132140",1353.09,95,4
"3132142",670,100,7
"3132152",4217.24,76,5
"3132269",376.84,50,4
"3132331",1204,73,11
"3132335",1101.1,67,8
"3132516",1036.18,58,8
"3132663",1204,63,6
"3132803",571.46,50,4
"3132829",1304.93,50,7
"3132922",1204,50,9
"3132935",573.14,95,4
"3133000",1204,68,5
"3133032",3028.39,50,7
"3133063",3204,75,6
"3133065",1204,118,5
"3133091",1204,68,5
"3133146",1204,50,10
"3133169",1204,100,6
"3133235",760.91,60,6
"3133263",431.37,64,7
"3133266",1204,85,7
"3133355",41.47,51,6
"3133379",3054,75,4
"3133426",1204,50,6
"3133434",1204,50,6
"3133461",1204,62,7
"3133589",1204,118,5
"3133607",1204,95,5
"3133614",730.37,95,4
"3133615",1449.15,88,5
"3133708",473.92,95,6
"3133779",2408,106,4
"3133784",1204,56,6
"3133793",1204,118,7
"3133833",8310,100,7
"3133856",1204,58,4
"3133871",1204,100,6
"3133874",1204,62,9
"3133883",602,95,4
"3133933",182.76,77,4
"3133937",522.5,100,6
"3134277",4089.55,90,10
"3134286",961.29,50,6
"3134316",1589.51,100,5
"3134509",1204,80,10
"3134542",100,50,7
"3134651",1821,58,7
"3134668",76,50,5
"3134715",376.01,76,6
"3134739",767.65,50,5
"3134847",1204,68,7
"3134936",733.94,50,5
"3134940",76,51,10
"3134979",1204,60,6
"3135019",2003.66,95,4
"3135046",4476,50,10
"3135060",1658.37,95,5
"3135104",1204,50,4
"3135108",602,62,6
"3135126",602,75,8
"3135274",1204,61,14
"3135303",76.01,50,11
"3135309",2882.65,50,11
"3135363",749.84,50,10
"3135386",605.31,83,10
"3135472",1204,90,5
"3135478",1204,63,6
"3135483",1204,62,6
"3135504",65.23,54,6
"3135508",2408,50,4
"3135543",1204,100,4
"3135572",1204,50,7
"3135642",1204,118,7
"3135645",268.8,50,7
"3135794",1204,125,5
"31359",1128.12,50,11
"3135927",1208.65,74,7
"3135951",5255.17,57,7
"3135966",3703.06,90,5
"3135985",1204,50,5
"3136027",1204,50,6
"3136114",1204,50,6
"3136117",1204,62,10
"3136270",53.73,50,5
"3136297",1204,50,8
"3136316",1204,62,5
"3136339",1083.57,60,15
"3136375",1204,50,6
"3136628",5586.68,50,5
"3136679",1204,50,5
"3136710",771.32,80,6
"3136763",1204,60,12
"3136790",151.35,68,7
"3136834",2024.98,50,7
"3136870",1204,63,7
"3136912",1204,50,7
"3136932",1824.12,50,10
"3137010",602,60,6
"3137013",3187.92,50,9
"3137050",723.74,50,14
"3137110",1204,64,7
"3137123",935.79,50,6
"3137145",1204,125,10
"3137170",3204,50,6
"3137236",1511.58,106,5
"3137268",1204,50,6
"3137275",1204,50,6
"3137277",2756.38,50,6
"3137282",1204,118,6
"3137293",1155.32,52,6
"3137316",1204,71,8
"3137367",4305.19,50,7
"3137389",8981,77,8
"3137431",2408,50,7
"3137461",1204,50,4
"3137495",3204,50,7
"3137517",1204,100,7
"3137518",1204,147,7
"3137526",1204,64,9
"3137576",602,126,7
"3137618",822.02,50,6
"3137656",1550,101,6
"3137662",3805,50,7
"3137669",64.06,57,4
"3137681",1187.61,100,4
"3137725",1204,90,7
"3137809",1204,50,5
"3137876",1204,76,10
"3137887",3128.04,81,7
"3137948",1204,100,5
"31380",1128.13,95,5
"3138010",76,80,6
"3138067",1204,52,7
"3138068",3204,52,7
"3138102",786.88,125,6
"3138111",1204,156,6
"3138151",1204,78,7
"3138152",1204,73,7
"3138153",1204,50,11
"3138311",27504,93,7
"3138551",2193.04,50,6
"3138557",1204,95,5
"3138563",1204,50,12
"3138569",2312.37,77,4
"3138583",271.58,80,8
"3138592",2655.4,58,14
"3138604",1204,112,7
"3138616",1204,50,5
"3138700",976.4,50,9
"3138713",2353.81,100,4
"3138756",1204,100,6
"3138770",836.14,100,9
"3138777",1204,100,6
"3138779",1574.98,100,5
"3138782",1076.17,50,13
"3138806",1743.61,95,6
"3138864",1204,62,6
"3138885",1204,71,4
"3138904",711.98,50,6
"3138916",2731.52,50,7
"3138945",1204,54,8
"3139009",1204,50,4
"3139014",647.92,112,5
"3139017",602,100,5
"3139018",1280,112,5
"3139087",1000,50,7
"3139096",1204,50,6
"3139104",37.18,50,5
"3139106",80.12,50,7
"3139119",5892.32,50,5
"3139133",76,90,8
"3139242",602,100,7
"3139272",1204,100,4
"3139372",1204,100,6
"3139424",4945.11,50,4
"3139437",1204,50,11
"3139440",1204,59,15
"3139451",1338.95,50,7
"3139485",3251.61,95,5
"3139487",3004.73,51,4
"3139546",1204,58,12
"3139567",445.84,50,4
"3139570",1204,112,5
"3139783",1204,100,7
"3139794",1204,50,10
"3139857",163.38,71,14
"3139872",2204,118,4
"3139881",1204,50,6
"3139884",1204,95,6
"3139886",1204,50,4
"3139921",1204,50,4
"3139998",1204,79,6
"3140025",255.53,100,5
"3140046",1204,82,4
"3140053",602,112,5
"3140091",1204,50,7
"3140111",2978.25,85,10
"3140128",1516.54,112,9
"3140129",1204,50,5
"3140148",1204,106,5
"3140165",1329.81,95,7
"3140178",1204,100,5
"3140189",1204,100,6
"3140241",1222.72,56,4
"3140255",2151.95,69,7
"3140303",1215.5,50,4
"3140308",1204,62,6
"3140329",1204,50,6
"3140457",1204,50,7
"3140484",1204,50,6
"3140534",72.43,68,14
"3140544",1503.51,63,6
"3140577",1204,50,5
"3140583",197.35,90,5
"3140623",2704,62,6
"3140690",106.48,60,7
"3140713",1297.29,73,5
"3140729",1204,50,9
"3140734",2446.87,50,12
"3140778",1204,95,6
"3140808",14.83,50,8
"3140888",2408,53,10
"3141006",1204,62,10
"3141091",1643.62,50,4
"3141167",443.71,54,6
"3141181",1500,76,4
"3141271",4290.78,50,6
"3141292",339.15,57,9
"3141294",1204,85,8
"3141307",21.68,50,6
"3141351",1204,118,9
"3141388",1962.2,100,4
"3141407",80.92,50,7
"3141417",450,85,7
"3141419",1204,112,6
"3141462",6811.98,58,13
"3141558",479.84,50,6
"3141703",1204,77,5
"3141835",2408,50,6
"3141836",1204,50,6
"3141842",95.66,50,5
"3141845",1204,50,5
"3141865",1204,50,8
"3141883",1112.65,50,6
"3141927",1204,118,8
"3141985",74.5,95,7
"3142005",1204,50,6
"3142037",78.4,72,10
"3142068",70.84,50,7
"3142071",118.42,50,6
"3142082",1204,80,7
"3142085",821.68,76,5
"3142098",1325.19,64,5
"3142101",347.52,76,6
"3142104",1204,60,6
"3142109",51,50,7
"3142113",1204,125,6
"3142116",125.89,50,5
"3142120",4152.31,100,8
"3142126",1454.06,90,6
"3142316",164,50,6
"3142339",1204,67,5
"3142345",769.39,50,9
"3142392",1204,58,4
"3142414",602,64,6
"3142430",89.46,60,6
"3142544",330.19,100,6
"3142556",1204,75,4
"3142607",16.98,90,6
"3142629",33.3,95,6
"3142847",1204,80,4
"3142858",1204,50,7
"3142880",1014.71,50,11
"3142910",8421.93,100,6
"3142982",648.41,50,6
"3142997",85.16,95,7
"3142999",5277.67,95,9
"3143059",1261,64,5
"3143072",75,50,9
"3143098",1204,95,7
"3143104",1204,100,4
"3143121",1204,100,5
"3143127",1204,112,7
"3143180",1204,95,4
"3143193",16.31,51,5
"3143195",1204,100,4
"3143235",1204,62,7
"3143252",1204,63,4
"3143302",76.01,50,6
"3143347",76.01,50,7
"3143366",602,50,7
"3143368",981.56,50,7
"3143375",76,50,6
"3143441",1075.07,50,6
"3143464",678.42,70,7
"3143476",2105.53,50,7
"3143640",1204,50,6
"3143695",3204,57,6
"31437",1128.12,67,5
"3143714",1204,78,4
"3143716",1143,85,6
"3143793",2408,50,8
"3143796",1504.46,85,9
"3143848",140.41,64,4
"3143953",1204,90,4
"3144057",1483.61,74,7
"3144106",1389,50,4
"3144281",1204,50,6
"3144292",1204,50,7
"3144298",510.31,125,6
"3144335",1204,50,7
"3144345",1408.1,77,7
"3144347",3091.09,72,5
"3144355",78.61,68,10
"3144416",2408,50,7
"3144435",1204,68,7
"3144514",4130.9,50,6
"3144521",1204,100,7
"3144589",1204,58,4
"3144600",9842.1,62,5
"3144607",1204,125,4
"3144613",1094.26,50,7
"3144622",1204,58,4
"3144626",1204,62,8
"3144637",627.76,50,5
"3144641",1204,58,6
"3144663",1204,50,6
"3144670",2408,50,6
"3144678",1676.64,50,6
"3144686",456.75,59,9
"3144701",1862.18,58,5
"3144707",11000,50,9
"3144713",1204,58,7
"3144824",819.05,50,7
"3144926",298.23,50,6
"3144971",778.91,50,6
"3145003",493.57,50,7
"3145064",898.11,100,6
"3145122",441.01,52,7
"3145136",1204,50,4
"3145156",602,50,6
"3145203",1204,50,6
"3145220",2789.86,54,4
"3145233",156.83,50,10
"3145244",443.54,85,5
"3145267",1704,50,7
"3145271",1204,80,13
"3145334",405.89,50,4
"3145338",196.96,54,6
"3145341",39204,50,6
"3145357",1204,100,4
"3145383",393.01,100,9
"3145527",1200.01,50,8
"3145529",1893,118,6
"3145555",1204,85,7
"3145594",2899.47,88,5
"3145644",1204,62,4
"3145653",77.99,50,8
"3145752",756.31,50,15
"3145824",1204,71,4
"3145835",1204,118,5
"3145840",1940.31,50,7
"3145920",1048.7,50,6
"3145927",76,77,6
"3145946",1204,50,5
"3145950",602,100,6
"3146143",1204,50,4
"3146172",1742.09,80,6
"3146197",2408,125,6
"3146218",602,50,5
"3146264",490.11,51,7
"3146333",653.17,83,5
"3146366",1204,112,7
"3146383",14464,62,6
"3146410",345.29,50,7
"3146418",1269.78,60,5
"3146436",3740.33,100,5
"3146437",4004.41,125,5
"3146471",7886.35,50,6
"3146550",512.75,71,11
"3146565",654.28,50,13
"3146575",237.94,85,4
"3146584",1204,118,4
"3146599",1204,100,6
"31466",1128.12,57,5
"3146619",604.05,50,6
"3146622",1353.05,50,6
"3146671",2408,147,5
"3146684",1204,62,6
"3146692",650.83,95,9
"3146697",81.56,90,4
"3146708",843,50,5
"3146719",3146.5,50,7
"3146802",1204,112,7
"3146815",1204,68,9
"3146856",1415.01,83,11
"3146902",2110.3,76,5
"3146906",76.01,50,7
"3146917",19.4,50,12
"3146923",1204,62,12
"3146969",541.76,50,7
"3147062",1204,50,10
"3147139",602,50,10
"3147485",101.33,125,10
"3147528",1204,85,6
"3147623",1746.66,95,9
"3147736",990.53,50,5
"3147780",2117.61,72,7
"3147841",1204,50,5
"3147902",363.29,85,6
"3147933",1204,50,8
"3147953",1204,73,6
"3147986",1204,100,7
"3148016",1676.51,112,5
"3148028",1204,95,11
"3148063",1204,85,6
"3148064",86.25,106,6
"3148072",1204,50,4
"3148108",1445.25,50,7
"3148156",1204,72,6
"3148163",9642.54,100,4
"3148166",1204,50,8
"3148176",602,53,5
"3148200",1204,88,8
"3148225",134,95,4
"3148263",602,100,9
"3148279",2408,95,7
"3148306",1204,58,6
"3148309",1204,95,6
"3148322",4660,50,4
"3148343",8349.07,50,10
"3148441",1204,50,7
"3148538",84.8,50,9
"3148642",1204,50,4
"3148675",787.06,125,6
"3148754",110.08,71,6
"3148864",1204,71,5
"3148903",1204,71,7
"3148954",1204,64,5
"3148991",2653.33,50,5
"3148999",2240,60,10
"31490",533.57,76,7
"3149024",1204,78,8
"3149169",4372.85,50,7
"3149197",1204,147,7
"3149224",1187.61,95,4
"3149226",3408,100,6
"3149488",77.99,68,6
"3149564",67.45,53,7
"3149575",354.94,50,6
"3149619",66.52,55,7
"3149708",6709.75,95,4
"3149714",15,56,10
"3149719",2642.92,54,5
"3149787",1699.76,139,9
"3149805",1041.9,95,6
"3149868",1204,112,7
"3149885",1238.02,50,4
"3149889",3572.13,95,7
"3149895",21.27,50,8
"3149924",1204,95,8
"3149929",1204,95,6
"3149933",2408,54,7
"3149941",1726.57,125,8
"3149951",5612.55,100,10
"3150031",1704,75,5
"3150075",1711,106,7
"3150122",1204,50,4
"3150148",1204,50,7
"3150160",2954,100,8
"3150174",1451.15,50,11
"3150210",281897.49,54,6
"3150229",1204,100,5
"3150276",1204,112,6
"3150300",2603.86,95,11
"3150325",2408,100,6
"3150337",1204,125,6
"3150345",71339.92,106,7
"3150363",1204,100,6
"3150370",1204,50,6
"31504",1128.12,50,6
"3150554",1204,50,5
"3150556",146.97,50,6
"3150629",3600.34,50,5
"3150655",1204,100,8
"31507",3687.53,53,10
"3150783",1204,72,5
"3150807",230.23,72,5
"3150826",78.16,50,5
"3150843",1204,75,13
"3150940",168.28,80,6
"3150974",635.23,65,6
"3150985",2358.61,51,6
"3151043",1204,100,6
"3151044",1204,156,6
"3151097",1324.15,50,7
"3151101",1120,50,11
"3151131",1204,85,6
"3151155",1204,88,15
"3151184",1204,72,6
"3151194",1204,80,6
"3151202",1204,118,6
"3151209",1204,100,4
"3151242",544.71,50,4
"3151243",8180.33,50,4
"3151248",1204,50,9
"3151274",736.72,50,6
"3151329",1558.94,68,6
"3151367",1204,80,7
"3151374",1204,118,7
"3151398",1204,95,7
"3151415",1204,50,9
"3151421",1204,100,7
"3151439",1204,95,7
"3151453",761.27,100,6
"3151478",1204,50,7
"3151576",466.36,72,6
"3151587",1204,50,4
"3151601",1204,80,6
"3151617",1204,50,7
"3151618",2324.61,50,6
"3151670",1204,95,4
"3151688",1204,50,5
"3151700",1204,50,7
"3151752",602,67,4
"3151785",21594.95,50,6
"3151839",1204,100,7
"3151859",17.28,95,4
"3151869",2204,90,4
"3151881",1204,100,7
"3151887",702,95,9
"3151923",1204,100,4
"3151931",1204,125,4
"3151966",263.66,76,10
"3151971",902.65,50,6
"3151975",1858.26,68,7
"3151986",2266.39,118,6
"3152000",1204,156,11
"3152003",1204,90,5
"3152026",3045.05,50,6
"3152035",602,51,10
"3152064",602,62,8
"3152094",5010.2,80,6
"3152124",1204,100,5
"3152137",148.25,50,5
"3152139",1260.94,71,5
"3152151",1204,90,6
"3152155",4557.75,95,7
"3152194",812.95,50,7
"3152211",4376,112,6
"3152228",1204,71,5
"3152239",1204,62,7
"3152251",1204,85,7
"3152305",1204,62,8
"3152320",977.61,50,5
"3152335",1204,50,9
"3152535",6511.06,50,12
"3152696",375.97,50,4
"3152714",3095.88,95,11
"3152722",650,51,11
"3152790",1204,80,9
"3152806",1204,85,9
"3152826",12.47,75,5
"3152878",1204,106,6
"3152880",1204,50,7
"3152889",1204,62,6
"3152901",1307.1,95,7
"3152906",1204,80,6
"3152942",2415.95,52,7
"3152981",1204,50,9
"3153072",1204,95,4
"3153088",1204,50,5
"31531",1128.12,82,6
"3153125",441.4,125,6
"3153164",203.95,50,6
"3153231",1204,50,6
"3153285",1204,80,7
"3153294",191.45,85,5
"3153320",187.18,50,5
"3153424",6867.11,50,10
"3153439",1350.38,95,7
"3153458",602,101,6
"3153482",1204,100,7
"3153492",600.45,100,5
"3153504",3031.39,95,5
"3153511",108.23,50,7
"3153517",1204,100,6
"3153518",3425.28,147,6
"3153655",13813.58,50,5
"3153669",281.29,53,6
"3153673",2204,95,7
"3153681",20.2,100,7
"3153687",1204,112,7
"3153710",1204,100,7
"3153764",23.92,95,6
"3153801",2408,50,4
"3153825",4998.67,50,4
"3153902",1204,50,9
"3153948",3112.83,85,5
"3153966",1204,50,4
"31540",2075.68,54,6
"3154100",1204,70,8
"3154118",1204,54,9
"3154187",1204,50,10
"3154205",781.5,50,7
"3154359",333.82,50,7
"3154407",746.18,57,8
"3154421",1204,95,6
"3154456",1642.77,50,8
"3154466",93.63,90,4
"3154508",1204,50,4
"3154623",1204,118,5
"3154627",1204,90,7
"3154680",614.09,100,7
"3154730",93.16,90,5
"3154762",969.9,100,9
"3154782",2204,100,9
"3154787",2772.87,118,5
"3154943",5968.9,95,6
"3154994",1204,50,5
"3155017",1204,100,9
"3155135",1636.79,62,7
"3155142",2250,86,6
"3155159",323.35,50,5
"3155229",490.84,50,7
"3155234",3605.36,95,6
"3155247",102.16,57,7
"3155249",602,101,6
"3155303",77.26,50,6
"3155309",2684.19,50,13
"3155317",1204,50,10
"3155326",1047.35,50,8
"3155342",1204,58,5
"3155360",2324.48,50,4
"3155363",1310.1,65,6
"3155372",2704,100,4
"3155404",1204,85,7
"3155468",1064.4,50,7
"3155472",14233.35,63,6
"3155480",2875.5,95,5
"3155534",76,50,8
"3155542",284.25,50,7
"3155548",85.84,50,6
"3155553",1204,50,8
"3155569",2908,125,10
"3155638",602,118,5
"3155696",76,50,11
"3155698",1204,85,5
"3155709",395.91,50,6
"3155736",3936.43,76,5
"3155740",1204,95,6
"3155761",1204,100,7
"3155807",1204,118,4
"3155813",1076.59,50,6
"3155830",1204,100,6
"3155836",646.48,64,4
"3155853",159,68,10
"3155857",1204,100,9
"3155868",1204,90,6
"31559",1128.12,50,5
"3155903",1204,100,6
"3155915",14204,95,6
"3155944",1614.03,50,7
"3155947",1204,50,7
"3155979",1204,50,8
"3156051",336.42,54,6
"3156096",2408,50,7
"3156108",2525.32,85,4
"3156145",1204,50,5
"3156204",75.98,50,5
"3156227",274.96,95,6
"3156234",925.76,90,7
"3156245",1771,100,5
"3156247",41.26,125,5
"3156248",1204,95,6
"3156265",1204,50,4
"3156288",316.09,50,7
"3156342",381.68,50,6
"3156383",1204,100,5
"31564",1128.12,106,5
"3156444",11000,50,5
"3156458",1204,50,7
"3156481",1204,62,14
"3156509",2948.88,50,8
"3156512",602,60,7
"3156530",2467.36,100,7
"3156542",1204,58,4
"3156604",152.45,90,5
"3156653",862.32,90,8
"3156674",2030.37,100,4
"3156898",1204,50,6
"3156945",575.4,68,6
"3156965",1204,71,6
"3157055",106.25,64,4
"3157077",1204,125,5
"3157114",1204,62,5
"3157170",1204,100,5
"3157198",49.7,100,5
"3157289",1204,95,10
"3157341",1204,50,7
"3157391",1204,65,7
"3157425",2408,100,6
"3157482",1204,51,7
"3157534",1204,63,6
"3157641",592.98,50,6
"3157706",1204,50,6
"3157798",1204,62,7
"3157848",839.53,75,6
"3157858",5262.57,50,4
"3157867",1462.56,85,7
"3157871",1204,50,7
"3157883",4165.42,62,5
"3157902",1204,50,8
"3157920",556.26,85,9
"3157935",843.59,80,6
"3158065",1204,60,8
"3158102",700.45,50,7
"3158176",228.53,62,7
"3158219",1204,58,7
"3158269",1204,80,5
"3158498",1279.78,50,7
"3158532",1349.84,50,8
"3158594",602,62,7
"3158627",1232.21,50,5
"3158666",1204,50,6
"3158686",1204,50,6
"3158696",2964.27,140,10
"3158716",1204,95,7
"3158733",1204,95,4
"3158748",3204,100,5
"3158783",2508.68,50,5
"3158807",44.52,50,7
"3158818",8804,50,5
"3158907",784.55,50,8
"3158915",3006.57,76,7
"3158933",73.6,57,8
"3158976",435.24,50,9
"3159046",1204,50,6
"3159066",1204,95,7
"3159071",1204,147,5
"3159111",530.23,95,6
"3159144",76.5,50,7
"3159165",782.93,50,6
"3159210",256.88,95,6
"3159211",1204,118,6
"3159322",1204,62,8
"3159347",207.13,50,5
"3159363",1204,88,9
"3159450",111.2,50,5
"3159463",4038.34,50,5
"3159469",74,50,6
"3159470",1518.31,50,9
"3159472",2081.89,50,6
"3159473",979.46,59,14
"3159478",489.16,67,7
"3159491",1204,62,5
"3159515",1204,50,7
"3159532",1794.03,56,4
"3159558",1204,50,5
"3159644",200,100,7
"3159666",1666.79,50,4
"3159686",1204,50,5
"3159693",449.83,58,13
"3159696",1204,51,8
"3159707",1204,60,5
"3159723",5119.24,62,5
"3159767",578.36,95,7
"3159779",1204,118,5
"3159808",81.11,50,4
"3159885",1954.98,50,4
"3159906",94.88,75,4
"3159957",1204,50,6
"3159989",633,95,6
"3159991",1204,100,6
"3160025",1204,95,5
"3160053",460,50,8
"3160074",602,57,5
"3160076",1087.18,50,6
"3160106",925.08,72,15
"3160220",2014.38,72,5
"3160236",1204,62,4
"3160259",2875.91,50,14
"3160288",1904.33,50,6
"3160315",1430.73,50,10
"3160325",1204,62,6
"3160331",2119.11,85,14
"3160358",2909.4,64,15
"3160361",1603.12,90,11
"3160381",1948.57,100,6
"3160396",12.2,90,6
"3160449",1204,58,11
"3160460",1204,50,4
"3160461",602,62,7
"3160468",77.74,54,5
"3160495",1204,67,8
"3160507",5192.85,95,4
"3160568",1001.37,80,7
"3160574",1204,95,7
"3160577",1204,50,15
"3160589",1395.59,118,5
"3160592",1204,125,7
"3160635",10000,82,4
"3160640",325,60,4
"3160645",1204,125,9
"3160648",167.44,50,10
"3160662",1168.05,52,9
"3160669",866.11,68,6
"3160680",1204,50,7
"3160687",1204,50,6
"3160696",1204,50,7
"3160818",2095.04,95,7
"3160841",957.76,60,4
"3160871",727.54,50,6
"3160884",2113.01,95,4
"3160996",610,118,5
"3161082",1204,58,6
"3161099",1204,80,5
"3161117",1204,50,6
"3161218",32.62,50,4
"3161220",391,90,5
"3161242",1549.25,50,7
"3161250",1204,100,6
"3161266",1204,100,5
"3161274",1204,50,9
"3161276",899,50,6
"3161347",1204,50,7
"3161396",1204,50,5
"3161408",227,95,7
"3161526",2027.01,50,7
"3161642",1204,100,4
"3161660",1204,77,10
"3161697",637.56,50,12
"3161710",1204,50,7
"3161715",442.41,80,11
"3161740",37547.19,58,5
"3161750",805.67,85,6
"3161872",1204,82,6
"3161877",1204,70,7
"3161920",1633.83,90,6
"3162029",1204,90,5
"3162113",1204,50,8
"3162134",1204,125,7
"3162148",1204,100,5
"3162203",1204,80,7
"3162245",1695.66,100,5
"3162259",1204,92,7
"3162268",1204,73,9
"3162273",1204,50,9
"3162303",1204,125,5
"3162511",1204,50,4
"3162518",1204,71,5
"3162529",1204,118,9
"3162563",1722.12,125,6
"3162568",1204,85,5
"3162581",2408,100,6
"3162645",4078.11,100,5
"3162730",1204,64,6
"3162736",480.97,100,6
"3162737",10811.7,100,6
"3162742",1204,58,6
"3162775",1259.29,100,6
"3162786",1204,50,5
"3162792",1204,50,5
"3162795",2772.04,50,6
"3162812",362.03,100,6
"3162837",616.8,50,4
"3162911",1204,50,5
"3162980",377.5,50,7
"3162983",3204,100,4
"3162990",856.01,90,7
"3163082",1204,85,7
"3163094",3801.13,76,5
"3163118",1603.42,51,6
"3163158",1204,100,7
"3163177",1204,100,4
"3163179",1204,100,7
"3163184",6848.87,80,8
"3163192",92.99,95,7
"3163260",1204,50,7
"3163272",1204,50,7
"3163291",1204,50,4
"3163317",79.28,50,11
"3163325",1204,71,7
"3163328",200,50,4
"3163331",1204,50,8
"3163460",434.25,50,5
"3163489",602,106,6
"3163494",183.87,55,7
"3163497",715.17,68,5
"3163526",316.4,50,5
"3163576",2458.77,95,6
"3163604",68.77,50,6
"3163644",1204,62,11
"3163657",1204,125,9
"3163676",2258.91,100,5
"3163729",1204,85,12
"3163736",2517.45,50,5
"3163758",1204,118,5
"3163775",40.26,50,9
"3163790",76,50,12
"3163795",1204,58,9
"3163824",3290.59,76,13
"3163913",111.13,90,9
"3163969",2531.97,53,6
"3164037",1002.25,50,5
"3164064",47309.94,54,6
"31641",1128.12,95,5
"3164124",1204,76,5
"3164196",2204,58,6
"3164216",3134.98,50,7
"3164222",1204,112,5
"3164273",280.02,66,5
"3164288",1204,125,4
"3164325",1204,50,9
"3164330",118.13,57,5
"3164335",1204,50,9
"3164342",1204,50,5
"3164396",1204,50,5
"3164443",1204,100,6
"3164452",1204,66,6
"3164482",2031.52,50,7
"3164484",446.23,63,6
"3164489",1204,100,9
"3164531",1204,59,5
"3164533",1204,50,6
"3164584",1204,57,5
"3164628",3133.42,82,7
"3164663",981.76,50,4
"3164705",1204,50,6
"3164730",1204,95,7
"3164853",742.69,50,6
"3164894",1204,62,6
"3164922",77.99,72,7
"3164955",602,50,4
"3164967",1369.76,100,5
"3164968",1204,100,5
"3165004",7777,54,4
"3165007",955.56,90,5
"3165068",1204,85,7
"3165123",1204,50,6
"3165126",3233.37,50,5
"3165137",1204,50,5
"3165176",111.59,60,9
"3165189",1710.42,50,15
"3165204",1204,91,13
"3165222",1204,50,7
"3165231",1204,125,7
"3165236",1204,125,5
"3165265",1239,50,6
"3165273",34.12,95,7
"3165297",1204,100,7
"3165299",1573.44,95,7
"3165300",76.02,50,6
"3165304",1204,125,7
"3165315",772.08,57,15
"3165327",1238.95,100,12
"3165356",1204,76,8
"3165358",4204,95,6
"3165363",2815.41,100,7
"3165364",2734.46,125,5
"3165366",1280.01,100,5
"3165376",83.6,60,7
"3165380",1204,100,6
"3165389",476.95,90,6
"3165391",8076.01,100,7
"3165394",3054,50,7
"3165399",1967.01,100,8
"3165409",1204,100,6
"3165411",832.7,100,7
"3165424",362.51,76,10
"3165430",624,95,7
"3165440",1204,95,14
"3165451",1204,125,4
"3165461",2704,100,7
"3165467",1204,62,5
"3165473",2204,50,6
"3165474",183.15,100,7
"3165478",1521.37,76,8
"3165505",1204,125,5
"3165536",2137.94,50,7
"3165568",1204,118,4
"3165595",1902,50,6
"3165667",1204,72,6
"3165712",1204,100,9
"3165725",1486.69,95,7
"3165758",1204,112,4
"3165772",1204,50,9
"3165780",1204,80,10
"3165791",1204,50,7
"3165796",731.15,50,7
"31658",623.56,54,6
"3165857",1204,85,7
"3165889",1204,125,5
"3165979",1204,118,8
"3165989",1204,118,5
"3165993",1204,90,7
"3166006",80.37,50,7
"3166014",1204,68,4
"3166028",1204,50,4
"3166040",1250.17,118,5
"3166064",2042.41,100,4
"3166073",1204,125,6
"3166086",1204,71,4
"3166102",2408,60,6
"3166103",1204,100,7
"3166113",944.97,100,7
"3166145",2185.21,76,4
"3166235",5559.3,147,4
"3166308",75.95,62,7
"3166365",2408,62,6
"3166452",1204,62,4
"3166543",1204,95,6
"3166551",13500,106,9
"3166578",1204,62,5
"3166584",530.48,76,6
"3166588",15000,65,4
"3166748",1204,71,7
"3166805",1204,90,5
"3166838",1204,50,5
"3166847",2662.57,50,10
"3166873",1204,75,4
"3166878",3237.34,100,5
"3166895",1204,50,7
"3166906",1204,50,6
"3166913",1204,50,4
"3166973",472.59,50,5
"3167011",602,50,5
"3167028",1204,77,6
"3167037",1727.65,106,5
"3167041",828.85,50,5
"3167056",1204,58,7
"3167071",3056.57,62,8
"3167079",1204,80,6
"3167082",21000,62,5
"3167097",19.13,68,5
"3167114",2204,50,7
"3167118",696.88,95,7
"3167151",602,50,7
"3167169",1204,51,7
"3167194",10061.46,75,5
"3167214",1204,50,7
"3167226",2408,100,4
"3167239",2704,50,4
"3167248",78.61,100,6
"3167338",648.9,93,7
"3167353",1204,58,6
"3167357",1204,50,11
"3167368",1204,90,4
"3167396",4686.79,68,8
"3167447",1204,62,6
"3167484",1469.3,77,5
"3167493",2204,50,4
"3167499",1204,50,5
"3167538",2917.13,85,5
"3167552",1204,50,7
"3167557",1204,54,9
"3167593",76.5,50,7
"3167613",1204,63,4
"3167617",1987.5,100,7
"3167623",21876.59,56,6
"3167625",1806,148,10
"3167669",7156.19,50,6
"3167672",1204,50,6
"3167674",1204,118,4
"3167684",2795,100,5
"3167687",1204,100,7
"3167695",602,76,6
"3167697",2475.98,50,6
"3167760",583.61,50,7
"3167799",1204,50,6
"3167837",272.44,50,7
"3167878",1204,118,5
"3167992",1000,50,5
"3167997",1602,50,6
"3168000",602,68,4
"3168131",646,85,7
"3168244",1204,118,5
"3168277",1204,50,7
"3168279",1204,77,7
"3168284",1204,112,6
"3168315",1204,50,8
"3168316",2508.82,96,8
"3168339",1204,85,7
"3168366",1204,50,5
"3168444",562.98,51,7
"3168466",1200,50,10
"31685",1128.12,106,5
"3168535",1412.89,50,13
"3168643",1204,50,12
"3168669",1204,50,7
"3168688",1204,50,6
"3168706",1204,67,7
"3168725",1204,100,7
"3168732",1204,95,6
"3168743",1204,64,7
"3168792",231.77,50,5
"3168832",72.31,76,12
"3168853",1020.52,50,5
"3168879",1688.17,95,5
"3168887",1204,50,9
"3168889",1204,57,6
"3168941",15000,106,5
"3168999",642.85,50,6
"3169003",1204,90,7
"3169022",7019.5,60,5
"3169069",2931.16,60,6
"3169253",146.7,50,4
"3169266",1204,62,6
"3169291",2142.7,51,6
"3169300",2940.3,95,5
"3169334",440,50,8
"3169360",476.63,54,7
"3169369",632.63,90,5
"3169378",2412.56,100,5
"3169406",1204,50,4
"3169422",574.37,57,7
"3169480",78.07,50,6
"3169496",1204,125,6
"3169515",1033.74,125,5
"3169602",444.36,90,7
"3169619",1204,50,9
"3169634",1204,90,7
"3169644",1204,63,4
"3169649",1204,50,5
"3169705",1345,90,5
"3169771",395.88,50,7
"3169777",1204,50,5
"3169786",779.13,50,15
"3169832",722.92,50,7
"3169844",76.01,50,11
"3169852",67.35,54,15
"3169859",687.45,50,10
"3169868",1204,50,8
"3169889",1204,50,6
"3169905",1204,100,7
"3169906",431.4,76,5
"3169908",269.13,68,14
"3169929",1204,100,5
"3169934",1204,62,7
"3169962",1204,58,6
"3170065",456.08,76,6
"3170134",298.21,50,11
"3170161",54.59,57,7
"3170165",1134.08,51,8
"3170168",4173.36,50,7
"3170193",1204,68,5
"3170199",1204,50,6
"3170363",1204,95,8
"3170389",1204,100,6
"3170448",1204,100,6
"3170490",1204,50,5
"3170501",1204,90,7
"3170574",779.2,69,9
"3170582",1218,85,10
"3170589",288.38,95,5
"3170592",1204,51,6
"3170601",1681.26,60,10
"3170628",78.16,90,9
"3170629",2408,100,6
"3170659",221.38,54,6
"3170663",3638.91,50,4
"3170681",2540.27,100,5
"3170716",1740,50,6
"3170727",1204,62,5
"3170743",1204,106,8
"3170779",1204,95,5
"3170843",2408,125,5
"3170850",1204,78,7
"3170902",684.39,50,7
"3170914",1204,50,7
"3170935",2102,95,5
"3171013",1204,62,7
"3171039",602,72,6
"3171056",121.33,72,7
"3171099",1204,62,12
"3171108",1259.62,50,6
"3171143",1204,54,5
"3171150",1204,100,6
"3171157",237.17,50,9
"3171159",1204,62,7
"3171164",85,100,9
"3171173",1204,100,6
"3171176",602,100,6
"3171186",35.46,50,6
"3171200",148.49,100,7
"3171204",2544.59,100,7
"3171207",1204,59,4
"3171209",72.01,100,4
"3171248",3095,100,7
"3171307",1583.3,100,6
"3171322",7972.64,60,10
"3171426",2855.26,50,7
"3171428",1884.36,100,5
"3171443",640.13,100,7
"3171445",602,68,6
"3171456",1204,80,5
"3171467",1204,85,7
"3171546",1204,85,6
"3171558",1204,50,9
"3171563",2346.66,100,5
"3171574",2408,156,8
"3171642",1204,58,5
"3171648",1008.49,100,6
"3171655",602,64,14
"3171664",3678.28,100,6
"3171686",2915.63,118,6
"3171691",1204,80,6
"3171692",801.17,90,6
"3171703",3686.04,100,8
"3171718",1204,115,5
"3171728",74.12,50,7
"3171778",2408,95,6
"3171791",1408.38,100,10
"3171887",1204,62,6
"3171909",247.15,76,5
"3171914",1204,50,6
"3171920",1451.35,76,4
"3171929",1204,62,8
"3171952",2204,50,5
"3171958",446.25,50,7
"3171966",4927.79,56,7
"3171977",1204,50,6
"3172004",3134.41,100,9
"3172027",877.95,50,6
"3172099",762.13,125,4
"3172117",598.63,50,7
"3172124",341.18,100,9
"3172129",1204,50,5
"3172150",127,68,4
"3172153",1204,75,8
"3172166",1849.81,50,7
"3172192",1229.64,68,6
"3172193",1204,50,6
"3172198",1000,67,6
"3172227",3000,51,13
"3172233",857.51,80,5
"3172241",1204,50,6
"3172310",100.28,50,7
"3172354",1204,50,11
"3172356",1204,58,6
"3172388",1204,118,6
"3172390",1204,68,6
"3172392",7492,50,8
"3172395",1440.18,95,9
"3172406",1204,85,4
"3172418",602,50,6
"3172454",602,62,11
"3172489",1032.22,50,6
"3172495",1204,50,8
"3172499",810.23,100,5
"3172507",1204,69,6
"3172552",1204,125,6
"3172554",1291.85,100,4
"3172564",1389,100,7
"3172585",13658.94,100,6
"3172589",1204,50,7
"3172617",2566.27,50,6
"3172632",760.88,64,5
"3172670",281.27,112,6
"3172673",1204,50,8
"3172695",29862.7,156,4
"3172741",574.31,112,6
"3172768",2704,50,6
"3172790",1282.16,100,13
"3172846",182500,72,10
"3172881",107.92,50,5
"3172883",1204,64,10
"3172934",1204,62,8
"3172942",1204,50,6
"3172978",77.99,68,4
"3173071",74.3,95,4
"3173094",70.2,60,8
"3173181",1456.03,68,7
"3173203",10443.77,50,7
"3173224",2227.75,50,4
"3173227",1204,85,10
"3173272",764.88,54,6
"3173331",281.64,68,11
"3173341",76,50,5
"3173365",1228.1,100,10
"3173373",357.81,100,7
"3173391",1204,68,15
"3173453",1204,58,8
"3173540",1204,100,6
"3173566",1204,100,10
"3173609",201.81,50,4
"3173613",1697,57,7
"3173632",3704,50,4
"3173708",1204,80,6
"3173719",1204,80,4
"3173760",105.88,76,6
"3173816",2985.5,95,5
"3173849",1304.13,50,4
"3173855",5898.44,76,7
"3173886",1204,50,7
"3173988",1204,90,11
"3174050",1204,90,4
"3174076",595.98,100,4
"3174093",1260.6,95,6
"3174112",1204,51,9
"3174123",1204,125,10
"3174144",27.09,50,8
"3174145",68.03,85,5
"3174146",236.37,85,5
"3174198",1204,50,4
"3174248",1204,50,4
"3174348",2409.36,80,7
"3174369",2660.73,100,5
"3174433",1204,100,5
"3174453",347.39,95,14
"3174470",1204,50,6
"3174485",3.29,95,15
"3174516",1204,90,4
"3174540",2834.64,95,7
"3174620",1129.37,50,12
"3174636",3750.13,50,7
"3174646",2408,62,4
"3174654",307.14,76,5
"3174720",1204,80,6
"3174729",1204,50,7
"3174755",1204,50,4
"3174769",54.45,68,6
"3174779",1204,112,8
"3174811",334.82,50,9
"3174819",436.52,74,5
"3174825",98.41,100,7
"3174827",1204,80,4
"3174828",1063.9,64,5
"3174847",243.98,68,6
"3174935",1204,50,6
"3174945",1204,62,6
"3174950",3715.92,54,7
"3174953",1204,77,8
"3175009",1204,50,5
"3175033",827.63,62,4
"3175080",4160.4,51,5
"3175120",397.81,51,7
"3175158",99.07,60,6
"3175182",1204,50,7
"31752",1199.39,56,7
"3175227",659.49,53,10
"3175232",2191.87,100,9
"3175286",3204,95,7
"31753",1128.12,87,9
"3175320",1204,50,8
"3175369",1204,89,5
"3175372",58.59,100,7
"3175380",16204,100,4
"3175416",136.79,95,7
"3175422",602,100,8
"3175423",58.22,100,6
"3175461",1204,118,10
"3175508",1204,50,5
"3175599",1204,50,7
"3175644",2474.84,50,6
"3175671",1204,50,5
"3175728",1204,68,6
"3175758",1204,50,6
"3175772",380.51,50,4
"3175781",4551.58,50,5
"3175875",1204,50,7
"3175897",1204,50,6
"3175911",881.95,50,7
"3175947",1204,50,6
"3176164",1687.42,50,5
"3176302",1204,50,6
"3176327",1204,50,6
"3176404",76.01,50,5
"3176420",1204,61,6
"3176501",57.77,50,4
"3176537",620.74,72,6
"3176548",1204,58,9
"3176559",319.88,50,6
"3176591",1204,50,4
"3176684",1204,77,5
"3176821",1204,50,6
"3176876",1204,65,13
"3176881",1884.57,73,6
"3176953",1204,50,7
"3176984",393.75,50,5
"3177055",1204,66,4
"3177106",6204,50,7
"3177208",1825.18,50,7
"3177234",1204,50,8
"3177343",1204,50,5
"31774",531.32,76,7
"3177422",1204,50,4
"3177552",1204,50,6
"3177599",1204,50,6
"3177813",4513.77,50,5
"3177863",1204,50,5
"3177873",2068,50,4
"3177900",254.06,50,4
"3177946",1204,50,6
"3177954",99.51,50,6
"3178001",362.56,50,6
"3178090",708.71,50,6
"3178102",1667.26,51,6
"3178245",1516.03,50,7
"3178277",1204,50,9
"3178304",1284.46,50,6
"3178408",284.6,77,6
"3178524",3701.84,50,5
"3178595",300,50,6
"3178606",2019.29,59,4
"3178613",2408,73,9
"3178622",1204,50,5
"3178715",1204,50,4
"3178726",1297.68,50,9
"3178786",1204,50,8
"3178798",1204,50,7
"3178909",1204,50,6
"3178913",1204,50,5
"3178966",3204,50,7
"3179075",425.57,50,6
"3179116",1204,50,6
"3179226",1204,50,7
"3179306",1296.15,72,7
"3179321",18825.38,50,4
"3179345",4627.72,50,6
"3179385",602,65,6
"3179586",1204,100,5
"3179699",1204,50,7
"3179711",1204,50,7
"3179825",331.49,50,5
"3179837",1204,50,5
"3179883",1204,50,8
"3179957",1204,50,6
"3180020",232.93,50,6
"3180096",1204,50,6
"3180228",1204,50,6
"3180557",3204,50,6
"3180661",166.73,80,4
"3180735",1156.45,56,6
"3180805",232.89,50,5
"3180846",1204,58,4
"3180942",1204,50,9
"3181037",1204,62,7
"3181056",1204,50,5
"3181130",1204,50,6
"3181172",1204,50,6
"3181284",2408,62,4
"3181411",1204,50,7
"3181647",458.4,62,7
"3181653",78.16,50,7
"31817",564.06,50,4
"3181890",1204,50,6
"3181926",17204,50,4
"3181936",1204,50,7
"3181953",602,67,6
"3181979",11213.52,52,6
"3182031",370,50,9
"3182051",420.08,50,4
"3182062",1204,50,6
"3182194",1204,51,4
"31822",1128.12,80,5
"3182210",1204,50,6
"3182300",3050.81,65,4
"3182351",1277.11,50,5
"3182419",62.01,50,8
"3182466",4204,63,5
"3182511",57.51,50,7
"3182695",2204,60,9
"3182720",1204,64,7
"3182765",957.88,50,11
"3182801",1204,50,6
"3182818",1204,50,9
"3182850",225.32,58,14
"3182956",2850.94,50,5
"3183149",2036.52,50,5
"3183194",327.63,54,7
"3183249",76.01,52,7
"3183299",1204,62,4
"3183327",14000,50,6
"3183389",1204,57,7
"3183462",1204,50,4
"3183519",1204,62,5
"3183670",711.21,50,7
"3183859",1204,75,7
"3183934",1102,59,7
"3184009",78.16,50,11
"3184040",101.48,63,5
"3184074",602,53,6
"3184228",47.96,50,8
"3184303",263.83,58,5
"3184325",1204,58,7
"3184413",1204,58,7
"3184530",1204,67,5
"3184558",1204,70,11
"3184606",1204,82,5
"3184735",1204,118,6
"3184759",334.24,50,6
"3184764",1204,50,7
"3184773",1247.88,50,6
"3184785",1204,50,5
"3184811",1765.08,50,4
"3184911",98.51,50,5
"3184963",76,60,4
"3184965",15.71,50,8
"3185006",1204,58,5
"3185075",1204,63,5
"3185084",1204,50,5
"3185101",838.45,69,4
"3185104",1204,90,7
"3185209",1204,58,6
"3185287",2107.38,57,7
"3185372",362.49,51,4
"3185403",29.79,50,9
"3185416",1204,50,4
"3185427",824.91,50,4
"3185479",7403.37,58,4
"3185483",544.93,50,8
"3185572",50842.78,76,4
"3185591",1204,50,11
"3185595",1307.37,50,7
"3185718",171.97,50,5
"3185727",92.45,50,6
"3185876",1204,50,6
"3185901",118.2,51,6
"3185922",1968.99,90,4
"3185937",602,102,8
"3185976",2030.68,64,10
"3185985",1204,62,7
"3186136",4141.86,50,6
"3186268",495.54,50,7
"3186271",55152.45,75,12
"3186312",1204,55,6
"3186330",1347.04,62,8
"3186332",196.2,50,6
"3186368",2622.67,50,7
"3186413",1266.04,59,4
"3186468",256.22,67,12
"3186621",1204,75,6
"3186671",231.93,50,7
"3186703",3.02,50,7
"3186712",515.2,50,4
"3186715",585.11,50,6
"3186724",1204,50,5
"3186827",239.67,50,6
"3186904",848.03,50,9
"3186992",1204,50,8
"3187004",1204,50,6
"3187062",1204,50,6
"3187092",743.73,50,7
"3187132",452.79,50,5
"3187176",2356.13,76,7
"3187185",2821.66,76,6
"3187202",2486.73,62,6
"3187317",3609.31,76,7
"3187448",1204,125,6
"3187476",76.01,55,6
"3187496",2205.71,50,5
"3187544",347.78,50,6
"3187655",2064.66,51,5
"3187657",487.07,50,5
"31877",1128.12,54,5
"3187719",4784.37,50,13
"3187784",210.15,50,4
"31878",1128.12,74,7
"3187931",1204,50,5
"3188016",1204,62,5
"3188053",1204,73,6
"3188077",84.93,50,11
"3188174",433.65,50,7
"3188251",4980.45,90,6
"3188412",1204,71,7
"3188416",2351.17,50,4
"3188433",7.57,50,4
"3188436",1204,100,5
"3188608",74.98,60,4
"3188751",2152.38,50,6
"3188812",1204,50,5
"3188822",1204,50,6
"3188915",1204,50,8
"3188997",1204,71,10
"3189005",1204,50,6
"3189107",1204,76,7
"3189115",1204,62,6
"3189141",1204,53,6
"3189217",1204,62,6
"3189227",76.54,50,5
"3189229",879.77,62,6
"3189260",3384.54,50,6
"3189421",1204,50,5
"3189447",602.59,50,10
"3189576",602,50,15
"3189642",1204,80,9
"3189913",1204,50,10
"3189928",1204,68,10
"3189935",602,56,7
"3189976",734.07,50,7
"3190246",1204,50,9
"3190345",2602,57,6
"3190360",1297.18,58,7
"3190380",1204,50,7
"3190439",886.13,50,4
"3190577",602,56,5
"3190606",1204,58,5
"3190616",1204,50,6
"3190653",1204,71,7
"3190674",1891.24,83,6
"3190733",2471.23,50,10
"3190801",4377.79,51,7
"3190840",1204,59,6
"3190866",2544.98,51,7
"3190979",1204,62,6
"3191162",2871.68,50,5
"3191164",1204,50,4
"3191176",1344.55,63,4
"3191195",2755.05,51,9
"3191435",4536.1,50,7
"3191547",1204,50,6
"3191550",1204,62,7
"3191560",1204,60,9
"3191574",2516.41,73,5
"3191599",1204,50,4
"3191712",1.59,50,6
"3191858",1204,90,5
"3191922",496.35,50,5
"3192012",1204,50,7
"3192080",1204,50,6
"3192142",384.25,50,4
"3192157",3904,50,4
"3192370",1204,85,6
"3192498",1204,50,7
"3192536",292.58,50,4
"3192617",1204,50,7
"3192629",1000,76,6
"3192671",1204,50,8
"3192731",1204,77,8
"3192781",1152.7,50,4
"3192801",1204,62,8
"3192808",742.31,50,5
"3192812",1204,50,8
"3192892",1204,58,10
"3192906",171.01,57,4
"3192975",1204,73,8
"3193025",1348,57,11
"3193203",1204,58,5
"3193217",1204,85,5
"3193226",1122.92,50,7
"3193274",4140.5,50,5
"3193295",29.83,50,7
"3193304",1693.82,57,6
"3193366",1204,118,6
"3193417",1204,50,6
"3193511",1204,58,6
"3193593",1204,71,5
"3193596",1204,50,10
"3193612",602,50,6
"3193646",1204,54,9
"3193669",1204,50,9
"3193911",1204,50,5
"3193932",68.53,50,4
"3193946",1204,50,7
"3194024",1204,71,4
"3194068",1204,58,7
"3194185",97.37,50,12
"3194226",3704,60,7
"3194285",328.1,50,4
"3194550",1204,61,7
"3194556",70.57,60,6
"3194634",602,50,6
"3194751",6437.96,57,5
"3194780",1204,76,5
"3194828",1204,50,6
"3194887",5000,64,5
"3194896",1204,62,6
"3194958",161.88,60,7
"3194991",159.98,50,5
"3195012",2054.63,50,5
"3195025",1204,67,5
"3195117",1204,51,10
"3195166",70.56,59,5
"3195175",3714.98,51,4
"3195224",1204,50,8
"3195304",1204,50,11
"3195305",3750,62,11
"3195431",806.4,50,8
"3195631",9785.67,50,9
"3195647",2258.02,50,11
"3195721",1019.38,51,6
"3195863",1204,75,4
"3195871",1171.6,56,5
"3195884",1204,125,4
"3196073",288.3,50,12
"3196086",1204,75,4
"3196096",602,50,7
"3196129",1204,50,6
"3196173",179.87,50,7
"3196288",228.61,50,4
"3196299",1204,72,5
"3196361",1204,50,7
"3196424",1204,50,6
"3196526",62.95,50,6
"3196552",1204,95,10
"31966",1128.12,148,8
"3196600",4503.68,50,9
"3196686",1204,50,9
"3196701",1204,61,7
"3196736",186584.15,72,4
"3196785",1204,62,4
"3196833",4575.23,50,6
"3196888",1204,50,7
"3196904",2408,62,4
"3197047",698.21,148,4
"3197171",1204,76,7
"3197371",218.79,50,5
"3197413",4204,50,5
"3197543",3300,50,8
"3197618",1204,62,7
"3197639",902.57,55,6
"3197828",453.64,50,7
"3197863",1204,62,6
"3197890",3941.23,65,9
"3197932",586.46,51,10
"3198001",5331.64,50,5
"3198103",1204,64,4
"3198104",1204,100,4
"3198203",1204,80,5
"3198289",2408,50,9
"3198363",1204,50,7
"3198375",527.9,50,8
"3198561",1204,75,5
"3198712",1204,50,7
"3198735",1204,62,9
"3198774",1204,95,6
"3198798",1204,50,9
"3198918",1204,50,10
"3198944",91.59,50,9
"3198960",2466.98,50,5
"3199013",9632.47,50,5
"3199028",886.71,72,10
"3199033",103.41,90,5
"3199052",200,50,4
"3199056",1204,50,5
"3199071",1214.52,64,7
"3199118",477,125,7
"3199152",88.15,50,6
"3199159",147.63,50,5
"3199177",1204,63,7
"3199184",74.51,50,5
"3199227",336.41,50,7
"3199252",4211.63,51,6
"3199270",1204,50,4
"3199298",1204,58,7
"3199387",1204,50,4
"3199409",1204,75,6
"3199472",1204,76,6
"3199773",638.22,57,6
"3199843",1204,50,4
"3199884",1204,50,5
"3199956",1204,58,6
"3200097",347.3,50,6
"3200103",1204,50,7
"3200141",1204,50,4
"3200185",1204,72,7
"3200307",1204,69,5
"3200510",1204,85,4
"3200641",101.66,50,4
"3200672",3204,62,7
"3200683",543.49,50,7
"3200905",1204,50,4
"3200918",1204,71,6
"3200955",1688.7,50,7
"3201061",1204,62,7
"3201081",145.72,50,7
"3201095",698.67,50,8
"3201098",217.92,60,7
"3201174",1204,58,6
"3201248",1204,62,6
"3201273",1204,50,10
"3201415",1304,50,5
"3201448",1204,58,6
"3201678",602,50,6
"3201732",1204,67,4
"3201744",1204,63,4
"3201791",4204,63,5
"32018",39,50,4
"3201803",5619.24,68,4
"3202078",2000,54,6
"3202160",823.81,54,14
"3202285",1741.11,147,9
"3202370",1204,71,5
"3202505",222.96,50,7
"3202551",1204,62,9
"3202784",1204,50,7
"3202856",1204,76,7
"3202865",262.09,50,7
"3202870",2896.41,88,6
"3202992",1204,50,7
"3203067",44.11,50,8
"3203110",162.86,50,5
"3203127",1204,50,7
"3203151",1204,82,5
"3203195",1204,85,5
"3203350",92,68,4
"3203392",2255.13,77,5
"3203410",80,51,6
"3203424",1405.48,50,4
"3203536",688.82,53,7
"3203551",1204,67,6
"3203574",1204,50,5
"3203722",357.84,50,6
"3203773",1204,58,5
"3203888",2980.5,50,6
"3203891",602,50,6
"32039",1087.56,71,6
"3203991",1204,58,8
"3204184",1204,50,4
"3204253",1204,58,11
"3204359",1204,50,6
"3204385",82.52,50,5
"3204389",15082.05,85,7
"3204395",4656.42,50,4
"3204473",1204,95,8
"3204475",1204,62,5
"3204478",3582.79,85,6
"3204480",1204,77,8
"3204503",825.66,80,6
"3204517",70.61,50,14
"3204758",1204,68,5
"3204788",1204,50,4
"3204808",1204,50,6
"3204919",1977.05,51,6
"3204947",1204,62,11
"3205073",1204,50,7
"3205189",1275.76,50,7
"3205260",1204,50,10
"3205262",1204,75,5
"3205400",598.53,50,7
"3205529",1204,50,7
"3205543",4370.12,50,9
"3205778",1204,71,12
"3205844",1204,85,5
"3205861",1204,68,4
"3205920",2472.44,52,7
"3205942",1204,54,9
"3205969",1204,62,6
"3205989",92.63,51,11
"3206011",1204,67,5
"3206019",1204,63,6
"3206167",1204,57,9
"3206255",224.09,79,6
"3206321",1204,50,6
"3206481",1204,50,4
"3206696",123.69,57,5
"3206821",76.01,50,13
"3206871",179.74,50,8
"3206916",1204,50,5
"3206942",333.31,50,6
"3206987",602,50,7
"3207021",1204,50,11
"3207079",5109.34,50,11
"3207092",900.6,50,5
"3207171",1000,50,7
"3207217",1204,50,7
"3207285",9.9,64,5
"3207290",1204,50,7
"3207293",2701.96,50,6
"3207357",14064,67,5
"3207367",119.93,59,6
"3207369",1204,50,5
"3207407",725.78,85,5
"3207426",104.26,60,4
"3207521",1291.39,50,7
"3207523",4368.97,50,7
"3207573",1204,62,6
"3207588",421.95,50,6
"3207757",1204,63,7
"3207780",1297.84,50,7
"3207789",1204,50,7
"3207828",1204,58,10
"3207847",1720.18,50,6
"3207865",1204,50,4
"3207905",668.84,50,7
"3207949",2811.75,50,6
"3208000",1204,58,6
"3208013",1204,73,10
"3208082",1204,50,6
"3208153",32288.28,90,5
"3208265",2085.03,50,14
"3208396",1204,50,7
"3208411",80.51,54,6
"3208467",483.83,50,5
"3208525",2000,53,5
"3208601",1204,50,4
"3208643",1204,50,7
"3208676",1122.89,74,4
"3208717",1204,50,4
"3208796",1204,50,4
"3208865",1204,65,5
"3208878",1925.2,55,5
"3208889",1204,62,6
"3208913",1204,62,6
"3208993",1204,106,15
"3209050",1204,50,7
"3209111",604.11,50,4
"3209212",1204,88,6
"3209397",1204,50,11
"3209423",375.11,50,7
"3209467",1204,50,6
"3209483",2251.95,50,7
"3209507",1204,58,5
"32096",1077.15,72,5
"3209654",55.96,50,8
"3209754",1298.95,50,12
"3209848",24.95,50,6
"3209938",1101,68,10
"3210017",1806,50,12
"3210032",1204,71,7
"3210073",177.9,58,6
"3210128",47.83,68,12
"3210173",1204,50,4
"3210290",3881.82,50,6
"3210490",121.68,50,4
"3210515",51.66,50,13
"3210520",263.98,50,4
"3210575",1204,50,5
"3210674",1204,62,4
"3210775",712.24,50,4
"3210802",1204,50,6
"3210888",2704,50,6
"3210942",1204,50,4
"3211010",8843.25,52,13
"3211091",1204,61,6
"3211100",1500,59,7
"3211111",1204,95,6
"3211177",1204,62,5
"3211248",1204,58,5
"3211271",1204,55,5
"3211305",1247.15,50,4
"3211319",1204,62,6
"3211384",2408.93,50,6
"3211404",838.86,50,5
"3211415",166.63,50,7
"3211423",4073.1,50,6
"3211454",1204,100,6
"3211462",200,54,6
"3211514",1204,50,5
"3211608",92.99,58,6
"3211645",84.82,62,6
"3211704",1204,106,5
"3211757",1204,65,4
"3211819",16.49,57,4
"3211823",1294.89,75,7
"3211980",76.6,50,9
"3212082",5548.82,118,5
"3212149",505.88,58,8
"3212228",1528.1,62,6
"3212273",1204,50,5
"3212303",1694.07,50,7
"3212346",6591.34,50,11
"3212360",1204,72,7
"3212370",1204,85,6
"3212413",1204,77,9
"3212436",77.11,50,8
"3212566",1204,50,12
"3212577",1204,100,7
"3212687",1204,62,11
"3212713",1204,58,13
"3212767",1204,68,11
"3212779",1269.6,62,11
"3212785",1204,62,4
"3212805",1204,50,4
"3212834",1204,100,4
"3212866",2972.38,50,12
"3212901",1204,58,10
"3212917",584.94,72,5
"3212967",853.08,95,4
"3212975",1204,62,7
"3212989",1204,72,7
"3213031",1204,100,4
"3213050",642.64,50,5
"3213057",1426.68,62,4
"3213058",602,51,4
"3213068",1204,57,6
"3213072",1204,50,8
"3213087",1204,133,7
"3213099",204.51,50,4
"3213116",77.99,112,7
"3213155",1204,50,7
"3213163",2059.35,50,6
"3213220",97.38,50,12
"3213232",1204,58,10
"3213235",1204,85,6
"3213260",4000,90,8
"3213274",2140.1,50,4
"3213277",834.38,60,8
"3213288",1204,125,4
"32133",153.83,68,6
"3213309",1204,100,5
"3213370",195.2,62,11
"3213392",1584.04,50,6
"3213398",1204,50,9
"3213399",823.45,72,10
"3213447",602,60,7
"3213471",79.29,50,6
"3213481",2408,62,6
"32135",3230.1,77,7
"3213538",1204,62,7
"3213541",1204,72,10
"3213556",2204,58,5
"3213634",1204,83,8
"3213659",1204,62,7
"32162",1128.12,54,7
"32187",1128.12,95,6
"3227",984.07,50,6
"32300",373.36,50,6
"3231887",74.75,50,5
"3231890",117.21,50,5
"3232196",1228.82,80,7
"3232339",81.33,50,7
"3232434",1587.5,50,7
"3232649",1792.63,50,6
"3232671",1500,54,6
"3232723",294.22,50,9
"3232724",1272.3,50,6
"3232743",2300,68,6
"3232763",8614.58,60,5
"3232945",2331.35,50,4
"3233023",3500,50,6
"3233041",1434.4,112,6
"3233165",2996.08,50,6
"3233250",823.98,50,7
"3233284",2476.58,73,5
"3233299",573.53,50,7
"3233412",3000,50,11
"3233463",3125.58,50,4
"3233548",999.29,50,7
"3233595",679.65,68,8
"3233780",761.4,50,6
"3233781",71.64,70,5
"3233907",385.83,50,7
"3234042",3000,50,6
"3234075",10000,60,5
"3234076",778.24,80,11
"3234111",245,57,6
"3234112",5000,76,5
"3234118",1092,64,7
"3234212",1884,50,7
"3234240",1098.71,50,8
"3234303",8889.74,50,8
"3234320",492.16,125,5
"3234374",75000,76,6
"3234430",3063.69,58,12
"3235114",3377.5,50,7
"3235480",5000,85,7
"3236184",738.79,50,5
"3236256",2568.97,50,7
"3236573",1452.14,60,4
"3236674",1100.04,77,6
"3236737",978.39,68,6
"3236758",5000,72,10
"3236801",1160.5,68,6
"3236899",314.4,57,6
"3236906",1863.11,57,5
"3236913",1624.35,72,7
"3237013",80.82,50,4
"3237317",2979.01,50,7
"3237335",949.66,50,5
"3237858",172.22,85,6
"3238246",1428.55,72,4
"3238258",369.84,50,7
"3238431",781.99,72,5
"3238741",281.37,88,11
"3238750",593.6,72,5
"3238787",686.48,50,6
"3238790",459.12,80,11
"3238840",4395.8,53,4
"3238956",738.53,51,7
"3238971",1834.9,50,5
"3239030",809.34,60,5
"3239322",789.87,50,9
"3239427",71.52,51,6
"3239489",1770.2,51,5
"3239515",706.89,50,5
"3239616",2476.62,67,6
"3239695",737.64,68,4
"3239737",192.05,72,8
"3239806",1458.72,50,5
"3239997",1103.67,76,4
"3240118",819.9,50,4
"3240130",603.7,64,5
"3240307",2510.13,80,10
"32404",1280.57,80,5
"3240432",823.21,55,8
"3240621",130.77,50,8
"3240637",2380.53,50,4
"3240659",1133.48,55,8
"3240770",1879.35,95,7
"3240849",1217.53,72,4
"3240873",1338.31,60,6
"3240904",995.75,95,5
"3240905",6688.52,85,10
"3240915",1200,50,7
"3241039",1295.01,50,5
"3241045",983.67,50,5
"3241527",4709.56,60,6
"3241619",341.52,85,7
"3241807",333.25,50,4
"3241879",5000,57,10
"3242151",685.91,50,5
"3242211",1276.93,50,6
"3242570",1778.34,50,10
"3242844",1305.24,50,4
"3242876",5372.67,50,5
"3243154",662.58,72,6
"3243371",1245.42,72,7
"3243496",628.32,50,6
"3243581",3000,59,9
"3243751",1500,106,6
"3243807",7715.19,50,7
"3243862",67,50,5
"3244179",1645.45,85,5
"3244294",2223.15,72,6
"3244934",1897.63,50,6
"3244950",1431.86,85,5
"3245252",10000,50,8
"3245348",468.52,80,6
"3245767",601.29,50,7
"3245822",1593.31,85,7
"3245998",439.99,50,6
"3246019",5000,72,5
"3246378",802.06,50,5
"3246428",134.32,50,12
"3246479",1170.56,50,7
"3246580",2056.99,50,4
"3246671",749.83,55,6
"3246843",809.3,50,5
"3247175",10000,50,9
"32472",90.27,81,6
"32473",1128.12,50,8
"3247528",2043.47,50,6
"3247664",319.49,75,7
"3247760",2843.17,50,5
"3247767",1500,90,8
"3248024",884.27,72,9
"3248324",916.21,50,6
"3248382",82.86,50,4
"3248407",1500,50,10
"3248450",792.82,68,10
"3248563",500,52,7
"3248577",3101.91,85,4
"3248661",1024.46,60,7
"32487",1128.12,50,6
"3248798",448.39,72,6
"3248832",1361.58,50,4
"3248999",6000,72,4
"3249045",1500,50,6
"3249272",1109.34,57,5
"3249362",755,50,8
"3249383",6000,50,7
"3249808",4200.08,51,9
"3250123",1020.92,90,6
"3250177",1415.42,80,5
"3250184",1728.33,61,7
"3250458",902.93,54,5
"3250462",3926.62,80,6
"3250468",179.83,76,6
"3250760",1641.1,57,8
"3250777",803.81,80,7
"3250793",1527.82,50,4
"3250818",1002.15,85,5
"3250864",363.55,50,5
"3251401",874.81,68,4
"3251500",752.11,50,4
"3251681",543.97,85,4
"3251731",756.81,50,7
"3251808",80.81,76,10
"3252244",2519.48,52,7
"3252678",2504.54,64,7
"3252687",5091.69,50,7
"3252766",1120.84,50,11
"3253029",631.27,60,5
"3253078",1824.44,50,10
"3253224",1494.25,50,10
"3253234",25684.42,50,4
"3253385",3701.49,50,8
"3253463",1058.09,68,4
"3253481",10000,106,6
"3253537",964.39,68,5
"3253667",1421.44,50,6
"3253754",2564.83,50,6
"3253795",4000,72,4
"3254084",30762.5,50,4
"3254353",17587.78,50,4
"32593",2037.72,114,7
"32603",630.46,58,7
"32619",91.71,53,10
"32686",2715.79,50,5
"32695",1128.12,50,6
"32706",309.29,50,7
"32735",8363.96,125,5
"32776",4602.32,68,9
"3280",3647.26,50,9
"32819",25.66,50,4
"32867",1163.61,95,6
"32901",1128.12,68,9
"32931",319.21,76,7
"32969",1128.12,69,5
"33001",1128.12,64,5
"33071",586.08,50,7
"33102",1128.12,62,6
"33124",335.33,95,4
"33129",1128.12,50,6
"33137",1128.12,50,6
"33157",3921.7,50,6
"33201",1303.48,69,5
"33243",1128.12,50,4
"33264",1827.99,50,9
"33268",1128.12,90,10
"33299",92.91,85,5
"33321",256.67,90,4
"33325",1128.12,95,6
"33385",1128.12,95,5
"33428",1643.48,57,5
"33431",868.93,100,6
"33470",1128.12,68,10
"33488",399.66,57,7
"3351",1183.63,50,4
"33523",1128.12,106,6
"33552",1128.12,88,7
"33589",286.51,85,5
"33602",2237.49,68,4
"3362",4166.79,80,4
"33708",913.52,50,6
"33739",1120.12,68,4
"33812",84.56,112,5
"33822",641.72,50,5
"33830",1128.12,50,5
"33834",1206.53,50,6
"33865",1128.12,50,5
"33905",1128.12,55,13
"33946",1128.12,100,9
"33982",59.61,85,4
"34000",956.6,80,10
"34039",1128.12,85,9
"3407",1096.52,50,9
"34192",1128.12,90,7
"34195",77.12,50,7
"34273",2132.54,95,4
"34286",787.17,50,6
"34367",2280.57,85,6
"34369",4644.02,85,6
"34415",1128.12,62,11
"34544",75.32,50,5
"34595",1128.12,67,6
"3468",791.78,50,10
"34713",459.14,50,7
"34719",364.81,50,6
"34720",1128.12,53,7
"34727",1745.23,50,7
"34736",1733.76,50,7
"34738",324.04,50,6
"34754",156.68,72,5
"34865",1128.12,50,6
"34932",1430.17,72,6
"34994",65.64,57,6
"35015",1863.17,64,10
"35028",1128.12,91,7
"35072",1128.12,52,5
"35084",3518.73,50,6
"35104",70.78,64,8
"35125",2723.29,50,5
"35149",1128.12,139,9
"35159",1128.12,72,4
"35195",2354.13,58,10
"35243",1372.04,112,6
"35266",98.23,64,6
"35280",12696.8,50,8
"35295",8009.82,85,7
"35297",4573.47,55,7
"35381",1128.12,58,8
"35392",1727.13,62,5
"35447",1128.12,50,5
"35452",35600.44,50,4
"35473",52.75,61,9
"35500",1128.12,50,5
"35515",1128.12,76,6
"35642",1668.01,57,9
"35648",1128.12,85,5
"35702",1128.12,62,7
"35779",1128.12,65,4
"35785",602.17,72,7
"35799",1128.12,71,7
"36008",1128.12,95,6
"36009",1128.12,139,7
"36057",1706.06,58,10
"36078",1128.12,50,5
"36083",1390.42,90,6
"36092",1128.12,125,6
"36180",1198.32,50,6
"36186",2074.64,95,6
"36195",1729.16,66,5
"36204",1128.12,76,5
"36238",1128.12,85,7
"36264",1128.12,50,4
"36271",564.06,50,5
"36350",1128.12,85,7
"36372",1128,67,5
"36447",149.72,68,5
"36457",3507.13,70,5
"36475",64.34,54,7
"36499",192.16,68,7
"36506",1128.12,50,7
"36587",1128.12,64,6
"36615",1495.88,67,7
"36617",493.97,57,6
"36763",1128.12,118,4
"36764",1520.13,118,4
"36785",129.32,125,4
"36835",1128.12,73,9
"36845",1128.12,56,10
"36870",1020.65,85,7
"36880",1128.12,76,7
"36890",1128.12,76,4
"36906",37.12,50,7
"36935",1128.12,90,6
"36945",1128.12,106,6
"36959",5742.91,105,7
"36978",1128.12,95,9
"36988",1128.12,58,7
"36997",1128.12,50,4
"36999",844.77,68,4
"37025",77.49,85,7
"37043",1128.12,50,5
"37049",1128.12,103,8
"37050",2693.32,103,8
"37237",177.38,60,6
"37253",3975.75,85,6
"37261",1128.12,62,5
"37329",4114.97,85,6
"37454",1128.12,50,7
"37478",244.49,50,5
"37509",12142.1,112,5
"37523",3052.27,50,5
"37575",1128.12,50,7
"37608",1454.08,55,5
"37627",1128.12,63,5
"37656",406.8,62,4
"37666",1128.12,50,5
"37668",2101.42,50,5
"37677",1128.12,68,5
"37715",441.8,95,7
"37727",1874.21,50,7
"37815",87.81,50,12
"37826",2256.24,90,5
"37874",167.69,50,5
"37879",263.92,80,7
"37931",1128.12,80,4
"37966",2631.73,70,6
"37998",89.03,90,7
"3801",5451.29,50,10
"38153",3715.61,50,6
"38174",1128.12,72,4
"38264",410.62,50,4
"38335",403.4,85,6
"38367",1461.34,85,9
"38369",423.01,106,9
"38412",1015.35,122,6
"38420",1128.12,50,4
"38485",508.49,50,4
"38500",2465.44,50,7
"38551",1128.12,52,6
"38634",1128.12,118,8
"38727",8348.92,50,5
"38729",1128.12,90,4
"38756",2080.35,95,8
"38789",1128.12,112,7
"38838",766.05,50,7
"38858",1128.12,76,5
"38861",507.35,50,6
"38874",478.99,57,5
"38875",1128.12,57,8
"3895",6239.07,60,7
"38963",382.13,50,5
"3897",12555.36,50,4
"38991",76.17,64,8
"39000",1128.12,76,6
"39016",579.7,50,6
"39021",1128.12,100,5
"39034",87.33,100,7
"39143",427.65,100,6
"39157",352.06,50,4
"39159",1128.12,91,6
"39161",1409.82,60,7
"39171",1128.12,75,4
"39190",6053.65,63,4
"39206",1128.12,62,4
"39219",1128.12,50,7
"39248",1128.12,50,7
"39319",1128.12,50,4
"39342",71.11,50,5
"39374",1128.12,112,4
"39391",253.11,100,7
"3940",1551.38,50,10
"39463",1242.08,50,7
"39469",1128.12,93,13
"39481",812.95,95,6
"39526",195.18,112,7
"39559",1128.12,125,4
"39597",1200.5,100,6
"39620",1128.12,50,6
"39638",1128.12,96,4
"39642",1356.79,50,6
"39732",82.23,80,5
"39739",1681.34,50,7
"39771",131.59,50,4
"39784",5086.8,50,7
"39793",1128.12,72,8
"39794",201.6,90,8
"39805",2652.61,62,11
"39819",1128.12,64,5
"39826",904.17,54,9
"39832",1055.38,50,6
"39875",1128.12,50,13
"39879",1128.12,69,7
"39941",1128.12,80,7
"39980",578.77,50,10
"39994",712.96,58,15
"4000007",1760.14,76,10
"4000054",1204,50,7
"4000169",367.18,50,9
"4000715",1204,50,7
"4000737",317.93,64,10
"4001036",1204,50,9
"40012",1128.12,58,7
"4001471",1204,50,4
"4001545",1204,80,6
"4001645",1204,50,9
"4001666",1760.14,72,8
"4001814",89.7,72,7
"4001858",2252.98,52,4
"4001920",1204,50,6
"4001936",74433.86,50,6
"4002015",1204,95,6
"4002214",556.14,50,5
"4002499",1204,50,7
"40025",1067.17,50,6
"4002501",271.94,50,7
"4002627",1204,50,10
"4002673",1204,50,5
"4002743",1760.14,72,6
"4002945",1204,50,6
"4002948",1204,50,6
"4003213",1625,50,10
"4003216",1204,50,4
"4003322",602,50,7
"4003381",1204,50,4
"4003443",1204,80,6
"4003515",1204,50,7
"4003887",77.86,85,6
"4003992",1317.59,75,7
"4004291",1204,57,5
"4004509",3555.36,50,4
"4004791",1204,50,7
"40048",2652.49,62,4
"40049",1128.12,97,5
"4004932",1760.14,50,12
"4005054",1204,50,6
"40051",1751.65,50,14
"4005177",687.96,50,5
"4005257",1204,50,11
"4005408",556.14,60,6
"4005425",5894.04,50,4
"4005526",1204,50,5
"4005758",2471.48,57,7
"4005829",1289.51,50,5
"4005990",1204,50,9
"4006048",2636.77,77,6
"4006078",1618.57,68,7
"4006130",18999.75,50,6
"4006167",1204,100,10
"4006440",1204,57,6
"4006471",1204,50,7
"4006640",1204,50,6
"4006737",8403.69,50,7
"4007156",1524.74,85,5
"4007252",1204,57,4
"4007322",99.72,58,6
"4007365",1320,50,4
"4007531",1204,55,4
"4007562",15139.64,50,5
"4007637",7576,77,5
"4007691",10479.71,50,6
"4007812",1792.58,50,7
"4007851",1204,50,7
"4007984",82.05,54,12
"4008155",1320,50,4
"4008268",33441,50,6
"4008453",1204,50,7
"4008483",1204,76,4
"4008676",1204,50,7
"4008798",556.14,50,15
"4008845",2313.98,50,5
"4008875",1204,50,5
"4009068",1204,50,7
"4009183",1204,50,12
"4009380",1204,60,4
"40095",409.15,50,5
"4009556",556.14,64,4
"4009948",1204,80,5
"4010118",3661.9,102,6
"4010176",1204,50,10
"4010201",603.7,68,7
"4010598",1670.91,85,4
"4010763",1204,50,9
"4010765",1204,50,9
"4010875",115.76,60,5
"4011016",1204,50,4
"4011154",1204,50,8
"4011408",1204,76,10
"4011494",8222.71,50,11
"4011503",1204,50,4
"4011563",1204,50,7
"4011573",2498.95,50,5
"4012173",1204,50,5
"4012232",746.65,81,10
"4012259",1396.26,75,5
"4012282",1204,78,11
"40123",1128.12,79,6
"4012303",1204,100,8
"4012465",1204,50,4
"4012477",1204,95,12
"4012525",7000,50,5
"4012530",602,50,6
"4012757",788.07,50,6
"4012789",1204,52,5
"4012804",602,50,5
"4012843",1204,72,5
"4012885",1204,50,11
"4012950",1204,80,6
"4012997",743.94,51,7
"4013072",602,50,5
"4013135",634.04,50,4
"4013136",15174.47,50,4
"4013137",1204,50,4
"4013329",1204,50,5
"4013367",556.14,53,9
"4013583",1204,50,6
"4013641",1204,67,9
"4014055",1204,50,11
"4014134",321.53,95,10
"4014282",2093.91,50,4
"4014287",1204,50,5
"4014293",405.29,90,4
"4014414",106.93,85,5
"4014458",4868.88,68,4
"4014489",1204,50,10
"4014752",1204,50,5
"4014800",1761.97,54,7
"4014913",1204,85,10
"4014983",1204,50,4
"4015141",1204,85,10
"4015206",1204,50,10
"4015219",2085.04,57,5
"4015249",1204,50,6
"4015270",1204,50,4
"4015694",602,100,11
"4015985",1204,50,10
"4015991",1204,54,5
"4016103",5368.66,50,6
"40162",74.39,58,6
"4016233",602,72,11
"4016245",1096.14,64,7
"4016346",716.14,50,10
"4016441",1204,58,4
"4016505",235.88,72,4
"4016610",1204,90,5
"4016626",347.17,50,4
"4016745",677.15,50,12
"4016840",1204,95,7
"4016845",1204,63,5
"4016873",1204,50,5
"4016974",1204,90,4
"4017211",1204,80,4
"4017256",1204,50,6
"4017287",556.14,50,6
"4017457",89.7,50,6
"4017555",556.14,63,6
"4017556",1204,50,7
"4017773",4381.17,68,7
"4017925",1204,58,7
"4018307",1204,50,9
"4018413",1204,90,4
"4018480",1204,101,10
"40185",1128.12,50,6
"4018655",1204,50,14
"4018889",1204,50,7
"4018965",509.26,106,6
"4019025",1204,50,15
"4019124",1204,50,7
"4019300",2942.12,50,7
"4019521",1204,57,6
"4019674",1204,50,10
"4019782",1204,60,10
"4020011",1204,50,4
"4020151",84.02,50,8
"4020247",1204,74,10
"4020330",819.81,50,4
"4020398",1204,50,8
"4020433",1204,50,11
"4020569",1204,50,4
"40206",2652.61,54,4
"4020653",1204,50,4
"4020812",63766.62,52,8
"4020865",1204,50,11
"4020895",602,80,4
"4021048",1204,72,4
"4021072",1204,54,6
"4021073",562,51,6
"4021192",1204,95,11
"4021200",1204,53,4
"4021448",1204,50,6
"4021617",3389.38,85,6
"4021770",1204,50,15
"4021893",1204,50,7
"4021899",716.12,100,6
"40219",1196.49,51,4
"4021946",1204,50,8
"4021985",1204,100,5
"4022086",602,50,11
"4022281",1204,85,9
"4022486",602,50,7
"4022500",1204,64,7
"4022582",602,50,5
"4022709",602,50,8
"4022797",1204,76,7
"4023129",1204,50,6
"4023379",1204,50,8
"4023587",2408,50,5
"4023632",602,50,7
"4023751",1204,62,11
"4023836",1204,53,4
"4023867",1204,50,8
"4023895",3571.97,50,10
"4024002",602,95,7
"4024119",1204,50,6
"4024225",313.21,72,6
"4024265",1563.62,50,8
"4024277",1851.11,106,4
"4024465",1888.26,64,4
"4024498",13684.7,50,11
"4024624",1204,50,5
"4024664",1204,50,7
"4024700",9802.51,50,6
"40251",1362.9,62,4
"4025167",1204,50,8
"4025474",602,50,6
"4025508",1204,50,8
"4025543",1561.53,63,4
"4025668",1204,50,8
"4025894",1278.7,100,6
"4026049",1204,50,8
"4026112",688.57,90,7
"4026255",1204,50,4
"4026451",1204,50,5
"4026476",1204,50,8
"4026763",602,50,5
"4026812",1204,50,7
"4026938",465.61,50,5
"4027115",1204,80,5
"4027144",1204,50,6
"4027166",1204,60,4
"4027334",1204,50,4
"4027377",1204,50,8
"4027388",602,50,4
"4027409",6002.53,90,5
"4027465",1204,50,10
"4027482",602,50,4
"4027509",5287.86,50,5
"4027631",1204,85,4
"4027728",1204,55,6
"4027806",1204,50,5
"4027811",1204,50,7
"4027973",1204,50,4
"4028011",235.88,50,8
"4028135",1204,50,10
"4028558",1204,56,12
"4028647",1204,50,8
"4028709",1573.56,50,8
"4028796",1204,50,7
"40288",6530.45,64,9
"4028946",1204,80,5
"4028984",1204,90,5
"4029219",660,90,4
"4029297",1204,50,4
"4029468",7384.17,100,4
"4029815",1204,50,8
"4029925",1204,50,5
"4029926",1204,80,4
"4030042",1204,50,8
"4030586",1204,60,5
"4030689",602,51,8
"4030710",13320.18,76,12
"4030922",2117.25,76,5
"4030961",1204,60,7
"4031192",89,80,7
"4031288",556.14,57,7
"4031339",82.05,61,4
"4031343",381.27,54,4
"4031365",1204,85,5
"4031494",5668.81,85,4
"4031511",556.14,50,7
"4031699",1204,50,12
"4031776",556.14,50,6
"4031845",1876.14,71,8
"4031879",1204,50,11
"4031948",1204,90,5
"4032095",1343.35,50,10
"4032351",1204,50,8
"4032402",1204,50,6
"4032412",1204,80,4
"4032500",1204,66,4
"4032652",643,80,7
"4032668",1760.14,80,7
"4032806",1204,50,7
"4032858",1204,50,10
"4032898",1204,50,4
"4033152",1204,89,4
"4033207",1204,67,6
"4033289",1204,72,5
"4033388",556.14,50,4
"4033416",1204,50,7
"4033498",1204,50,5
"4033529",1204,60,4
"4033625",602,72,7
"4033751",1204,60,6
"4033849",1204,50,5
"40339",642.29,50,6
"4033982",1204,84,11
"40341",1128.12,54,6
"4034182",602,50,7
"4034443",1204,55,8
"4034583",556.14,76,8
"40346",2683.69,68,6
"4034634",1204,50,11
"4034646",1204,64,6
"4034763",1204,67,4
"4034999",1153.88,50,10
"4035072",452.83,80,7
"4035087",1204,76,4
"40351",2386.66,50,7
"4035105",554.02,50,8
"4035465",1204,65,7
"4035478",1204,63,4
"4035544",1204,54,6
"4035700",5458.09,50,6
"4035826",1204,50,6
"4035876",1204,64,5
"4035879",1306.2,50,9
"4035927",833.16,76,5
"4036093",1204,95,5
"4036118",6403.42,95,4
"4036173",1204,92,10
"4036226",1204,50,4
"4036359",1204,50,7
"4036399",1204,50,5
"4036493",32634.49,50,7
"4036619",1204,50,4
"40367",1128.12,90,4
"4036712",1158.09,57,7
"4036722",1204,64,12
"4037080",1204,50,7
"4037114",1204,72,11
"4037180",2481.43,54,4
"4037199",2408,50,8
"4037267",1304,62,6
"4037412",1204,51,4
"4037514",61469,50,8
"4037670",556.14,51,11
"4037719",1204,50,12
"4037800",1204,57,6
"4037946",2039.07,105,6
"4038027",1204,64,10
"4038081",1204,50,11
"4038290",1204,50,11
"40383",328.06,85,4
"4038303",8330.25,80,11
"4038398",1204,50,4
"4038839",602,50,11
"40389",692.75,100,6
"4038917",77.2,85,7
"4039077",1204,89,4
"4039127",1204,85,4
"4039201",1204,80,8
"4039304",1204,50,4
"4039366",356.47,106,4
"4039520",348.78,50,4
"4039644",1204,50,4
"4039674",1204,50,12
"4039801",1204,50,12
"4039808",1204,50,11
"4039840",36397.25,54,7
"4039859",1204,50,10
"4040017",1204,50,10
"4040034",750,50,10
"4040037",1204,50,10
"4040097",6405.44,50,4
"4040157",1881.51,95,10
"4040328",1204,50,4
"4040374",1204,50,4
"4040499",774.16,50,8
"4040516",1760.14,80,4
"4040544",556.14,50,11
"4040576",2459.43,50,4
"4040775",1204,50,5
"4040803",1204,50,8
"4040835",1204,50,4
"4040891",1204,85,4
"4040912",1204,67,8
"4040919",1760.14,100,4
"4041055",2408,64,7
"4041088",1760.14,100,11
"4041089",1204,95,11
"4041112",1204,54,10
"4041173",2779.12,50,8
"4041195",1204,68,8
"40412",1128.12,100,4
"4041260",1204,90,7
"40413",1128.12,71,10
"4041419",7000,50,7
"4041563",556.14,100,7
"4041620",1204,50,7
"4041656",1204,64,7
"4041681",1204,57,5
"4041686",86.09,60,7
"4041871",1204,72,6
"4041886",2408,50,8
"4041962",1204,50,8
"4042068",6364.14,50,10
"4042123",1204,50,7
"4042363",1204,58,7
"4042460",1204,50,5
"4042480",1204,100,4
"4042546",42.99,72,4
"4042560",1204,50,8
"4042588",80.1,50,4
"4042589",1319.4,50,4
"4042619",1204,58,6
"4042701",4867.27,50,4
"4042872",120.99,72,7
"4042950",464.82,72,8
"4042992",2735.14,64,6
"4042999",1204,50,11
"4043065",1204,51,5
"4043217",518.03,64,9
"4043252",6332.77,50,7
"4043263",8233.41,50,8
"40434",1128.12,50,5
"4043504",2212.04,50,6
"4043603",1204,51,12
"4043716",1204,50,4
"4043843",1204,50,7
"4044025",1204,50,9
"4044346",210.5,90,5
"4044428",1204,64,8
"4044566",1820.4,50,6
"4044642",1204,62,7
"4044709",1204,100,7
"4044746",1204,60,8
"4044811",700,67,8
"4044868",1204,71,8
"4044936",1204,50,8
"4044981",2408,85,8
"4045036",1204,60,7
"4045094",1204,57,5
"4045102",1204,50,10
"4045181",1204,80,5
"4045312",1343.2,80,5
"4045366",1971.7,50,8
"4045537",556.14,85,9
"4045538",556.14,85,10
"4045700",1204,50,8
"4045725",747,68,5
"4045868",16129.91,64,8
"4045884",1204,50,5
"4045936",747,50,6
"4046150",927.73,50,5
"4046192",26229.46,50,6
"4046424",1204,50,12
"4046534",553.82,51,4
"4046543",607.64,100,4
"4046596",1204,50,10
"4046864",5537.37,50,6
"4046900",1204,112,7
"4046903",1284.81,80,5
"4046981",1204,50,8
"4047026",602,100,4
"4047043",1204,50,15
"4047174",1286.05,100,5
"4047181",1204,50,10
"4047357",1204,50,4
"4047363",1204,64,11
"4047399",556.14,50,9
"4047401",800,50,4
"4047404",1204,67,7
"4047444",1204,80,7
"4047489",1204,64,4
"4047516",1204,50,5
"4047612",1887.78,80,4
"4047719",1204,50,8
"4047731",1204,50,7
"4047821",1204,100,5
"4047920",1204,50,6
"4047952",2641.08,72,6
"4048115",1204,50,10
"4048199",556.14,50,7
"4048201",4301.07,50,6
"4048384",1204,72,8
"4048632",6805.57,85,7
"4049000",2408,72,4
"4049217",23486.3,50,7
"4049331",1204,76,6
"4049446",1204,50,10
"4049776",1204,76,4
"4049865",76.54,68,6
"4049882",388.4,80,7
"4050049",1204,90,6
"4050247",602,50,4
"4050259",1204,72,7
"4050469",2162.53,50,7
"4050511",4363.49,95,7
"4050682",602,50,8
"4050709",1204,50,5
"4050770",1204,106,7
"4050789",1204,50,4
"4050810",602,50,7
"4051125",3663.44,57,11
"4051128",1204,57,11
"4051316",1204,50,6
"4051324",1204,125,6
"4051409",1204,50,7
"4051496",5412.14,100,5
"4051567",2051,68,6
"4051570",3206.14,50,5
"4051586",1204,68,5
"4051789",1898.92,78,9
"4051897",1760.14,66,6
"4052004",2408,50,7
"4052182",1204,50,4
"4052615",398.96,50,5
"4052723",1204,112,4
"4053251",2077.82,50,10
"4053416",1204,50,7
"4053435",1448.15,100,5
"4053558",88.5,51,4
"4053627",1204,106,6
"4053690",1204,50,7
"4053977",1204,90,7
"4054068",1204,50,10
"4054241",1204,50,7
"4054318",1204,55,11
"4054698",1204,55,8
"4054712",1204,72,8
"4054739",602,51,7
"4054795",1204,50,7
"4054864",82.05,63,7
"4054976",556.14,50,7
"4054991",1042.9,50,4
"4055003",1204,85,5
"4055082",2408,50,11
"4055372",18820.93,76,7
"40555",1128.12,50,9
"4055602",1204,64,7
"4055969",1204,76,10
"4056100",7743.97,72,5
"4056353",1204,60,4
"40565",668.61,64,4
"4056528",1159.83,125,4
"4056619",6025.52,50,7
"4056804",1204,50,8
"4056842",602,85,4
"4056857",1204,50,7
"40571",1128.12,58,5
"4057109",556.14,85,7
"4057480",1204,50,8
"4057761",766.03,85,6
"4057827",1204,50,7
"4058436",1204,80,7
"4058794",32436,60,8
"4059223",5234.12,50,4
"4060178",2142.66,60,7
"4060447",1204,50,4
"4061095",300,112,8
"4061145",379.95,100,5
"4061343",1204,50,8
"4061420",602,76,4
"4061515",1204,50,8
"4061626",1204,50,10
"4061669",6711,50,7
"4061883",1204,90,6
"4062035",1204,85,15
"4062330",1692.81,100,5
"4062363",1204,50,10
"40625",43742.04,50,6
"4063325",1204,64,12
"4063507",1204,100,6
"4063533",1922.13,50,8
"4063594",1204,54,5
"4063603",1204,72,4
"4063785",1204,100,4
"4064284",556.14,54,4
"4064483",1204,50,4
"4064577",1204,65,4
"4065341",1204,50,7
"4065744",90.23,64,7
"4065985",1204,50,7
"40664",1128.12,90,4
"4066572",602,80,4
"40671",1128.12,58,11
"40681",132.28,85,9
"4069906",1204,50,5
"4070032",172.24,64,6
"4070042",1204,72,7
"4070090",1204,50,11
"4070180",1204,52,8
"4070328",602,95,6
"4070358",1204,50,5
"4070452",1204,64,5
"4070526",556.14,76,5
"4070551",1204,85,8
"4070690",1204,50,8
"4070812",1204,100,7
"4070837",1940.07,50,6
"4071127",1288.92,50,9
"4071303",1204,50,7
"4071316",1204,50,4
"4071325",1204,50,5
"4071397",1874,76,4
"4071478",1204,50,7
"4071527",602,78,5
"4071724",1204,85,6
"4071744",1204,50,8
"40718",1128.12,100,5
"4071839",1204,64,10
"4072085",1204,50,6
"4072103",1204,50,5
"4072487",1139.19,50,11
"4072585",556.14,85,4
"4072740",362.26,68,5
"4072824",1204,80,8
"4072993",1204,50,7
"4073123",2408,50,4
"4073213",155077.15,52,7
"4073389",1204,60,7
"4073469",956.14,50,8
"4073723",5632.81,90,5
"4073760",1204,50,8
"4073779",741.14,64,6
"4073784",1204,50,8
"4073956",1204,50,15
"4073997",1204,50,7
"4074006",746.65,80,6
"4074074",1204,60,7
"4074158",1204,50,10
"4074168",20246.19,60,8
"4074250",3804.12,60,6
"4074354",1204,50,10
"4074474",6.75,95,6
"40746",1253.08,54,10
"4074647",1204,76,5
"4074703",1204,80,5
"4074835",1204,50,10
"4075024",602,50,11
"4075033",1595.82,90,7
"4075189",660,50,6
"4075241",1204,51,4
"4075712",1204,60,4
"4075865",1419.29,50,6
"4075978",252.45,50,7
"4076177",1002,85,7
"4076419",1760.14,64,6
"4076422",83.53,64,6
"4076733",1204,57,7
"4076878",1204,53,10
"4077133",160,50,5
"4077182",1358.78,76,6
"4077216",2000.53,95,5
"4077319",1204,106,10
"4077440",321.62,51,5
"4077488",950.86,50,12
"4077549",262.05,50,6
"4077613",1204,50,11
"4077683",1371.4,50,13
"4077819",1204,50,8
"4077835",1204,50,10
"4077887",602,64,8
"4078046",1045,95,7
"4078142",556.14,80,5
"4078241",1204,50,12
"4078373",32.24,80,4
"4078395",1204,50,6
"4078582",1204,50,10
"4078610",1292.94,68,6
"4078654",1204,57,7
"4078660",1806,50,8
"4078697",1204,50,10
"4078731",6429.06,90,9
"4078904",1204,106,4
"4078959",1204,50,11
"4079170",1244.62,69,10
"4079554",844.31,68,5
"4079560",1204,50,11
"4079565",2838.07,100,4
"4079729",1198,50,5
"4079790",1630.43,50,10
"4079967",1928.77,50,8
"4080008",1204,50,10
"4080120",1204,50,10
"4080235",602,64,4
"4080286",1204,50,11
"4080319",916.14,50,10
"4080391",1204,80,4
"4080433",1204,50,11
"4080438",1204,50,4
"4080469",97.5,57,12
"4080573",1204,50,8
"4080591",602,57,4
"4080646",1204,50,6
"4080653",1204,50,7
"4080675",602,95,5
"4080790",652.68,57,5
"4081019",556.14,51,7
"4081160",1204,80,4
"4081294",1204,90,8
"4081373",2092.22,50,4
"4081492",1204,72,4
"4081692",1204,50,5
"4081695",526.92,64,7
"4081816",602,50,12
"4081907",1472.16,68,4
"4081973",2018.44,50,12
"4082180",1204,76,7
"4082274",1204,76,4
"4082304",1979.22,50,7
"4082417",1204,65,7
"4082423",1204,50,8
"4082475",1204,53,8
"4082603",1204,50,8
"4083145",1204,50,4
"4083165",1700,60,4
"4083586",602,50,7
"4083610",1204,50,8
"4083676",1204,50,4
"4083798",1204,50,10
"4083869",289.3,50,7
"4084004",1204,59,12
"4084102",1204,50,6
"4084154",1438.85,50,7
"4084187",1204,75,5
"4084269",1162.67,50,7
"4084426",1204,50,7
"4084475",1204,57,8
"4084554",1204,72,10
"4084953",1204,50,8
"4085153",1204,50,4
"4085183",1204,50,11
"4085324",602,80,10
"4085358",9658,50,4
"4085369",212,51,12
"4085498",1204,50,10
"4085754",1204,118,4
"4085805",1182.58,90,5
"4086137",1204,85,8
"4086196",1204,57,8
"4086286",959.9,50,12
"4086295",1158.14,50,8
"4086347",602,68,5
"4086372",1204,63,4
"4086503",1204,85,12
"4086516",1760.14,51,8
"4086578",1204,90,12
"40866",1128.12,118,4
"40869",1128.12,100,5
"40879",1128.12,62,6
"40883",564.54,64,6
"40884",647.33,60,6
"40899",1128.12,76,6
"4094",1309.81,76,12
"40960",2071.37,60,5
"40994",1128.12,118,7
"41037",1128,50,5
"41052",1128.12,125,7
"41056",2652.61,57,4
"41098",1128.12,50,7
"41122",1128.12,100,6
"4114376",602,50,6
"4114391",1204,50,4
"4114480",1204,50,5
"4114481",1204,50,4
"41145",1128.12,106,7
"4114569",1513.2,50,5
"4114644",1204,50,6
"4114655",1204,50,6
"4114658",1204,50,6
"4114737",1204,62,8
"4114754",1204,50,7
"4114785",1204,50,5
"4114787",93.98,50,5
"4114790",2875.18,50,5
"4114849",1204,50,7
"4114882",1204,50,10
"4114903",2408,50,9
"4114920",1204,50,4
"4114939",1204,50,6
"4114977",1204,50,11
"4114981",1204,50,5
"4114982",1871.56,50,4
"4115049",1628.8,50,7
"4115055",1204,50,7
"4115107",824.29,50,4
"4115137",1204,50,7
"4115143",2704,50,6
"4115264",1017.71,50,6
"41153",4023.06,95,5
"4115305",1204,50,7
"4115318",1204,50,7
"4115327",152.45,50,9
"4115365",1204,50,6
"4115371",6204,50,7
"4115395",1204,50,5
"4115396",167.65,50,7
"4115421",4667.48,85,7
"4115451",602,50,6
"4115465",1204,50,6
"4115543",1204,62,6
"4115549",1300,50,7
"4115575",382.43,50,4
"4115589",1204,50,6
"4115593",1204,50,6
"4115599",1204,50,6
"4115633",1204,50,7
"4115670",3096.47,50,6
"4115687",2659.98,50,7
"4115714",1204,50,11
"4115740",1204,52,4
"4115746",1204,50,6
"4115812",1204,50,4
"4115827",95.05,50,7
"4115864",136.54,50,5
"4116000",723.61,50,6
"4116023",1204,50,4
"4116037",117.81,58,5
"4116047",1204,50,5
"4116095",1204,50,6
"4116126",1004.44,50,5
"4116167",1204,50,5
"4116174",1204,50,6
"4116183",2287.5,63,4
"4116197",1204,50,6
"4116221",1204,50,6
"4116224",2007.97,50,5
"4116237",1204,50,6
"4116277",483.14,50,5
"4116279",1563.6,50,4
"4116301",1204,50,7
"4116304",1204,50,10
"4116320",2133.89,50,6
"4116325",1204,62,4
"4116332",602,50,6
"4116337",2000,62,7
"4116360",1204,50,11
"4116393",352,100,6
"4116479",1204,85,4
"4116507",1204,50,5
"4116600",1204,50,7
"4116604",191.71,50,5
"4116640",1204,50,6
"4116662",230.24,50,6
"4116665",1204,57,4
"4116676",1204,50,8
"4116720",9075.38,59,6
"4116825",1204,50,5
"4116856",1204,62,7
"4116900",1204,50,4
"4116950",119.6,50,6
"4116957",1204,50,7
"4116993",602,62,7
"4117020",1204,50,11
"4117105",1204,100,6
"4117130",1204,62,6
"4117139",258.37,50,6
"4117196",1204,62,4
"4117309",602,106,6
"4117311",1204,50,7
"4117329",1204,50,6
"4117387",1204,50,6
"4117425",1508.21,50,6
"4117439",3204,62,7
"41175",853.21,72,6
"4117528",602,50,11
"4117567",1204,68,5
"4117674",461.96,50,7
"4117741",3600,50,10
"4117743",1204,50,6
"4117761",1204,62,9
"4117767",3013.91,50,8
"4117771",989.34,50,9
"4117827",186.18,54,4
"4117841",1204,50,9
"4117843",1204,50,5
"4117892",1204,106,6
"4117906",1204,50,5
"4117936",350.1,52,5
"4118002",1204,125,5
"4118009",1204,60,4
"4118022",1204,50,8
"4118070",375,50,6
"4118102",1204,50,5
"4118105",80.5,50,12
"4118124",1204,62,10
"4118137",75.95,72,6
"4118153",959.06,68,7
"4118221",1204,76,6
"4118250",1204,76,7
"4118273",602,50,8
"4118295",1204,57,5
"4118305",1204,50,6
"4118323",3204,68,10
"4118335",1204,57,9
"4118352",1204,50,7
"4118369",5204,50,5
"4118378",1577.77,60,7
"4118490",1204,50,10
"4118509",1204,50,6
"4118618",9,64,5
"4118633",105.2,50,7
"4118640",31.05,50,4
"4118675",1204,50,5
"41187",1636.81,106,6
"4118716",1204,50,4
"4118738",1204,50,6
"4118786",406.32,50,5
"4118788",1204,50,7
"4118818",442.83,62,5
"4118838",1204,90,6
"4118842",409.45,50,7
"4118853",1204,50,9
"4118854",816.18,118,4
"4118857",655.42,62,11
"4118861",1204,50,7
"4118885",2204,63,9
"4118913",1701.3,50,10
"4118915",1204,50,6
"4118940",1204,50,6
"4118942",1204,50,6
"4118948",3695.83,72,6
"4118983",1204,80,6
"4119054",1204,50,6
"4119067",1204,50,5
"4119080",1204,62,6
"4119083",1204,62,6
"4119116",1204,50,6
"4119117",1909.18,50,5
"4119122",1204,66,5
"4119197",177.41,74,7
"4119217",602,85,6
"4119246",1204,95,7
"4119264",420,95,7
"4119277",467.69,50,5
"4119328",1204,95,9
"4119364",1204,95,4
"4119368",1881.64,65,8
"4119371",1204,59,7
"4119390",1204,100,7
"4119397",1204,100,4
"4119404",1204,90,11
"4119427",1231.99,50,6
"4119433",1204,50,4
"4119460",1092.33,54,7
"4119500",3204,62,6
"4119513",1204,62,11
"4119528",1204,50,7
"4119540",693.68,55,8
"4119551",1204,95,6
"4119552",1204,50,7
"4119601",1204,100,8
"4119614",1204,85,6
"4119626",1204,50,4
"4119652",1204,50,6
"4119653",200,50,6
"4119657",1204,73,4
"4119666",1405.8,62,7
"4119700",2150.64,65,15
"4119705",2408,97,5
"4119728",1539.5,63,5
"4119758",1204,50,4
"4119764",1204,50,5
"4119809",838.77,50,11
"4119826",835.05,50,6
"4119830",3204,67,7
"4119838",470.56,56,6
"4119894",1204,50,7
"4119908",115.07,51,7
"4119952",1204,50,6
"4119986",76.54,54,4
"4120005",1204,50,7
"4120078",1204,62,4
"4120111",1204,50,6
"4120179",200,64,7
"4120195",1204,50,6
"4120207",77,57,6
"4120210",1204,64,6
"4120220",469.47,50,6
"4120248",2433.52,60,5
"4120254",1204,50,5
"4120262",3302,56,6
"4120268",3204,85,4
"4120302",1204,125,5
"4120352",1204,71,9
"4120387",1030.44,50,6
"4120417",3742.3,50,7
"4120441",3926.37,80,5
"4120472",1204,57,7
"4120482",563.91,62,10
"4120511",1204,50,14
"4120538",1204,50,9
"4120545",1204,50,7
"4120561",1204,88,10
"4120563",888.99,50,7
"4120571",1204,50,6
"4120609",1204,50,5
"4120614",1317.84,50,6
"4120717",1204,50,7
"4120766",1204,50,7
"4120792",780.02,50,6
"4120826",3398,50,5
"4120834",1128.48,50,5
"4120853",1204,50,7
"4120854",976.99,50,6
"4120857",74,50,7
"4120891",1204,50,11
"41209",220.68,71,7
"4120934",602,50,5
"4121099",7429.07,50,5
"4121160",1204,72,5
"4121167",399.64,59,4
"4121206",1836.52,80,7
"4121296",1204,52,5
"4121327",312.07,85,6
"4121334",1204,64,6
"4121361",1204,66,4
"4121365",1204,50,4
"4121395",1516.63,50,4
"4121397",1204,50,7
"4121402",1204,66,6
"4121471",101.82,50,4
"4121575",1204,50,7
"4121612",57.23,82,5
"4121660",3204,106,6
"4121727",1204,75,5
"4121743",3704,60,6
"4121768",3307.28,62,10
"4121782",1204,50,5
"4121786",626.73,50,4
"4121798",2887.01,50,6
"4121820",1204,62,12
"4121902",938.93,50,4
"4121968",4000,50,6
"4122001",2071.99,80,5
"4122006",1204,58,5
"4122062",1204,50,7
"4122067",6698.08,50,5
"4122080",932.21,95,4
"4122161",1870.91,50,5
"4122171",1204,50,10
"4122234",1204,50,5
"4122259",292.38,50,5
"4122284",1244.4,50,7
"4122372",1730.63,50,7
"4122374",134.9,68,5
"4122406",684.74,50,5
"4122448",4636.24,55,8
"4122473",1544.28,62,6
"4122482",1204,71,6
"4122528",1204,62,5
"4122550",1204,50,5
"4122551",2408,77,8
"4122558",1204,50,9
"4122584",3428.45,64,4
"4122588",1204,77,5
"4122591",1204,62,6
"4122598",757.14,58,7
"4122602",117.66,59,7
"4122619",22600,54,6
"4122650",1204,50,8
"41227",1741.18,50,7
"4122712",80.5,50,6
"4122736",1204,50,7
"4122772",837.31,50,5
"4122827",1662.43,50,6
"4122854",3704,50,4
"4122886",1204,50,6
"4122902",1204,50,6
"4122940",1789,50,5
"4123004",1204,50,5
"4123024",1204,50,5
"4123030",268.26,50,11
"4123034",1204,50,6
"4123044",1367.6,50,4
"4123077",1204,68,6
"4123133",7777,50,6
"4123140",305.77,50,6
"4123143",70.78,50,7
"4123154",47.08,68,6
"4123156",1204,71,4
"4123187",1204,95,4
"4123197",872.89,75,4
"4123260",602,56,4
"4123302",1204,50,4
"4123312",1204,67,7
"4123343",1222,60,5
"4123358",904.02,57,9
"4123363",1413.96,50,7
"4123402",1204,62,4
"4123419",1204,83,4
"4123420",250.11,50,6
"4123431",736.74,64,6
"4123457",160.19,50,6
"4123483",1204,100,6
"4123493",1204,50,8
"4123512",2408,121,8
"4123650",1204,62,7
"4123652",1204,50,6
"4123667",4408,62,6
"4123708",152.45,50,5
"4123730",8356.45,68,4
"4123734",1204,55,13
"4123738",1204,50,5
"4123764",1204,63,5
"4123787",1204,90,4
"4123826",148.08,50,9
"4123888",110.69,50,6
"4123921",1204,50,7
"4123957",1204,173,7
"4123969",1204,50,7
"4124002",1204,62,5
"4124014",1204,62,11
"4124023",602,50,7
"4124030",1204,50,5
"4124037",1204,50,7
"4124067",200,50,5
"4124105",1204,50,7
"4124115",1204,50,4
"4124150",70,50,15
"4124161",1204,73,10
"4124197",602,90,9
"4124223",1204,50,6
"4124258",1000,50,5
"4124289",1204,85,6
"4124354",1108.85,51,6
"4124402",1204,53,6
"4124410",913.34,50,10
"4124453",1204,50,5
"4124458",655.4,50,7
"4124466",2943.75,71,7
"4124516",1204,50,5
"4124576",611.66,54,4
"4124581",1204,63,5
"4124589",1418.45,50,11
"4124626",42.55,50,7
"4124627",1204,78,4
"4124632",1204,50,7
"4124636",1726,76,6
"4124659",1204,63,7
"4124674",2883.97,50,5
"4124692",1204,62,5
"4124695",1204,62,4
"4124716",1204,50,12
"4124719",1204,50,7
"4124739",3204,50,5
"4124746",2064,50,10
"4124831",1204,62,8
"4124841",1204,63,7
"4124858",1204,57,7
"4124865",1204,50,6
"4124870",4970.62,50,7
"4124881",375.74,50,7
"4124948",1175.89,50,4
"4124974",1204,72,5
"4124975",1204,64,7
"4124978",1563.71,50,7
"4125000",1204,50,6
"4125006",1204,50,7
"4125031",1204,50,4
"4125034",1204,50,7
"4125053",602,50,7
"4125072",1204,50,5
"4125077",2204,140,6
"4125082",1204,90,4
"4125094",602,101,6
"4125121",526.34,64,6
"4125129",1204,62,5
"4125146",2408,100,5
"4125197",1204,50,6
"4125214",1435.99,50,5
"4125215",1204,50,4
"4125248",500,57,4
"4125253",1204,50,5
"4125305",1127.41,50,6
"4125369",1204,50,6
"4125378",1330.15,51,7
"4125382",154.39,50,5
"4125393",1903.86,50,5
"4125400",1204,50,12
"4125401",1204,50,5
"4125411",602,50,5
"4125423",1204,62,6
"4125475",602,56,6
"4125477",1289.46,50,5
"4125481",1204,50,7
"4125542",1204,50,10
"4125550",1204,50,6
"4125580",2991.35,50,4
"4125587",1204,50,4
"4125655",607.53,100,9
"4125677",1204,50,7
"4125686",602,50,6
"4125724",1204,50,5
"4125760",667.4,68,5
"4125771",1204,72,5
"4125773",1204,50,5
"4125788",1204,50,9
"4125831",1204,50,5
"4125880",1204,50,4
"4125925",1300,68,7
"4125928",1204,62,5
"4125944",80.5,50,7
"4125974",1204,50,4
"4125999",212.37,50,7
"4126042",1204,62,4
"4126045",3204,72,7
"4126085",11350,50,6
"4126096",1647,50,9
"4126107",1204,62,6
"4126131",1204,50,7
"4126145",600,50,4
"4126146",602,50,6
"4126161",1204,50,6
"4126167",1204,50,6
"4126176",493.68,57,5
"4126195",1701.42,50,10
"4126213",1204,50,6
"4126219",1204,50,5
"4126282",1204,50,6
"4126342",1204,50,6
"4126346",1797.36,50,7
"4126367",1204,50,11
"4126388",1280.54,51,6
"4126398",1204,55,7
"4126439",3612,60,5
"4126475",2408,50,7
"4126500",1204,50,6
"4126570",1204,50,7
"4126577",602,50,6
"4126586",1204,50,7
"4126588",3204,50,4
"4126609",327.57,50,6
"4126641",1204,50,10
"4126659",1204,50,6
"4126675",1204,60,6
"4126685",1204,50,7
"4126767",74.4,52,6
"4126798",1204,50,6
"4126815",1204,50,7
"4126831",2566.67,50,6
"4126898",1204,50,8
"4126912",152.45,50,4
"4126923",1204,50,5
"4126983",2264.52,54,7
"4127009",1204,50,5
"4127060",1204,50,4
"4127074",1204,72,6
"4127080",133.86,50,8
"4127096",1204,90,7
"4127157",1204,78,7
"4127179",815.34,50,7
"4127189",527,50,10
"4127207",634.03,50,4
"4127208",1204,50,6
"4127227",1204,50,6
"4127312",1204,50,11
"4127357",1204,118,11
"4127372",625,50,6
"4127378",1204,50,5
"4127387",953.16,50,4
"4127410",1204,50,4
"4127418",1092.63,95,4
"4127427",1204,50,5
"4127436",1204,50,6
"4127501",1153.77,72,6
"4127508",231.4,50,5
"4127540",185.99,54,12
"4127547",1204,50,6
"4127613",1204,80,8
"4127697",8073.61,85,7
"4127734",28.07,80,7
"4127780",1204,63,4
"4127786",401.54,80,7
"4127787",1204,100,5
"4127790",1204,50,5
"4127791",1204,62,6
"4127803",1204,50,5
"4127813",1204,50,5
"4127831",3000,50,5
"4127951",1204,50,4
"4128117",63.87,50,7
"4128128",1204,73,5
"4128129",1204,140,6
"4128149",1204,52,7
"4128155",62.6,80,7
"4128179",41204,50,6
"4128215",90.9,57,5
"4128232",602,101,7
"4128233",602,50,7
"4128276",78.4,50,4
"4128282",1204,50,6
"4128308",1204,50,8
"4128332",1204,62,5
"4128338",1204,62,8
"4128417",1741.22,50,5
"4128419",1204,50,7
"4128531",1204,50,10
"4128534",1204,58,7
"4128551",219.54,50,4
"4128575",755.95,90,5
"4128611",1204,112,7
"4128652",232,50,7
"4128668",1204,50,4
"4128715",2530.51,62,4
"4128735",1204,50,5
"4128861",3204,50,6
"4128874",1204,66,6
"4128883",1204,50,7
"4128884",1241.27,62,5
"4128889",1183.62,50,9
"4128904",1204,50,8
"4128907",1204,50,5
"4128911",1523.4,62,6
"4128955",1204,113,6
"4128967",1204,90,5
"4129055",481.86,50,5
"4129070",380.92,50,4
"4129080",873.89,50,6
"4129081",1204,50,8
"4129084",1204,50,11
"4129099",81.5,50,6
"4129105",1338.55,50,5
"4129108",1274,50,7
"4129238",1204,71,5
"4129294",1204,50,5
"4129316",1078.05,50,8
"4129360",602,50,6
"4129405",80.5,51,6
"4129459",1204,50,6
"4129467",3704,77,4
"4129474",323.88,51,7
"4129497",55.65,80,7
"4129589",1204,50,5
"4129643",80.13,78,7
"4129647",1000,50,4
"4129681",1204,50,8
"4129694",1204,63,6
"4129724",1204,50,6
"4129737",1537.04,50,6
"4129778",1204,69,8
"4129802",150,50,6
"4129911",1204,62,7
"41300",564.06,69,4
"4130013",1204,71,5
"4130020",1253.42,50,10
"4130052",770.8,50,4
"4130073",147.58,80,7
"4130088",1204,50,12
"4130139",1204,112,9
"4130150",1204,58,6
"4130163",2292.5,77,5
"4130190",1204,50,5
"4130197",2204,52,4
"4130219",1204,50,6
"4130258",1204,63,5
"4130292",2321.86,95,7
"4130301",1204,118,6
"4130313",3319.26,85,6
"4130328",3204,90,6
"4130371",1204,50,7
"4130397",74.71,60,6
"4130426",1204,50,5
"4130443",2408,95,4
"4130503",5708.86,51,7
"4130504",1204,50,6
"4130506",1199.36,55,6
"4130513",1204,50,6
"4130520",418.91,54,6
"4130540",1204,50,6
"4130567",3204,50,5
"4130653",3000,58,6
"4130699",1204,50,7
"4130701",1204,50,9
"4130723",1204,88,4
"4130742",6085,50,6
"4130761",1204,62,5
"4130775",1204,53,7
"4130795",1204,50,4
"4130811",1204,50,6
"4130837",1204,50,7
"4130843",1204,50,4
"4130891",1002,76,6
"4130948",1204,50,5
"4130988",1204,50,5
"4131021",1204,50,7
"4131024",1204,67,5
"4131049",1204,62,8
"4131057",1204,62,7
"41311",1128.12,80,6
"4131100",196.97,50,11
"4131136",1204,106,5
"4131172",3000,50,8
"4131173",1204,50,12
"4131175",261.61,50,4
"4131185",393.42,50,7
"4131225",1204,148,5
"4131242",26176.55,50,9
"4131276",2408,50,6
"4131296",602,72,9
"4131298",1704,54,5
"4131300",3697.09,50,7
"4131352",602,50,4
"4131355",1204,62,7
"4131377",67.83,50,5
"4131406",368.65,57,5
"4131417",2408,93,5
"4131440",401.34,50,8
"4131487",1204,65,7
"4131492",1000,50,5
"4131504",1204,50,8
"4131505",1204,50,4
"4131567",2503.23,50,6
"4131616",698.22,50,7
"4131657",1204,71,5
"4131662",2323.29,64,5
"4131693",1204,50,12
"4131706",1204,50,7
"4131727",1204,50,10
"4131766",1204,55,8
"4131788",1204,50,5
"4131795",431.96,50,4
"4131813",1204,72,4
"4131829",1204,51,5
"4131836",1204,50,7
"4131838",616.25,50,4
"4131863",1204,50,5
"4131867",1625.2,50,7
"4131879",2000,50,7
"4131894",36.33,51,4
"4131897",69.35,50,7
"4131901",3064.31,95,5
"4131905",77.59,50,10
"4131916",1204,62,4
"4131967",1204,62,5
"4131971",1204,50,8
"41320",2423.09,67,5
"4132004",471.73,60,5
"4132012",1204,57,7
"4132047",894.47,50,6
"4132073",4054.13,81,7
"4132114",1681.91,50,5
"4132133",1204,95,4
"4132144",1204,90,6
"4132150",1204,59,7
"4132204",177.61,50,9
"4132230",1255.11,50,11
"4132231",1204,100,10
"4132243",1712.73,50,5
"4132248",4480,50,11
"4132254",2786.82,76,10
"4132322",3204,50,7
"4132344",8073.11,50,7
"4132346",1743.18,165,8
"4132357",10339.54,76,5
"4132398",1204,50,5
"4132433",121.61,95,7
"4132452",80,50,6
"4132467",326.05,90,5
"4132478",1855.41,50,6
"4132486",1627.32,68,12
"4132491",1204,91,7
"4132497",1204,118,10
"4132498",1204,118,6
"4132515",1204,50,11
"4132523",313.13,50,10
"4132561",1518.99,90,5
"4132575",1204,80,12
"4132597",77.3,50,5
"4132609",1227.98,63,7
"4132624",1101.56,50,7
"4132626",10496.37,70,6
"4132638",36,85,7
"4132676",83.72,50,4
"4132678",1567.25,125,5
"4132703",245.57,85,6
"4132714",1204,83,6
"4132748",1350,100,6
"4132754",2028.51,90,6
"4132772",76.01,72,6
"4132800",71.76,57,4
"4132805",879.44,50,7
"4132822",1204,50,5
"4132832",1888.09,50,4
"4132847",575.15,50,4
"4132860",82.28,55,13
"4132870",602,65,6
"4132878",1204,85,8
"4132902",1204,72,6
"4132914",1204,106,4
"4132963",2496,50,5
"4133015",1204,50,6
"4133053",1204,62,7
"4133075",1204,54,7
"4133089",1204,62,5
"4133091",2160.24,65,5
"4133098",1204,67,7
"4133110",1204,50,4
"4133129",2704,140,7
"4133151",840.32,50,6
"4133271",1940.98,50,5
"4133287",602,50,7
"4133291",8606.27,50,5
"4133293",1204,63,5
"4133315",1204,50,6
"4133330",602,95,6
"4133388",1204,50,4
"4133405",1204,80,5
"4133483",1204,62,6
"4133501",1204,68,5
"4133509",602,60,7
"4133510",25000,52,5
"4133518",1204,68,4
"4133521",1204,75,10
"4133532",1204,62,9
"4133533",1204,77,5
"4133547",144.39,50,15
"4133557",1204,50,7
"4133564",3204,50,6
"4133591",1204,90,6
"4133648",1204,64,6
"4133650",1051.76,50,6
"4133652",214.17,50,7
"4133655",115.87,50,4
"4133656",1664.9,50,5
"4133664",1204,50,6
"4133697",1544.27,50,7
"4133709",12408,132,10
"4133832",1204,50,5
"4133837",600.15,76,4
"4133876",602,50,7
"4133897",37.6,50,6
"4133957",602,69,12
"4134015",1204,50,10
"4134018",602,50,12
"4134049",1204,118,7
"4134081",602,60,6
"4134083",905.35,60,11
"4134100",1204,62,12
"4134103",1204,62,10
"4134207",1204,50,7
"4134225",602,50,7
"4134253",3810.47,81,5
"4134299",1204,50,6
"4134302",1204,50,5
"4134312",1204,62,5
"4134360",1204,51,7
"4134366",3704,62,6
"4134374",1806,75,7
"4134375",1204,54,8
"4134390",2704,62,7
"4134423",312.92,50,6
"4134433",1204,55,6
"4134463",3704,51,6
"4134512",1204,71,6
"4134524",1400,50,7
"4134571",3204,68,7
"4134645",955.57,90,5
"4134661",1949,52,6
"4134672",446.77,50,6
"4134675",1204,80,4
"4134729",1204,60,4
"4134756",216.08,50,6
"4134759",590.08,50,7
"4134804",1204,50,9
"4134864",1204,68,8
"4134869",1204,52,6
"4134872",7204,62,7
"4134917",1204,50,5
"4134940",2069.97,50,15
"4134996",866.34,50,6
"4135001",765.65,50,6
"4135086",1204,76,4
"4135117",264.32,50,10
"4135168",1204,95,6
"4135178",3204,50,12
"4135193",808.04,57,5
"4135199",1204,62,4
"4135216",746.36,50,5
"4135256",1204,50,7
"4135296",1726,50,6
"4135312",602,54,4
"4135334",636.56,50,7
"4135354",42450,50,6
"4135367",1204,50,7
"4135379",1204,125,6
"4135513",1204,62,8
"4135516",1204,90,7
"4135517",360,50,5
"4135523",429,95,9
"4135587",1113.98,50,7
"4135594",469.77,95,6
"4135639",2000,50,6
"4135706",602,50,6
"4135717",1204,60,7
"4135720",1204,50,5
"4135725",1204,50,4
"4135727",2076.75,67,6
"4135728",602,50,10
"4135775",1000,54,7
"4135789",1204,64,4
"4135827",1204,78,5
"4135833",288.25,57,6
"4135847",602,56,7
"4135920",346.42,72,4
"4135923",1204,50,9
"4135942",2677.83,95,6
"4135943",75.34,50,5
"4135969",1082.25,50,6
"4135981",10280.85,50,5
"4135982",3704,50,4
"4135984",1204,50,11
"4136030",2492.52,50,8
"4136064",1204,50,7
"4136098",1204,80,5
"4136099",3000,125,5
"4136133",1204,50,4
"4136134",602,56,9
"4136136",3370.18,68,7
"4136148",1204,50,7
"4136152",1320.17,95,7
"4136161",1710.34,90,9
"4136163",1204,50,7
"4136170",80,50,7
"4136232",80,50,7
"4136269",1632.27,72,9
"4136293",1204,68,6
"4136331",1662.88,57,6
"4136356",6323.65,95,5
"4136385",673.56,68,5
"4136390",1204,90,7
"4136391",3204,57,7
"4136394",1797.5,54,7
"4136411",1204,85,7
"4136422",1204,50,5
"4136456",1204,78,5
"4136477",1204,50,6
"4136478",2558.78,80,7
"4136574",1204,50,4
"4136580",1204,80,4
"4136620",85.87,50,8
"4136630",76.01,50,6
"4136656",85.87,50,7
"4136689",1204,62,7
"4136729",80,50,8
"4136748",1204,62,7
"4136751",1204,50,13
"4136768",602,50,12
"4136770",1204,50,7
"4136776",602,50,6
"4136777",946.65,60,5
"4136780",80.01,50,6
"4136781",593.02,50,5
"4136785",1204,50,4
"4136803",196.27,50,11
"4136804",7162.06,50,7
"4136813",542.87,96,5
"4136820",1204,90,6
"4136897",1204,50,4
"4136918",437,50,5
"4137001",682.31,76,6
"4137080",263,72,5
"4137105",1204,50,7
"4137217",1204,50,4
"4137220",1204,50,7
"4137224",915.53,50,7
"4137262",2204,118,9
"4137282",1204,50,5
"4137331",1204,50,12
"4137377",1204,58,5
"4137414",1204,80,8
"4137419",2408,118,8
"4137425",309.8,65,4
"4137439",1204,50,10
"4137445",697.08,57,11
"4137479",1204,76,7
"4137481",77,95,7
"4137483",1204,57,7
"4137503",1204,53,10
"4137527",480.45,64,6
"4137586",1204,50,6
"4137604",2500,50,6
"4137633",1204,50,6
"4137635",1204,80,5
"4137648",99.42,50,6
"4137664",6204,80,6
"4137689",1204,62,6
"4137803",1204,54,6
"4137833",1204,50,6
"4137863",80.5,50,7
"4137883",309,90,8
"4137885",1204,90,7
"4137886",1204,50,5
"4137929",1204,100,4
"4137930",1204,85,6
"4137938",3341.43,50,5
"4137990",1204,100,7
"4138009",1204,106,7
"4138017",397.93,64,5
"4138032",3204,50,6
"4138043",797.59,54,7
"4138049",1204,76,5
"4138071",1204,75,6
"4138120",730.08,68,5
"4138169",1199.91,50,8
"4138171",2408,68,6
"4138180",718.07,76,6
"4138209",1204,50,11
"4138218",275.59,54,6
"4138220",1204,50,5
"4138233",1204,50,6
"4138247",1204,72,5
"4138268",181204,50,5
"4138286",1204,73,4
"4138295",1204,64,9
"4138374",649.93,50,6
"4138386",1204,50,4
"4138390",1204,90,5
"4138407",1204,67,6
"4138416",144.45,78,11
"4138432",599.18,50,4
"4138440",3704,64,9
"4138449",171.03,60,5
"4138455",1204,50,8
"4138456",815.09,71,4
"4138460",6204,78,8
"4138471",1204,50,5
"4138496",469.45,83,8
"4138498",2408,77,6
"4138503",152,72,6
"4138516",602,54,9
"4138529",96,76,7
"4138550",879.83,50,8
"4138632",1204,50,4
"4138634",2500,50,7
"4138640",1027.33,50,10
"4138649",1204,62,4
"4138704",2222.96,50,5
"4138712",80,50,5
"4138749",1204,106,5
"4138752",1204,50,5
"4138780",206.01,76,5
"4138875",602,50,7
"4138888",1204,50,6
"4138908",1204,50,7
"4138918",1204,72,5
"4138922",1204,50,4
"4138935",903.56,76,5
"4138969",2408,85,6
"4138975",1204,50,7
"4138988",2551.74,50,7
"4138990",1782.41,50,6
"4139079",1204,50,6
"4139080",327,95,7
"4139090",1204,71,5
"4139092",602,58,5
"4139149",3000,50,7
"4139150",1204,50,5
"4139173",2408,50,6
"4139197",457.6,50,5
"4139290",2000,51,4
"4139300",1204,72,5
"4139320",1835.3,50,9
"4139326",1204,50,5
"4139332",1204,50,9
"4139381",1204,50,5
"4139428",1204,68,6
"4139473",1204,62,7
"4139490",1204,85,7
"4139495",1544.46,71,7
"4139498",1204,63,7
"4139531",2204,50,4
"4139535",1319.97,50,7
"4139538",1209.17,50,6
"4139555",1204,125,5
"4139559",1204,50,6
"4139570",1771.68,60,6
"4139608",1204,60,6
"4139634",4575.01,91,6
"4139643",2110.31,50,6
"4139654",501.38,54,6
"4139672",538.01,72,5
"4139698",1448.62,51,6
"4139712",3637.36,50,5
"4139751",1204,50,10
"4139781",5865.08,50,6
"4139819",3204,50,4
"4139820",1200,50,6
"4139919",79.89,50,6
"4139922",364.37,50,6
"4139950",1204,50,7
"4139979",3704,50,4
"4139984",12289.6,67,6
"4139986",1204,50,6
"4139994",159.19,54,6
"414",1456.55,85,4
"4140004",1204,50,4
"4140008",1204,50,6
"4140026",1204,50,8
"4140045",2260.94,118,5
"4140051",1204,51,5
"4140057",1204,74,13
"4140094",1000,64,4
"4140142",9756.5,50,6
"4140161",541.84,50,7
"4140183",1204,50,6
"41402",780.12,50,6
"4140234",1204,60,4
"4140306",1204,50,8
"4140307",1204,85,6
"4140337",80.5,50,8
"4140356",1204,50,9
"4140361",340.86,50,6
"4140384",2539.48,54,10
"4140425",1204,50,4
"4140452",1571.81,95,9
"4140455",1204,50,6
"4140457",1129.4,90,4
"4140468",1204,64,7
"4140474",1204,118,7
"4140487",2000,100,6
"4140501",602,56,7
"4140503",1204,50,4
"4140504",1204,59,7
"4140525",1204,50,4
"4140534",2612.8,100,10
"4140543",1204,50,7
"4140555",1204,50,11
"4140574",1204,50,7
"4140621",1204,72,5
"4140630",1204,62,5
"4140651",1204,54,14
"4140658",1204,147,9
"4140679",1204,118,10
"4140687",1204,95,6
"4140688",2142.12,81,7
"4140731",1204,50,12
"4140733",2568.91,50,6
"4140734",1204,66,5
"4140740",1723.39,50,6
"4140766",1204,95,6
"4140769",2749.22,57,11
"4140827",2408,62,7
"4140851",1318.82,95,6
"4140872",1204,50,6
"4140874",2204,90,6
"4140876",1204,50,6
"4140917",1204,63,5
"4140928",1429.17,50,7
"4140979",443.1,50,5
"4140987",1204,50,7
"4141029",2837.49,58,5
"4141093",432.82,50,4
"4141104",1204,90,7
"4141134",1204,95,7
"4141157",1204,95,5
"4141158",1374.81,95,6
"4141163",154.09,95,7
"4141171",1204,50,6
"4141175",4280.23,125,11
"4141185",1204,118,6
"4141203",555.16,85,6
"4141223",36204,147,6
"4141260",8542.68,83,4
"4141277",74.15,57,5
"4141339",716.93,65,4
"4141388",1061.99,61,5
"4141389",382.76,50,7
"4141414",1204,50,7
"4141448",1739.36,50,6
"4141476",1440.12,50,11
"4141497",95.27,50,5
"4141498",823.01,50,7
"4141509",1204,85,6
"4141517",1204,50,7
"4141542",1204,80,4
"4141566",3204,50,10
"4141570",1204,62,5
"4141606",1204,60,5
"4141623",126.81,50,13
"4141634",291.41,50,6
"4141637",3204,50,6
"4141694",1204,73,6
"4141735",579,57,13
"4141751",11938.24,85,6
"4141758",471.99,50,7
"4141760",75.99,50,8
"4141763",1204,50,9
"4141770",1748.37,50,7
"4141774",1204,83,7
"4141779",1204,50,5
"4141791",2453.72,57,8
"41418",453.58,106,6
"4141818",1204,85,6
"4141829",1204,50,7
"4141838",1204,118,5
"4141847",280.4,80,4
"4141854",3204,50,4
"4141888",2041.81,62,6
"4141918",43858.91,50,11
"4141939",1204,50,8
"4142006",1204,100,7
"4142011",1204,50,6
"4142027",1069.81,50,6
"4142037",1204,50,6
"4142067",810.57,50,6
"4142069",2325,50,5
"4142094",1204,50,4
"4142132",1204,100,4
"4142160",252.91,50,11
"4142186",1204,125,7
"41422",1206.52,50,5
"4142201",466.66,95,4
"4142220",1204,62,9
"4142222",321.99,100,6
"4142256",1204,59,9
"4142273",387.41,50,8
"4142311",1204,50,10
"4142376",203.26,54,6
"4142422",2950.36,67,8
"4142461",1204,63,6
"4142494",80.13,85,7
"4142503",544.46,50,8
"4142518",1204,52,6
"4142588",1547.58,50,7
"4142629",1244.51,100,7
"4142634",1204,95,4
"4142723",1204,85,6
"4142789",602,61,7
"4142810",600,50,10
"4142812",80,85,5
"4142815",1204,50,5
"4142850",602,90,4
"4142871",1860.96,50,8
"4142896",1204,50,6
"4142903",602,50,6
"4142906",1204,50,7
"4142911",3900.04,100,4
"4142970",3704,50,7
"4143086",2110.74,50,4
"4143114",2704,95,6
"4143117",1034.94,50,5
"4143140",848.28,50,5
"4143142",1276,50,5
"4143155",80,50,9
"4143161",20.97,51,8
"4143193",1204,85,5
"4143214",1204,90,7
"4143239",26.03,50,8
"4143241",150,50,7
"4143248",1352,95,5
"4143251",1204,76,9
"4143258",1204,90,7
"4143264",2102,75,8
"4143265",158.66,52,4
"4143267",2658.15,50,13
"4143272",1204,71,9
"4143288",1204,50,7
"4143309",76.01,50,11
"4143329",2602,55,13
"4143357",1204,68,7
"4143371",1204,85,5
"4143374",1204,100,5
"4143387",1533.3,106,6
"41434",4224.35,100,6
"4143412",318.45,60,5
"4143426",950,132,5
"4143430",3134.66,72,7
"4143470",897.49,93,7
"4143480",1204,50,9
"4143502",1204,50,6
"4143515",917.55,50,6
"4143516",1204,50,5
"4143530",1204,52,7
"4143558",1204,80,6
"4143565",1204,75,7
"4143575",1204,50,8
"4143576",3204,50,5
"4143636",2704,50,6
"4143671",82.52,68,4
"4143727",1204,50,5
"4143730",3345.88,79,6
"4143736",1204,50,6
"4143745",1204,50,5
"4143753",2606.18,72,7
"4143764",1204,50,5
"4143766",1204,62,7
"4143822",1156.38,72,5
"4143845",3204,50,6
"4143867",98.15,50,4
"4143899",1377.42,50,7
"4143926",1204,72,11
"4143981",1204,50,10
"4144011",1204,50,6
"4144022",1204,50,7
"4144067",852.81,57,6
"4144095",1204,50,8
"4144106",685.55,50,5
"4144121",1204,50,4
"4144125",1204,90,4
"4144127",30.3,68,6
"4144175",1371.96,50,5
"4144208",1654.14,60,13
"4144216",1204,95,6
"4144226",1204,78,7
"4144279",1204,85,7
"4144288",1204,50,11
"4144289",1204,63,7
"4144337",1204,85,6
"4144358",1204,90,6
"4144381",1204,62,8
"4144400",1204,62,9
"4144422",286.18,95,4
"4144429",1204,50,10
"4144460",6999.3,62,6
"4144473",80.5,50,6
"4144480",1204,76,6
"4144557",3107.69,50,5
"4144559",1204,95,6
"4144562",392.09,50,7
"4144602",1204,62,6
"4144609",1204,50,6
"4144615",676.06,50,7
"4144621",1204,95,7
"4144656",1028,50,7
"4144660",395.31,54,7
"4144666",1124.67,80,8
"4144731",1204,90,7
"4144748",1010.68,72,4
"4144788",1204,76,5
"4144863",88.74,68,7
"4144869",2588.71,76,13
"4144896",1204,55,10
"4144905",1204,72,10
"4144941",1204,50,7
"4144997",1204,50,6
"4144998",1204,50,7
"4145001",5612,50,6
"4145032",1204,50,5
"4145054",75.34,95,5
"4145055",1204,71,11
"4145059",304,60,9
"4145060",3204,60,5
"4145160",1204,50,5
"4145165",730.56,50,5
"4145175",506.39,50,6
"4145189",2608,85,6
"4145194",72.11,76,5
"4145215",1204,58,4
"4145234",1204,50,9
"4145241",602,90,5
"4145277",11000,95,6
"4145351",1204,62,10
"4145362",1204,50,7
"4145380",8862.83,61,11
"4145384",1204,62,10
"4145402",813.55,57,6
"4145406",77.3,50,7
"4145431",1213.18,50,6
"4145435",280,54,7
"4145492",1204,118,7
"41455",1128.12,112,7
"4145518",1435.5,72,10
"4145597",1204,62,8
"4145646",2592.51,50,5
"4145657",1204,118,8
"4145658",602,50,5
"4145672",1204,60,6
"4145673",1204,50,4
"4145810",552.8,95,6
"4145816",532.08,80,7
"4145824",1204,50,6
"4145826",631.82,90,5
"4145831",1204,118,7
"4145837",1204,60,6
"4145910",1204,50,6
"4145951",1204,63,6
"4145957",1204,50,5
"4145966",1204,95,6
"4146001",1204,118,4
"4146039",2024.84,90,6
"4146046",1204,50,5
"4146095",1204,50,7
"4146131",1204,118,5
"4146144",61204,76,6
"4146151",3277.11,57,9
"4146152",1204,50,8
"4146156",1204,125,5
"4146169",1204,50,7
"4146173",1204,75,5
"4146224",1235.25,74,9
"4146229",1204,156,5
"4146233",1204,62,8
"4146248",1204,90,4
"4146262",544.63,50,8
"4146272",659,62,7
"4146281",1204,50,5
"4146301",75,50,5
"4146305",342.77,60,7
"4146321",1204,95,5
"4146326",1571.11,80,6
"4146388",734.02,75,5
"4146432",1204,62,11
"4146448",1204,78,4
"4146508",1204,63,4
"4146527",1279.74,50,5
"4146536",1204,50,4
"4146548",4944.45,63,5
"4146563",217.3,62,8
"4146567",448.61,95,6
"4146568",1204,95,6
"4146630",946,50,5
"4146634",2101.73,64,7
"4146638",3000,62,5
"4146649",1340.83,50,11
"4146657",558.12,50,5
"4146662",1204,62,5
"4146663",358.02,50,11
"4146685",1204,50,7
"4146700",160,50,11
"4146719",1204,90,10
"4146747",1204,50,6
"4146755",1204,125,6
"4146775",7182.25,64,14
"4146786",1204,76,7
"4146794",1806,132,5
"4146824",7777,50,7
"4146893",602,50,9
"4146909",1204,50,10
"4146913",1189.93,50,5
"4146943",70,50,7
"4146948",1065.79,60,5
"4146982",1204,50,6
"4147037",4569.65,50,7
"4147051",1204,62,6
"4147089",1204,57,5
"4147117",1204,50,7
"4147130",1204,50,5
"4147132",1204,50,8
"4147177",602,50,7
"41472",1128.12,50,7
"4147202",1204,50,5
"4147205",1204,50,7
"4147242",265.66,50,6
"4147297",393,50,7
"4147306",1204,100,6
"4147311",1974.15,72,6
"4147389",417.12,50,7
"4147413",2150.57,76,6
"4147433",1204,118,7
"4147511",1234.54,50,9
"4147572",4161.47,50,5
"4147621",2631.82,62,5
"4147675",1204,50,4
"4147763",1204,62,7
"4147808",4486.24,50,5
"4147824",786.24,90,4
"4147827",2204,50,7
"4147830",4049.23,64,7
"4147873",589.3,56,7
"4147895",1204,50,12
"4147898",3204,78,7
"4147908",1204,60,6
"4147923",1204,50,6
"4147931",1204,90,5
"4147940",2408,118,5
"4147954",1204,62,6
"4147957",1204,50,7
"4147990",1204,118,7
"4148011",1204,66,15
"4148018",476.86,95,6
"4148022",5901.28,95,6
"4148028",1204,100,7
"4148039",605.87,95,5
"4148042",399.09,50,7
"4148060",1204,100,9
"4148148",1168.55,66,5
"4148199",1704,50,9
"4148218",1662.15,85,5
"4148250",75.98,50,11
"4148318",80.5,90,6
"4148323",1204,50,5
"4148326",15607.96,50,7
"4148360",1204,58,6
"4148361",851.36,50,5
"4148391",1803.27,50,6
"4148443",8676.01,57,7
"4148461",1204,62,5
"4148465",94.8,95,7
"4148485",1204,95,5
"4148489",1392.43,62,8
"4148506",1204,50,6
"4148513",152.83,90,7
"4148566",3704,106,7
"4148571",464.62,100,9
"4148572",5330.56,100,6
"4148583",1204,56,5
"4148595",96.47,50,4
"4148606",500.67,50,5
"4148608",1204,62,5
"4148635",2812.26,68,6
"4148642",1204,50,6
"4148662",1204,51,7
"4148668",1204,50,7
"4148707",1204,51,6
"4148709",3204,62,5
"4148710",1204,71,6
"4148712",1204,62,4
"4148761",411.51,50,5
"4148826",4060.96,50,5
"4148894",1204,73,9
"4148905",1204,62,7
"4148911",1204,50,7
"4148929",1204,95,4
"4148943",1204,50,7
"4148981",1204,50,6
"4149044",2408,100,6
"4149056",1204,50,5
"4149116",1204,90,5
"4149133",94,50,7
"4149143",1204,72,9
"4149156",1204,95,4
"4149171",1204,80,7
"4149220",1204,50,7
"4149234",162.54,76,6
"4149255",1204,50,5
"4149293",672.18,95,5
"4149306",3624.48,54,6
"4149338",2704,106,5
"4149356",1204,50,5
"4149367",602,50,7
"4149371",1204,50,5
"4149426",1204,66,7
"4149441",896.21,57,4
"4149480",2196,53,7
"4149498",3204,62,6
"4149544",4635.72,72,5
"4149583",1204,50,7
"4149592",1204,112,6
"4149597",1414.37,62,7
"4149602",1204,50,5
"4149619",1204,90,5
"4149668",2441.35,50,14
"41497",388.89,50,7
"4149736",1204,50,5
"4149770",5378.55,50,9
"4149786",1204,68,5
"4149797",426.48,69,11
"4149805",1204,71,6
"4149807",785.7,50,6
"4149850",4248.97,72,8
"4149890",1204,50,5
"4149898",1204,50,6
"4149899",1204,95,6
"4149901",1204,75,7
"4149959",1204,50,7
"4149983",3975.33,50,6
"4150057",385.87,50,5
"4150115",1204,50,9
"4150224",1204,118,4
"4150240",1008.77,95,5
"4150247",1204,106,6
"4150271",1204,50,6
"4150274",1204,50,7
"4150295",1204,50,7
"4150306",1204,95,6
"4150321",1204,52,4
"4150329",2408,62,6
"4150376",200,50,5
"4150417",1476.74,50,10
"4150423",1204,72,5
"4150505",1204,76,6
"4150549",602,50,7
"4150555",3662.97,75,12
"4150575",5204,50,11
"4150646",432.65,50,11
"4150661",1204,67,10
"4150685",2408,95,8
"4150695",2275.86,71,7
"4150715",137.75,95,4
"4150725",3890.18,50,5
"4150732",837.2,125,6
"4150757",1204,118,7
"4150779",3990.43,64,7
"4150808",1204,85,5
"4150858",1204,90,8
"4150874",602,80,6
"4150885",1204,95,8
"4150896",221.37,90,7
"4150910",1204,95,7
"4150938",1204,68,7
"4150943",1204,76,7
"4150954",726.57,57,5
"4150965",1150,90,9
"4150984",71.44,50,4
"4151011",1204,62,4
"4151026",1204,85,5
"4151030",1204,90,5
"4151054",928.86,58,7
"4151076",1204,50,11
"4151081",1204,118,5
"4151095",1099.41,50,5
"4151181",1204,75,7
"4151182",1204,90,6
"4151194",2204,62,11
"41513",1830.85,196,5
"4151337",460.36,50,6
"4151339",1204,50,5
"4151350",179.99,50,8
"4151352",1204,64,6
"4151353",1204,100,6
"4151382",1204,62,6
"4151423",711.33,50,8
"4151434",1023.56,90,6
"4151438",2584.48,100,4
"4151446",7777,68,6
"4151476",1204,100,8
"4151483",1204,100,4
"4151485",1204,62,5
"4151518",1204,50,7
"4151532",602,118,5
"4151547",1204,50,10
"4151561",1204,118,7
"4151571",1204,106,5
"4151579",89.69,51,7
"4151628",2097.13,95,6
"4151654",1204,62,7
"4151672",1204,62,10
"4151725",913.81,50,6
"4151728",1204,56,6
"4151753",11204,97,6
"4151754",1204,95,6
"4151772",1204,50,7
"4151776",3356.25,50,7
"4151849",1204,50,13
"4151877",2575.19,76,5
"4151884",3453.7,68,7
"4151886",3204,50,5
"4151927",830.31,72,6
"4151938",2204,50,7
"4151951",570.59,50,6
"4151962",474.15,50,9
"4151985",1204,112,10
"4151986",1204,50,7
"4152013",472.09,71,6
"4152056",414.7,80,8
"4152076",1204,100,6
"4152077",2176,100,6
"4152140",1161.29,91,4
"4152154",1204,90,9
"4152163",1204,58,7
"4152167",2.39,50,5
"4152170",465.17,64,5
"4152173",600.1,80,6
"4152205",1204,90,15
"4152238",75.99,90,7
"4152248",1204,50,5
"4152271",4704,63,6
"4152283",2000,50,4
"4152287",40.9,90,6
"4152291",1204,50,10
"4152301",1313.05,90,7
"4152341",7700,50,8
"4152344",1295.05,50,4
"4152354",1204,62,9
"4152362",1204,50,7
"4152363",1204,90,7
"4152369",1204,50,10
"4152409",1204,95,6
"4152505",1270.46,50,10
"4152539",1204,50,7
"4152610",602,80,6
"4152688",1042.39,50,7
"4152713",2000,62,5
"4152714",1404,125,7
"4152723",29.81,50,4
"4152741",211.9,100,4
"4152810",296.4,50,5
"4152814",1026.97,80,5
"4152833",1204,50,6
"4152842",1554.66,95,4
"4152845",6384.17,50,6
"4152881",1204,68,7
"4152929",3026.82,57,5
"4152955",1204,112,7
"4152978",1204,50,6
"4152993",185.81,68,7
"4153010",977.72,71,7
"4153019",2408,112,10
"4153025",2102,50,5
"4153045",1204,62,5
"4153086",57.28,50,11
"4153100",673.77,52,10
"4153137",1204,90,5
"4153138",602,106,9
"4153294",390.87,60,8
"4153301",1204,50,6
"4153351",775.27,50,9
"4153362",1204,50,8
"4153369",1204,67,7
"4153375",1204,62,11
"4153384",1204,95,9
"4153394",1204,50,6
"4153418",1204,57,8
"4153439",612.13,68,6
"4153457",1204,95,6
"4153467",1204,50,5
"4153469",1204,96,4
"4153530",24285,100,7
"4153534",2204,125,5
"4153558",602,56,6
"4153559",1204,57,8
"4153571",1204,75,7
"4153577",450.98,76,6
"4153587",1204,50,6
"4153593",1204,72,4
"4153596",8522.46,147,5
"4153607",966.98,50,6
"4153609",318.76,50,5
"4153612",1204,50,7
"4153614",1204,50,4
"4153616",1326.54,50,6
"4153617",2500,50,5
"4153631",454.18,56,4
"4153632",3000,60,11
"4153633",1204,51,11
"4153635",3360.98,64,7
"4153640",1071.57,90,7
"4153653",1204,85,7
"4153664",1204,50,8
"4153670",605.64,90,6
"4153672",1204,83,5
"4153720",433.9,50,6
"4153746",1204,57,6
"4153767",2704,100,5
"4153796",3204,68,7
"4153811",1212.31,50,4
"4153855",923.13,62,7
"4153879",4535.87,50,10
"4153907",1204,50,5
"4153943",3561.88,100,7
"4153959",905.85,69,5
"4153968",1204,50,5
"4153971",1351.08,62,5
"4153984",87.92,95,7
"4153990",1204,71,11
"4154027",1204,65,4
"4154041",3212.8,75,4
"4154044",1204,57,7
"4154059",1211.4,50,6
"4154061",602,50,8
"4154067",1204,50,5
"4154069",76.01,50,6
"4154094",1204,58,6
"4154099",200,50,5
"4154112",1204,107,6
"4154117",6586.78,100,6
"4154145",2676.01,57,5
"4154175",161.67,50,4
"4154208",1204,55,7
"4154215",828.57,50,7
"4154273",538.95,101,7
"4154285",1204,50,6
"4154301",1204,50,7
"4154319",1191.63,95,6
"4154332",2840.33,50,15
"4154352",1204,50,5
"4154366",1204,95,6
"4154375",1204,60,6
"4154385",3102,50,4
"4154412",1521.81,62,4
"4154456",1151.72,90,6
"4154461",1204,50,5
"4154478",923.99,58,11
"4154521",1204,80,4
"4154524",1011.58,59,6
"4154534",1204,90,7
"4154536",2602,118,5
"4154556",1204,50,4
"4154615",1204,50,8
"4154625",2408,156,6
"4154658",1204,62,7
"4154661",29.8,50,7
"4154668",1204,90,7
"4154681",1204,95,6
"4154684",1204,50,5
"4154718",1204,50,11
"4154739",779.24,78,6
"4154745",1204,62,4
"4154749",1204,85,5
"4154779",1204,50,7
"4154783",1204,50,6
"4154788",1204,50,8
"4154789",856.95,95,7
"4154811",1559.44,76,4
"4154827",1204,62,6
"4154831",1650.72,50,6
"4154854",1204,77,4
"4154856",602,50,5
"4154909",4000,75,6
"4154945",1204,50,5
"4154954",7777,80,9
"4154984",1204,65,7
"4154992",6586.76,118,6
"4154997",3204,51,7
"4155025",1204,54,7
"4155087",1204,50,4
"4155095",1869.88,57,5
"4155100",7777,60,7
"4155107",1204,50,5
"4155116",1204,50,5
"4155128",1204,50,6
"4155147",2880,50,7
"4155163",1294,50,5
"4155183",1604.29,100,8
"4155197",1204,50,7
"4155221",1957.85,91,7
"4155234",1204,50,7
"4155235",2704,50,8
"4155250",739.97,82,7
"4155262",200,50,6
"4155336",1204,50,7
"4155360",1204,118,4
"4155376",1204,100,5
"4155385",1204,95,4
"4155389",5186.36,60,6
"4155391",745,80,7
"4155399",1129.18,85,7
"4155410",1204,100,6
"4155450",1204,50,7
"4155465",1204,50,7
"4155481",602,95,6
"4155488",1089.25,80,13
"4155492",1204,51,5
"4155494",1204,50,6
"4155504",2000,50,8
"4155515",1204,77,9
"4155520",2734.89,85,4
"4155555",1204,62,7
"4155581",1204,60,10
"4155672",931.81,50,8
"4155680",1894,125,6
"4155686",448,64,6
"4155695",1204,95,6
"4155703",1204,118,8
"4155706",6229,50,4
"4155716",1204,50,5
"4155744",75.99,64,6
"4155758",984.7,101,5
"4155783",1204,50,4
"4155787",1204,95,9
"4155790",3204,50,5
"4155795",624.94,50,6
"4155804",1548,95,8
"4155848",1204,58,7
"4155849",1000,51,5
"4155888",436.02,64,5
"4155908",1204,50,5
"4155915",1204,50,6
"4155957",1204,71,7
"4155959",3082.13,100,7
"4155960",1204,50,9
"4156006",1884.41,50,7
"4156080",1204,100,7
"4156102",2500,100,5
"4156112",1204,50,8
"4156154",1204,57,9
"4156177",1204,68,11
"4156188",1204,90,6
"4156192",1204,80,6
"4156197",232.08,50,7
"4156214",1278.14,50,11
"4156278",9263.4,76,4
"4156283",1204,50,6
"4156303",1456.26,95,6
"4156323",1204,95,7
"4156343",602,50,7
"4156351",1204,68,12
"4156352",2900,85,12
"4156360",2996.58,95,6
"4156362",1204,62,11
"4156383",1374,96,9
"4156392",1204,95,8
"4156395",3204,118,8
"4156396",80,100,5
"4156411",1204,125,5
"4156438",3204,100,6
"4156487",1204,72,8
"4156525",1204,60,9
"4156564",1204,50,5
"4156586",1204,63,6
"4156612",76,50,6
"4156619",1204,62,6
"4156639",521,50,4
"4156655",1204,50,5
"4156706",602,95,11
"4156708",12248.89,50,10
"4156737",20150.43,50,12
"4156743",725.4,50,7
"4156746",8204,50,7
"4156748",5067.76,50,10
"4156763",1204,51,9
"4156769",750,80,5
"4156802",77.3,50,5
"4156807",2704,50,9
"4156821",1204,50,9
"4156826",80.27,58,9
"4156830",80,50,5
"4156855",769.14,50,7
"4156874",2411.98,67,11
"4156898",602,64,7
"4156899",2486.55,50,13
"4156905",68.8,95,4
"4156923",200,112,5
"4156928",1723.86,50,14
"4156939",462.85,50,7
"4156941",1204,118,4
"4156945",591,60,6
"4156997",1204,80,9
"4157026",2602,50,6
"4157060",1204,100,5
"4157082",1204,118,7
"4157098",1204,118,5
"4157111",205.18,76,5
"4157142",1204,75,5
"4157147",1204,118,7
"4157163",1204,75,5
"4157167",1204,50,5
"4157168",147.48,50,7
"4157180",89.7,90,7
"4157181",1669.63,50,8
"4157231",1204,90,7
"4157252",524.47,90,5
"4157259",2013.55,50,4
"4157295",1204,62,6
"4157306",1284,56,6
"4157342",1293.7,50,7
"4157443",1204,50,6
"4157480",1204,50,7
"4157483",3204,50,5
"4157494",1294,100,5
"4157523",602,50,7
"4157539",1204,50,5
"4157568",1204,100,5
"4157585",1204,125,4
"4157617",1204,50,4
"4157634",566.46,66,5
"4157642",1113.45,62,9
"4157745",7777,60,9
"4157758",76.01,50,15
"4157761",1204,85,7
"4157781",1204,50,7
"4157791",1204,125,7
"4157796",1204,125,5
"4157833",2408,133,8
"4157873",2222.22,95,7
"4157878",6204,95,9
"4157894",7777,112,7
"4157917",1204,118,5
"4157967",170.62,95,6
"4157978",585.3,80,7
"4158001",700,85,4
"4158019",602,56,4
"4158032",1204,85,6
"4158070",84.92,95,6
"4158078",3602,95,6
"4158122",1204,125,5
"4158144",602,81,6
"4158148",4908,71,7
"4158158",602,50,4
"4158171",1204,85,6
"4158183",86.95,80,5
"4158204",1204,125,6
"4158209",1204,118,9
"4158214",1204,112,9
"4158237",7410,50,8
"4158244",297.57,53,7
"4158250",1204,85,8
"4158255",543.33,95,8
"4158267",1204,50,5
"4158303",1204,50,7
"4158394",2408,147,4
"4158397",1204,50,5
"4158413",1204,52,7
"4158432",1279.95,80,6
"4158439",1204,50,8
"4158455",1204,50,5
"4158483",2000,50,6
"4158490",78.33,50,12
"4158496",6310.31,50,5
"4158634",602,51,6
"4158656",500,50,4
"4158689",1843.16,50,7
"4158705",1204,50,11
"4158772",602,50,9
"4158774",1204,50,4
"4158786",1404,95,6
"4158800",2.61,80,7
"4158807",1204,62,6
"4158812",150,106,5
"4158819",1204,50,6
"4158832",858.75,55,8
"4158843",1204,62,6
"4158868",2408,50,7
"4158874",1204,67,12
"4158901",1204,50,6
"4158918",765.2,56,5
"4158937",68.28,68,5
"4158939",1204,80,9
"4158949",176,95,4
"4158967",1204,95,9
"4158974",1806,95,7
"4158989",669.54,90,6
"4158996",1204,125,5
"4159023",500,50,5
"4159039",1204,50,6
"4159076",1194.16,71,6
"4159077",1204,100,9
"4159103",1204,100,6
"4159123",3204,50,7
"4159130",444.65,50,9
"4159158",325.26,50,6
"4159168",1204,50,9
"4159180",1204,65,6
"4159186",1317,50,5
"4159234",1204,50,7
"4159243",2408,50,5
"4159258",1508.55,50,7
"4159259",355.59,76,12
"4159293",79.99,50,5
"4159333",602,148,10
"4159334",984.72,51,5
"4159338",1714.54,50,7
"4159343",1204,90,9
"4159345",5980.98,50,10
"4159364",27204,80,5
"4159388",14500,50,7
"4159536",1204,95,5
"4159563",200,50,5
"4159583",602,50,6
"4159593",1204,78,5
"4159607",1204,62,5
"4159613",1356.45,50,4
"4159624",1204,112,5
"4159625",1204,95,6
"4159626",602,50,5
"4159628",1204,95,4
"4159663",1204,50,10
"4159669",3939.95,50,10
"4159677",602,50,7
"4159721",1204,50,6
"4159778",1204,50,7
"4159792",211204,50,5
"4159795",1204,50,8
"4159804",1204,50,7
"4159821",208.3,50,7
"4159836",1204,63,7
"4159840",1204,50,8
"4159851",1204,61,5
"4159856",1204,50,6
"4159900",1204,62,6
"4159903",1204,96,8
"4159918",1204,50,4
"4159936",1208.03,50,5
"4159988",4908.59,50,6
"4159991",8843.26,62,7
"4160004",1204,125,11
"4160022",1204,62,7
"4160047",447.31,50,6
"4160055",2398.99,100,7
"4160086",1204,72,10
"4160095",1204,100,7
"4160127",1204,50,7
"4160175",1204,50,9
"4160210",602,50,5
"4160212",335.95,50,4
"4160232",1204,75,7
"4160249",2408,62,9
"4160264",2802.87,50,6
"4160321",1204,62,7
"4160338",1204,72,12
"4160379",1204,118,5
"4160395",2408,50,6
"4160414",1204,90,6
"4160429",1204,50,6
"4160440",607.16,50,10
"4160474",3572.95,50,4
"4160476",1204,60,4
"4160510",1204,50,7
"4160523",1674.41,50,7
"4160528",1204,75,5
"4160673",1204,62,6
"4160684",1204,95,5
"4160733",1204,50,6
"4160822",1204,50,5
"4160832",763.2,50,6
"4160859",933.36,83,7
"4160925",258.48,62,11
"4160971",91.16,95,7
"4161044",1748.99,50,5
"4161074",1204,50,7
"4161075",3204,54,6
"4161100",1204,72,6
"4161116",1204,118,4
"4161132",1204,50,10
"4161194",5000,90,5
"4161216",1204,50,5
"4161219",1204,50,9
"4161288",1721.01,50,5
"4161291",1057.33,50,7
"4161292",142.97,50,9
"4161305",1204,68,5
"4161312",1704,50,11
"4161335",1204,50,4
"4161353",1204,50,4
"4161360",2616.51,95,4
"4161368",602,67,10
"4161390",1142.28,50,5
"4161405",4479.47,50,5
"4161426",36,58,7
"4161445",1204,76,4
"4161481",4204,68,11
"4161483",307.04,95,4
"4161487",10193.42,68,4
"4161585",1204,50,5
"4161597",602,50,13
"4161628",972.43,50,7
"4161630",1204,50,5
"4161650",147.69,90,8
"4161651",1204,50,7
"4161671",1204,95,11
"4161676",602.87,50,6
"4161708",1204,50,9
"4161730",1204,80,7
"4161770",150,95,6
"4161772",1204,80,6
"4161780",1204,50,7
"4161809",74.99,100,5
"4161842",1204,50,4
"4161854",359.25,95,5
"4161856",3000,60,6
"4161862",1324.27,65,10
"4161878",13280.45,50,10
"4161894",75,58,6
"4161902",1204,100,8
"4161908",1204,50,10
"4161919",1204,100,4
"4161931",213.21,95,8
"4161943",2402.24,50,5
"4161945",602,50,14
"4161990",1204,61,10
"4162011",602,100,14
"4162012",1261.11,50,7
"4162025",950.33,50,6
"4162027",1204,62,4
"4162046",2408,100,7
"4162076",602,112,5
"4162082",726.68,50,8
"4162099",1204,64,10
"4162131",1204,57,5
"4162139",1806,56,5
"4162160",1704,67,7
"4162169",80.5,64,7
"4162192",2408,62,5
"4162197",80.5,64,6
"4162273",1204,50,7
"4162308",1204,64,6
"4162318",5742.3,95,6
"4162320",76,95,5
"4162333",80,60,5
"4162350",3778.01,100,4
"4162351",1204,100,6
"4162355",1204,95,7
"4162372",1075.2,50,4
"4162423",2743.62,95,5
"4162447",98.64,50,6
"4162448",2554.51,66,7
"4162452",459.28,50,8
"4162523",1204,100,7
"4162542",1204,106,5
"4162543",1204,54,7
"4162627",1521.89,54,10
"4162720",549.63,50,6
"4162745",1625.16,90,5
"4162778",1204,50,4
"4162779",1704,77,5
"4162789",412.83,64,5
"4162793",82.52,50,7
"4162815",3204,50,5
"4162909",1204,50,6
"4162945",117.46,68,8
"4162947",59,57,7
"4162949",103.1,100,9
"4162954",1204,80,5
"4162970",1204,100,4
"4162993",1204,95,6
"41630",1128.12,62,6
"4163008",1258.36,50,7
"4163027",1204,50,6
"4163052",1894,51,11
"4163056",4204,66,4
"4163127",2850,50,5
"4163130",3204,50,5
"4163133",86.49,50,6
"4163147",2632.02,95,6
"4163199",906.48,100,6
"4163288",8617.32,100,5
"4163319",1204,100,4
"4163408",1204,50,7
"4163428",1204,64,4
"4163448",802,50,5
"4163479",1234.68,100,9
"4163480",2204,80,5
"4163544",1543.66,63,6
"4163545",3204,50,6
"4163610",1204,112,10
"4163640",602,125,7
"4163642",2868.44,95,4
"4163661",607.43,50,4
"4163666",1204,95,8
"4163678",31204,100,5
"4163679",1204,51,6
"4163690",602,50,6
"4163696",797.89,112,4
"4163702",1204,50,9
"4163711",888.82,51,5
"4163717",1411.36,100,7
"4163719",1204,50,7
"4163730",70.56,50,5
"4163737",151.13,50,7
"4163744",8704,50,6
"4163770",1204,85,4
"4163782",800.21,85,4
"4163802",1204,71,8
"4163842",1204,95,6
"4163891",156.37,80,10
"4163897",2408,53,4
"4163913",4263.11,100,7
"4163930",71.52,50,5
"4163979",1204,54,7
"4164025",871.7,76,5
"4164026",1204,95,5
"4164035",2078.34,50,6
"4164046",138.29,50,7
"4164053",948.22,50,14
"4164069",408.11,50,4
"4164078",1204,80,6
"4164089",1204,62,5
"4164105",1204,118,4
"4164127",1204,100,7
"4164138",239.16,100,5
"4164186",12.89,50,4
"4164209",1204,65,8
"4164216",101.29,85,10
"4164230",2756.04,80,4
"4164242",1204,125,4
"4164261",602,64,9
"4164263",1204,50,6
"4164280",1204,50,7
"4164287",1204,50,5
"4164303",2787.28,50,10
"4164304",1204,118,6
"4164313",766.76,80,5
"4164328",1204,50,9
"4164331",1204,90,9
"4164335",2638.42,50,10
"4164370",358.13,80,7
"4164382",3720.32,100,6
"4164384",889.59,50,8
"4164392",6204,68,6
"4164402",1204,51,8
"4164411",1204,68,8
"4164414",1204,50,9
"4164478",1204,85,6
"4164535",781.7,95,8
"4164536",3204,95,9
"4164543",82.88,68,13
"4164553",433.3,90,6
"4164713",1204,62,11
"4164723",1204,118,6
"4164725",366.01,90,4
"4164736",1204,58,7
"4164740",152.5,95,6
"4164748",1204,100,8
"4164761",1806,69,6
"4164769",1895,50,8
"4164838",41204,100,7
"4164876",2779.14,50,6
"4164895",516.97,52,6
"4164927",1641.77,125,7
"4164956",1204,50,6
"4164972",3143.43,50,6
"4164978",1204,95,7
"4165019",1204,95,7
"4165052",1849.16,100,5
"4165122",1204,50,7
"4165139",1425.15,100,7
"4165187",1506.38,100,7
"4165285",113,90,4
"4165292",1204,50,6
"4165295",4546.37,50,7
"4165341",1070.89,125,6
"4165342",1204,50,4
"4165403",1204,62,8
"4165412",945.39,62,7
"4165454",1204,100,4
"4165455",1204,125,6
"4165484",39.48,50,7
"4165501",602,50,6
"4165525",3704,90,6
"4165539",1204,50,7
"4165541",1579.63,100,7
"4165557",1204,81,8
"4165577",602,50,8
"4165608",1204,85,6
"4165659",1204,50,4
"4165736",1204,62,7
"4165746",1709.7,50,5
"4165753",3240.21,57,6
"4165769",951.25,72,6
"4165782",306.84,95,7
"4165785",1204,100,6
"4165795",602,112,7
"4165811",703.74,125,7
"4165816",3626.71,50,9
"4165821",1204,50,5
"4165852",2408,50,9
"4165863",900.01,95,6
"4165870",2236.76,50,4
"4165874",1204,50,6
"4165911",2408,50,7
"4165918",1204,50,6
"4165941",424.46,50,8
"4165967",3704,125,6
"4165985",1204,50,4
"4166053",1204,50,7
"4166098",1204,95,6
"4166105",80,50,11
"4166108",3204,62,11
"4166111",1204,125,8
"4166131",201.51,50,7
"4166144",1204,50,7
"4166202",1204,90,5
"4166204",327.96,50,5
"4166230",651.13,82,7
"4166232",1204,50,6
"4166236",1204,54,7
"4166249",16.27,95,9
"4166327",3204,50,5
"4166443",2608,80,5
"4166464",1204,95,4
"4166483",824.23,95,7
"4166493",5204,50,6
"4166495",1612.3,50,11
"4166526",926.93,50,15
"4166554",1204,63,4
"4166557",8861.5,100,4
"4166558",1204,100,4
"4166629",1204,51,7
"4166679",1204,50,12
"4166735",1204,50,7
"4166756",80.5,50,6
"4166797",1204,50,7
"4166835",1204,95,9
"4166849",602,50,13
"4166862",592.28,68,5
"4166881",1204,50,5
"4166894",1204,75,8
"4166906",780.81,56,11
"4166915",1204,63,8
"4166944",1204,60,6
"4166998",886.18,50,9
"4167027",396,95,5
"4167033",1204,50,7
"4167063",1204,95,6
"4167064",1204,64,10
"4167074",1204,54,9
"4167079",957.83,50,4
"4167083",1204,125,10
"4167099",74.14,85,5
"4167124",200,50,6
"4167142",1204,50,5
"4167181",3056.97,54,6
"4167199",282.16,65,5
"4167231",1204,50,7
"4167237",1074.16,76,7
"4167238",2000,95,7
"4167250",1300.92,118,11
"4167262",1204,63,14
"4167264",1204,50,6
"4167272",1204,100,6
"4167344",2330.33,50,6
"4167360",1204,100,4
"4167361",1204,156,7
"4167382",1204,50,8
"4167405",9425.66,62,5
"4167413",1204,51,10
"4167421",4589.6,90,11
"4167430",1204,50,9
"4167450",1204,125,7
"4167455",1204,62,5
"4167474",118000,100,9
"4167488",1204,100,5
"4167492",257.38,100,7
"4167503",439.84,95,5
"4167513",85.63,100,7
"4167519",1204,100,7
"4167529",1204,125,7
"4167547",602,95,8
"4167581",3704,100,5
"4167602",1420.99,100,14
"4167606",1565.69,100,6
"4167616",1204,100,7
"4167629",3482.29,100,12
"4167656",958.43,95,7
"4167730",1204,50,7
"4167733",1204,76,6
"4167754",3204,50,8
"4167763",3145.98,57,5
"4167764",80,50,6
"4167784",1204,50,6
"4167802",158.78,50,6
"4167812",1204,54,11
"4167840",249.39,90,4
"4167845",1521.35,50,6
"4167849",1204,50,9
"4167887",130.65,50,6
"4167891",797.3,55,8
"4167950",1204,50,5
"4168051",1313.13,72,6
"4168059",1204,112,7
"4168062",1204,62,5
"4168067",80,51,13
"4168068",1204,50,4
"4168088",1204,50,7
"4168096",660.44,50,15
"4168115",1204,53,9
"4168222",1097.99,50,7
"4168346",1204,50,4
"4168390",1204,100,6
"4168412",1204,60,8
"4168430",200,50,7
"4168440",1204,85,5
"4168455",5342.5,50,9
"4168497",1204,68,5
"4168500",220.15,50,9
"4168502",1204,50,5
"4168542",1204,59,6
"4168566",3219.47,50,11
"4168571",5000,50,5
"4168627",248.5,50,5
"4168651",12.54,50,5
"4168661",2500,72,11
"4168665",602,60,6
"4168683",1204,76,7
"4168689",2704,50,5
"4168702",1143.64,50,5
"4168706",1204,50,7
"4168758",3708.98,50,5
"4168773",1204,50,5
"4168790",1204,50,8
"4168793",1204,50,10
"4168807",80,85,11
"4168871",1204,90,5
"4168874",573.53,95,5
"4168876",1204,62,4
"4168911",1204,50,6
"4168928",2045.33,95,7
"4169019",276643,100,4
"4169035",2413.1,100,5
"4169048",3288.5,76,10
"4169049",1204,95,14
"4169092",1204,62,7
"4169095",816.36,50,7
"4169122",1204,100,7
"4169124",376.22,95,6
"4169131",1204,50,5
"4169132",1204,85,6
"4169143",1204,125,7
"4169151",1124.68,53,6
"4169198",547.66,50,7
"4169210",1204,95,5
"4169229",876.78,58,4
"4169253",204.97,68,7
"4169255",1204,50,6
"4169257",37.84,100,7
"4169269",1204,95,5
"4169286",1204,90,7
"4169300",1127.6,85,6
"4169304",630.42,95,10
"4169311",1204,72,10
"4169317",1219.54,125,7
"4169318",1204,100,10
"4169324",602,95,9
"4169345",1204,100,5
"4169364",1204,100,7
"4169374",1204,80,5
"4169376",1204,62,8
"4169395",1204,50,10
"4169422",82.52,50,8
"4169453",1204,125,8
"4169457",1204,50,8
"4169479",1204,100,4
"4169497",1204,50,6
"4169532",1204,80,9
"4169542",602,100,12
"4169662",1204,68,4
"4169697",1204,62,6
"4169711",445.92,89,5
"4169746",4837.11,50,8
"4169765",965.08,95,6
"4169774",1204,50,6
"4169806",1204,50,8
"4169812",1204,80,4
"4169825",602,72,15
"4169925",580.62,100,6
"4169947",1404,100,6
"4169952",1204,90,7
"4169965",12316,100,5
"4169982",1204,95,6
"4169987",1806,140,5
"4170055",1204,85,7
"4170066",1204,100,6
"4170073",602,50,6
"4170087",3204,95,7
"4170145",1204,95,7
"4170160",1204,112,5
"4170163",1204,100,6
"4170209",1204,58,14
"4170214",487.69,52,6
"4170215",1430.47,52,6
"4170220",492.99,50,7
"4170227",1204,125,4
"4170235",914.73,79,9
"4170259",779.99,95,5
"4170306",391.98,50,13
"4170323",20000,100,7
"4170330",1204,51,6
"4170381",150.83,50,5
"4170382",76,100,7
"4170389",1204,112,4
"4170413",2408,50,5
"4170426",2842.86,100,7
"4170466",602,85,5
"4170544",3204,125,8
"4170553",2814.72,100,6
"4170573",1204,50,4
"4170593",1204,50,6
"4170605",1204,52,6
"4170616",1204,50,4
"4170660",1204,50,6
"4170662",2664.84,50,4
"4170664",1204,50,8
"4170731",725.24,100,4
"4170784",8103.19,100,5
"4170785",80,50,4
"4170838",1823.5,100,7
"4170860",9.99,100,7
"4170885",208.55,50,5
"4170897",5134.13,125,7
"4170927",1204,50,7
"4170928",2000,50,4
"4170935",616.38,50,6
"4170949",1204,62,9
"4170952",868.8,50,5
"4171029",1204,75,5
"4171053",10327.75,50,6
"4171094",1500,100,7
"4171115",1204,100,6
"4171137",80.5,57,9
"4171193",686.24,100,11
"4171215",1204,50,5
"4171289",1204,50,5
"41713",1128.12,95,5
"4171313",1204,62,6
"4171363",1204,50,7
"4171364",1204,50,4
"4171373",1204,50,7
"4171403",1204,62,4
"4171501",602,50,6
"4171537",1204,62,5
"4171551",1204,50,5
"4171569",9.01,50,6
"4171585",1204,50,4
"4171591",1204,62,6
"4171601",1204,50,4
"4171660",1204,50,6
"4171666",1204,62,5
"4171669",144.38,50,7
"4171675",1503.91,72,6
"4171742",1204,62,6
"4171815",501.36,50,5
"4171910",1204,125,7
"4171938",1204,58,7
"4171944",2000,73,6
"4171946",1204,50,7
"4171995",1204,60,5
"4172010",1204,50,5
"4172022",184.55,50,5
"4172079",1204,50,5
"4172115",1204,50,5
"4172127",26356.45,50,7
"4172135",1204,50,5
"4172155",334.35,50,7
"4172263",658.92,50,7
"4172294",1204,50,5
"41723",1031.21,50,5
"4172307",1204,50,4
"4172310",1204,50,7
"4172355",1204,50,5
"4172422",1204,50,6
"4172515",1204,50,6
"4172612",1204,50,6
"4172647",1204,100,5
"4172681",1204,50,5
"41727",1128.12,50,10
"4172757",1204,50,7
"4172804",1204,50,11
"4172865",1204,50,4
"4172941",1204,50,7
"4172947",2257.06,50,4
"4173096",1204,50,5
"4173121",80.5,52,8
"4173131",1204,50,5
"4173138",375.41,58,6
"4173217",1204,50,9
"4173249",133.01,50,7
"4173281",1204,50,7
"4173291",1204,50,5
"4173303",1204,50,5
"4173321",3204,50,5
"4173392",77.73,51,5
"4173398",2923.32,54,5
"4173439",1204,50,5
"4173457",2011.69,50,5
"4173474",1204,51,5
"4173503",910.08,53,6
"4173506",1204,50,6
"4173515",59.03,50,7
"4173528",1204,68,7
"4173604",1204,132,8
"4173630",602,57,5
"4173636",1204,65,4
"4173637",76.01,50,6
"4173662",1434.72,50,6
"4173665",1204,62,5
"4173669",1204,50,5
"4173702",272.51,50,7
"4173728",39.79,50,6
"4173771",1204,63,7
"4173784",1204,50,10
"41738",360.43,50,4
"4173804",602,50,5
"4173817",1204,50,5
"4173843",1204,58,14
"4173894",1204,50,6
"4173895",1204,50,7
"4173900",1204,52,5
"4174101",1204,58,5
"4174146",1204,50,7
"4174174",1204,62,5
"4174194",1204,50,5
"4174265",1733.2,63,5
"4174276",267.73,50,7
"4174419",200,50,4
"4174526",1204,50,6
"4174532",1928.89,50,9
"4174543",61.41,50,7
"4174554",10584.92,50,9
"4174603",1204,50,6
"4174658",1204,65,4
"4174711",107.18,50,6
"4174724",3432.18,59,5
"4174743",1204,50,4
"4174765",1204,58,4
"4174790",602,50,10
"4174793",1204,50,7
"4174820",4919.11,58,6
"4174847",200,71,6
"4174848",1204,90,5
"4174859",3204,50,4
"4174871",1204,81,5
"4174918",602,50,5
"4174919",2000,50,5
"4174924",508.24,102,8
"4174929",1204,50,5
"4174955",1204,67,7
"4174958",897,59,6
"4174962",1204,50,5
"4175003",602,50,4
"4175043",1204,50,6
"4175111",602,50,4
"4175120",802.65,54,7
"4175126",1204,60,5
"4175148",6.52,50,9
"4175194",329.26,55,7
"4175213",500,50,6
"4175236",1186.24,50,7
"4175240",1204,50,4
"4175269",1204,50,8
"4175280",1395.13,50,9
"4175388",2000,50,6
"4175389",1204,72,8
"4175412",1204,50,5
"4175429",1204,50,7
"4175441",1204,62,9
"4175452",602,50,7
"4175560",1204,62,5
"4175584",687.55,50,5
"4175590",181.2,56,6
"4175610",1204,62,5
"4175625",3204,62,5
"4175638",1204,62,5
"4175680",1204,50,5
"4175719",2313.81,50,4
"4175721",412.87,50,10
"4175782",200,50,4
"4175805",2408,50,7
"4175867",494.11,50,7
"4175912",324.25,50,5
"4175936",1204,50,7
"4175947",1204,50,7
"4175968",1204,50,6
"4175975",602,50,5
"4176011",1686.18,50,6
"4176043",2217.5,50,6
"4176065",1204,50,7
"4176074",2166.47,50,5
"4176089",666.15,50,5
"4176139",602,54,7
"4176148",1204,50,7
"4176162",1204,50,6
"4176164",300,50,7
"4176264",800.92,50,6
"4176269",491.64,50,6
"4176297",1228.16,50,9
"4176317",91054.1,50,7
"4176324",67.84,64,6
"4176327",1204,50,11
"4176346",1204,78,6
"4176386",1204,85,9
"4176387",1204,62,7
"4176408",1204,50,10
"4176420",201.57,50,5
"4176433",202,50,7
"4176440",1204,50,6
"4176449",2815.01,50,5
"4176455",1357.09,50,9
"4176477",1204,50,4
"4176478",1204,66,5
"4176479",841.53,83,6
"4176501",349.19,50,10
"4176505",1204,50,4
"4176554",5000,50,4
"4176589",1204,72,4
"4176605",89.2,50,6
"4176622",1204,64,6
"4176660",734.15,50,6
"4176686",753.81,50,4
"4176725",1204,50,9
"4176751",666.27,50,7
"4176841",1204,50,5
"4176848",1204,50,6
"4176914",1204,50,6
"4176953",1204,50,7
"4176967",1204,50,7
"4176989",1204,50,7
"4177009",1204,50,7
"4177032",1360.46,50,9
"4177049",2226.69,62,5
"4177057",112.34,125,5
"4177058",439.16,50,6
"4177077",1204,59,6
"4177083",1204,50,9
"4177105",1204,50,9
"4177116",1204,50,5
"4177264",1204,50,6
"4177296",1204,50,4
"4177323",371.25,50,6
"4177380",78.7,68,6
"4177397",1204,62,6
"4177406",1204,57,4
"4177420",80.33,50,5
"4177472",2000,50,7
"4177479",1204,50,5
"4177499",1204,50,6
"4177627",1204,50,6
"4177649",1408.42,80,7
"4177668",4335.66,50,7
"4177679",1204,50,7
"4177680",1204,50,4
"4177686",1757.04,50,6
"4177694",1204,67,7
"4177715",1204,50,6
"4177749",1204,50,6
"4177789",1204,80,4
"4177801",490.07,50,4
"4177901",1000,50,4
"4177981",1204,64,6
"4178",326.57,50,5
"4178017",1204,50,15
"4178089",1204,61,7
"4178147",80,50,7
"4178193",1204,50,7
"41782",1128.12,57,11
"4178253",1204,71,6
"4178312",455.02,50,7
"4178319",299.18,50,8
"4178335",1204,50,6
"4178394",1204,55,4
"4178414",194.84,50,6
"4178424",1204,50,5
"4178470",875.12,62,7
"4178520",1704,58,11
"4178538",1204,71,6
"4178552",1204,72,7
"4178583",1204,50,5
"4178627",985,68,10
"4178661",2124.38,65,4
"4178670",1204,97,7
"4178681",692.9,50,5
"4178684",602,50,5
"4178711",1204,62,4
"4178721",150.07,50,8
"4178722",1204,72,7
"4178732",1204,50,5
"4178751",1204,50,7
"4178766",4885,50,6
"4178788",1204,50,6
"4178789",1204,62,12
"4178813",1204,55,4
"4178901",2873.18,50,7
"4178980",1204,50,8
"4179001",1204,90,4
"4179064",251.34,50,6
"4179082",4712.5,88,7
"4179114",1204,62,9
"4179145",152.45,57,6
"4179148",9573.59,62,5
"4179152",13.3,71,6
"4179159",1204,62,7
"4179177",1204,62,4
"4179186",1586.24,50,5
"4179246",1204,50,7
"4179272",442,67,11
"4179292",1005.36,50,9
"4179306",4685.71,81,5
"4179319",134.02,50,5
"4179320",1204,66,8
"4179331",1204,50,10
"4179419",1204,50,10
"4179422",1204,50,7
"4179432",616.47,52,5
"4179454",1204,62,6
"4179459",1204,50,6
"4179491",1204,67,8
"4179513",982.26,67,7
"4179546",1204,50,10
"4179563",1204,50,6
"4179577",277.07,50,7
"4179590",9742,62,6
"4179676",311.12,50,4
"4179681",248.51,50,6
"4179685",1204,50,5
"4179770",2026.53,50,4
"4179779",200,50,5
"4179862",3204,62,11
"4179866",103.67,62,7
"4179868",1452.11,50,9
"4179965",1204,62,7
"4179978",1204,50,7
"4179991",611.98,50,5
"4180012",500,50,5
"4180018",136.24,50,4
"4180061",380,50,6
"4180129",1204,64,4
"4180140",1204,50,5
"4180233",3204,115,7
"4180273",1204,62,6
"4180310",144.12,84,6
"4180332",1204,90,10
"4180334",1204,50,7
"4180356",1204,50,7
"4180368",24000,53,11
"4180399",1204,76,6
"4180403",787.23,67,9
"4180483",1204,95,5
"4180484",1204,100,4
"4180489",1204,56,5
"4180499",383.13,54,6
"4180615",1204,100,7
"4180620",55.85,64,9
"4180634",1204,50,4
"4180637",8981,50,6
"4180666",1294.18,100,6
"4180694",2233.42,118,7
"4180702",6500,100,4
"4180707",1204,50,13
"4180714",1204,58,4
"4180752",1204,62,7
"4180781",1204,125,4
"4180825",1204,50,6
"4180867",3060.26,50,7
"4180976",885.4,95,7
"4180999",1204,51,6
"4181004",1204,90,9
"4181038",3867.62,50,7
"4181041",1204,50,5
"4181077",437.92,50,4
"4181152",927.47,60,6
"4181158",1204,50,6
"4181195",1307.64,60,10
"4181217",1231.75,50,7
"4181225",1204,85,7
"4181255",1793.09,100,5
"4181285",1204,100,4
"4181317",2046.74,95,6
"4181388",1204,50,7
"4181506",1204,50,10
"4181508",1452.33,76,7
"4181516",1854.27,60,9
"4181519",806.27,50,12
"4181536",1204,100,4
"4181537",1210.99,100,7
"4181567",1204,50,5
"4181639",1053.43,68,4
"4181702",1204,72,9
"4181704",1204,50,5
"4181711",967.67,85,8
"4181732",1204,50,4
"4181765",7894.25,118,4
"4181773",410.29,112,5
"4181774",2953.74,100,11
"4181807",1204,125,5
"4181812",494.43,100,7
"4181817",1204,125,9
"4181821",51204,100,7
"4181834",2408,76,9
"4181835",1204,125,6
"4181838",1823.9,100,4
"4181841",2093.45,100,10
"4181860",1204,125,7
"4181866",623.26,100,6
"4181878",372.46,100,6
"4181887",2666.06,95,9
"4181896",1204,100,8
"4181909",1204,80,5
"4181971",1204,100,6
"4181981",1138.15,100,6
"4181993",602,90,10
"4182008",175.94,64,8
"4182019",1204,50,6
"4182020",1204,62,6
"4182036",1204,62,10
"4182037",1204,50,10
"4182049",1204,112,7
"4182051",82.52,50,5
"4182073",1404,125,7
"4182146",755.72,72,5
"4182154",1204,50,10
"4182173",1204,80,6
"4182192",1204,63,6
"4182214",1204,85,6
"4182235",1204,100,5
"4182247",1245.69,80,6
"4182341",1204,50,10
"4182389",1204,50,10
"4182403",442.68,50,7
"4182428",1204,100,6
"4182537",1204,57,7
"4182558",1204,76,5
"4182623",1204,100,7
"4182685",1204,100,7
"4182691",1204,50,6
"4182694",1204,100,7
"4182711",1204,50,5
"4182749",1375.44,50,5
"4182799",1204,50,5
"4182805",1204,50,4
"4182847",2408,156,6
"4182890",1204,50,7
"4182892",419.33,50,8
"4182897",1204,100,6
"4182911",1204,50,7
"4182922",1204,50,5
"4182937",1204,85,6
"4182963",11602,50,7
"4182988",1204,68,5
"4183076",2408,90,4
"4183095",1204,100,7
"4183100",1204,54,12
"4183112",1204,100,6
"4183138",152.45,58,10
"4183181",3204,86,8
"4183253",1204,50,7
"4183287",1204,125,5
"4183524",1204,50,10
"4183574",80.13,100,6
"4183605",2000,50,7
"4183634",1204,95,4
"4183704",80.5,72,4
"4183777",1204,125,4
"4183975",1204,62,5
"4184024",21204,50,6
"4184054",1699.63,80,7
"4184061",1204,60,9
"4184174",1318.82,100,7
"4184190",1204,100,7
"4184316",1204,60,7
"4184342",1204,67,7
"4184374",1204,85,7
"4184390",1391.45,63,10
"4184391",1204,50,8
"4184400",1204,112,4
"4184432",1204,50,5
"4184447",445.17,80,5
"4184550",1204,50,5
"4184680",1204,50,6
"41847",1128.12,228,7
"41848",1128.12,50,6
"4184844",1204,100,4
"4185052",925.09,65,5
"4185060",1572.01,50,6
"4185073",602,63,4
"4185078",3095,50,5
"4185099",1204,50,5
"4185105",1204,50,7
"4185146",1417.95,50,6
"4185157",285.38,50,4
"4185161",3204,50,10
"4185179",1204,66,5
"4185207",3204,70,8
"4185214",1522.76,50,6
"4185217",743.56,51,10
"4185284",1204,50,8
"4185337",602,112,7
"4185354",1204,78,4
"4185383",82.52,51,6
"4185401",133.42,50,7
"4185465",1204,50,5
"4185473",1204,50,5
"4185516",1204,50,9
"4185523",1204,50,7
"4185528",586.24,50,4
"4185556",1200.15,50,7
"4185568",1204,62,6
"4185620",1204,50,4
"4185640",3204,50,6
"4185665",668.27,50,14
"4185678",1204,85,5
"4185737",1204,50,7
"4185765",89.16,50,6
"4185854",1204,50,6
"4185866",1300,66,6
"4185884",2778.15,51,7
"4185920",581.49,62,5
"4185921",1204,67,7
"4185930",1204,50,7
"4185938",1204,50,4
"4185972",1204,50,6
"4185975",1449.53,50,7
"4185978",2481.66,50,4
"4186003",1204,50,8
"4186052",1562.27,50,12
"4186058",5363.13,65,9
"4186084",1204,85,10
"4186119",1704,67,5
"4186153",1204,55,6
"4186182",4339.97,50,9
"4186203",407.44,50,7
"4186292",392.77,52,4
"4186297",1204,62,7
"4186299",1806,50,6
"41863",508.62,90,6
"4186364",638.41,50,6
"4186450",1204,50,6
"4186496",40.98,50,6
"4186501",1176,50,10
"4186542",1204,50,6
"4186548",84.33,57,4
"4186591",849.98,50,10
"4186600",602,66,5
"4186614",1204,50,9
"4186654",2704,50,11
"4186673",1204,50,9
"4186678",3204,80,7
"4186692",1300,62,8
"4186695",1258.75,57,6
"4186720",3612,62,4
"4186769",46.06,50,5
"4186790",4699.46,50,4
"4186822",39660,62,9
"4186851",1204,50,11
"4186853",10362.08,50,5
"4186878",1204,50,4
"4186908",1204,50,7
"4187006",602,51,6
"4187138",718.9,50,7
"4187157",3737.05,50,4
"4187167",1204,50,5
"4187177",1204,50,7
"4187181",338.11,90,4
"4187279",500,50,7
"4187286",1500,68,4
"4187292",189.01,54,8
"4187295",1204,96,7
"4187296",3204,50,7
"4187331",1670.9,50,4
"4187357",1204,90,5
"4187388",1204,50,6
"4187407",1204,50,4
"4187427",1204,50,15
"4187481",2046.15,52,6
"4187515",1204,106,7
"4187517",500,50,6
"4187544",1204,50,6
"4187565",156.82,50,12
"4187590",1204,50,5
"4187627",1204,62,10
"4187660",7777,50,6
"4187675",1204,58,9
"4187740",1204,76,6
"4187753",1204,50,6
"4187757",171.25,100,6
"4187809",1204,64,7
"4187815",64.16,50,5
"4187816",602,56,4
"4187820",1204,62,5
"4187856",612,50,7
"4187909",1204,100,4
"4187924",97.06,57,5
"4188030",1204,58,9
"4188055",1204,125,7
"4188071",1204,50,6
"4188072",1204,77,9
"4188086",1204,50,4
"4188089",173.3,50,8
"4188192",1204,67,8
"4188197",1204,50,6
"4188207",496.7,58,5
"4188211",338.84,62,6
"4188222",1204,118,6
"4188233",602,50,4
"4188244",1204,95,6
"4188250",1204,58,10
"4188330",507.08,50,5
"4188380",602,80,4
"4188437",970.98,56,7
"4188442",1204,50,5
"4188444",200,50,7
"4188455",1204,60,8
"4188476",1204,64,10
"41885",75.92,76,6
"4188527",1204,62,4
"4188531",1204,50,8
"4188545",1204,76,5
"4188562",1204,55,11
"4188582",2062,62,5
"4188604",392.89,50,7
"4188638",1204,95,6
"4188680",2265.27,50,7
"4188704",2085.98,90,7
"4188735",5875.41,95,5
"4188759",766.85,50,6
"4188773",1204,95,5
"4188799",1204,118,4
"4188819",1204,54,4
"4188824",149.64,50,5
"4188852",1204,50,12
"4188864",1204,50,4
"4188875",1204,62,7
"4188921",3204,106,7
"4188992",1983.13,50,7
"4188993",1204,100,6
"4189003",981,52,6
"4189015",602,126,5
"4189024",364.6,54,6
"4189038",650,50,9
"4189075",220.08,50,6
"4189077",1204,50,6
"4189195",1204,51,4
"41912",1128.12,50,6
"41945",1128.12,50,6
"41958",963.42,68,6
"41960",564.06,76,8
"41963",1128.12,100,7
"41970",3154.62,50,7
"41976",67.46,50,9
"41988",1128.12,64,5
"41990",3396.56,76,13
"41996",74.38,95,5
"42002",369.42,60,7
"42042",1605.43,90,4
"42087",2615.9,76,7
"4214",409.13,100,8
"42162",4022.95,80,6
"42187",568.83,68,6
"42230",1128.12,50,8
"42239",173.53,60,4
"42263",1128.12,51,7
"42304",1128.12,74,6
"42308",1128.12,90,6
"4232",1473.79,50,7
"42352",489.28,52,11
"424",10834,100,10
"42428",1128.12,57,13
"42447",1243.6,50,5
"42455",1128.12,64,6
"42479",283.22,50,6
"42504",1128.12,50,8
"42514",1218.4,95,9
"42522",81.78,50,7
"42549",1232.83,57,7
"4263",549.21,76,10
"42650",1128.12,112,4
"42739",925.07,50,7
"42761",3121.15,50,6
"42766",16.56,72,5
"42777",1128.12,82,6
"42785",167.37,50,4
"42790",74.51,50,6
"42842",1261.33,50,4
"42852",945.23,50,6
"42931",317.76,64,10
"43047",903.3,54,6
"43105",1128.12,118,5
"43154",501.09,85,6
"43158",897.03,72,8
"43200",1128.12,50,6
"43216",670.15,50,6
"43219",2122.31,125,4
"43234",149.31,95,4
"43261",1128.12,95,5
"43264",1128.12,68,9
"43275",1128.12,80,9
"43287",3812.15,50,6
"43294",2877.34,50,6
"43298",564.06,85,10
"43312",1118.71,125,6
"43325",3552.06,50,5
"43343",740.65,78,6
"43357",1128.12,50,6
"43421",1128.12,125,4
"43436",469.05,50,5
"43438",1128.12,54,4
"43467",1206.06,55,6
"43471",1128.12,100,9
"43491",3828.89,69,6
"43525",1128.12,68,6
"43527",290.59,76,9
"43725",405.11,50,7
"43729",1128.12,62,4
"4376",433.89,68,5
"43832",96422.32,50,5
"43850",1159.74,50,6
"43859",187.31,50,7
"43864",1128.12,100,6
"43874",1128.12,50,7
"44078",1128.12,100,5
"44106",1128.12,50,5
"44111",1128.12,62,10
"44191",1234.4,50,7
"44216",479.7,90,6
"44370",2250.06,95,6
"44378",1128.12,80,8
"44384",1128.12,50,7
"44394",1128.12,85,7
"44416",130.14,50,4
"44539",9909.19,76,11
"44544",245.81,72,5
"44576",67.46,100,7
"44604",1128.12,100,5
"44643",1128.12,95,6
"44649",564.06,90,7
"44654",626.6,50,5
"44662",10057,62,7
"44684",1571.64,125,5
"44688",88.42,50,7
"44765",70.2,50,6
"44778",72.93,50,11
"44799",1128.12,50,7
"44822",474.82,50,10
"44833",1128.12,71,5
"44855",1128.12,67,5
"44876",637.34,70,8
"44885",1128.12,85,7
"44920",1128.12,67,6
"44922",1191.52,67,5
"44952",1128.12,50,7
"44958",1128.12,50,6
"44979",2886.46,100,4
"45017",1430.73,50,7
"45021",456.74,50,6
"45039",1128.12,50,7
"45087",1128.12,50,5
"45112",1128.12,80,13
"45155",1128.12,50,7
"45161",1128.12,50,5
"45164",284.7,76,4
"45172",1128.12,66,4
"45182",2143.52,63,7
"45195",1128.12,60,6
"45235",1210.5,50,11
"45252",1128.12,85,11
"45277",1128.12,50,7
"45291",499.2,50,6
"45310",418.68,72,5
"45322",1347.58,50,12
"45346",4861.61,106,6
"45366",1128.12,88,7
"45414",9592.37,118,9
"45425",541.5,112,7
"45478",1128.12,50,7
"45543",1128.12,50,6
"45558",845.29,50,6
"45561",1128.12,50,5
"45567",1638.1,50,6
"45591",1222.93,50,4
"45631",206.34,50,4
"45886",2425.45,112,6
"45966",1128.12,52,7
"46130",1128.12,50,6
"46187",1128.12,50,7
"46204",4644.55,50,6
"46246",1128.12,62,6
"46252",236.54,50,5
"46274",1128.12,50,9
"46292",1128.12,63,7
"463",3986.67,50,5
"46313",9.63,50,5
"46357",338.38,50,4
"46424",1128.12,56,6
"46462",1128.12,112,5
"46487",202.78,50,4
"46553",1128.12,50,7
"46554",64.72,62,9
"46607",1128.12,50,6
"46620",35.92,50,6
"4663",1746.38,76,11
"46683",6447.85,50,5
"46735",1128.12,50,4
"46796",1128.12,64,10
"46839",1128.12,60,7
"46849",2145.65,72,7
"46859",114.54,90,9
"46872",1128.12,95,5
"46884",1128.12,100,5
"46885",1128.12,125,4
"46886",2030.28,125,4
"46916",1128.12,58,5
"46980",1128.12,55,5
"47002",1128.12,97,6
"47011",873.26,50,12
"47029",1128.12,62,6
"4718",575.19,64,6
"47204",1128.12,118,5
"47223",1128.12,62,8
"47307",72.56,72,6
"47418",3695.26,75,6
"47445",1128.12,50,6
"47449",1128.12,50,6
"47491",1128.12,50,4
"47526",36.94,95,6
"47567",1184.92,50,6
"47586",1128.12,100,10
"47622",5.89,50,7
"47647",499.49,54,4
"47651",3601.01,50,8
"47682",1128.12,60,7
"47691",1052.67,76,6
"47721",82.05,58,6
"47745",1128.12,50,6
"47757",1128.12,83,5
"47844",1128.12,76,6
"47891",171.47,50,7
"47904",38.78,50,6
"47912",2256.24,90,5
"47913",1128.12,68,4
"47977",1577.95,76,8
"47996",1128.12,50,4
"48058",1128.12,75,10
"48076",769.11,95,6
"48096",5459.92,64,10
"48101",77.22,118,7
"48136",671.57,63,5
"48174",2383.68,106,8
"48361",1128.12,60,4
"48372",259,112,6
"48401",44.73,50,7
"48449",1128.12,50,5
"48473",4417.33,50,6
"48506",174.87,50,4
"48542",1536.55,50,7
"48609",1179.88,50,5
"48633",564.06,95,6
"48639",3758.11,72,6
"48651",157.85,50,5
"48692",4143.85,50,6
"48693",4982.77,50,6
"48723",11574.51,62,7
"48742",15867.74,50,7
"48772",378.31,68,5
"48822",1503.02,125,4
"48871",60.53,50,5
"48878",1128.12,75,6
"48887",1128.12,63,4
"48942",1128.12,108,6
"49004",1128.12,85,4
"49005",1089.82,95,7
"49020",564.06,63,7
"49083",1128.12,60,8
"49104",1045.58,50,7
"49133",1128.12,90,7
"49189",17319.76,50,7
"49194",1128.12,73,6
"49196",1220.25,50,11
"49349",1128.12,52,12
"49368",57.36,50,8
"49381",1128.12,77,5
"49390",1128.12,90,4
"49396",1201.05,67,4
"49398",61.13,63,11
"49432",1128.12,60,6
"49443",1128.12,106,6
"49486",4350.57,100,7
"49532",1128.12,62,9
"49568",3538.48,50,6
"49579",506.2,72,9
"49588",714.87,76,4
"49624",1668.95,62,5
"49647",1128.12,77,10
"49685",1128.12,147,5
"49694",78.15,50,7
"49725",1647.59,58,7
"49743",30.37,55,10
"49807",1128.12,64,4
"49828",439.6,50,7
"49872",1128.12,50,7
"49936",1128.12,56,6
"49939",1128.12,56,6
"49971",1128.12,85,7
"5000262",1204,50,5
"5000284",1204,50,4
"5000325",1204,50,4
"5000590",1204,50,4
"5000906",730.62,50,6
"5000991",683.52,90,6
"5001055",3555.15,50,5
"5001071",1204,50,6
"5001182",400,50,6
"5001197",1320,85,5
"5001269",266.72,106,6
"50013",1128.12,62,6
"5001493",1204,50,9
"5002098",556.14,54,5
"5002107",1204,50,4
"5002145",4232.66,50,7
"5002207",529.02,80,5
"5002231",3296.47,50,7
"5002911",257.26,50,7
"5002988",556.14,50,10
"5003019",1204,80,5
"5003112",1320,50,5
"5003124",1320,76,4
"5003268",587.05,69,10
"5003632",1487.9,76,5
"5003685",851.81,50,7
"5003722",1204,50,10
"5003752",1204,50,13
"5004045",1204,50,5
"5004163",602,50,9
"5004356",1204,50,4
"5004425",1204,50,4
"50045",1128.12,50,5
"5004684",556.14,57,7
"5004695",1204,50,6
"5004747",1320,50,7
"5004756",1320,50,10
"5005064",1204,80,6
"5005106",1204,68,5
"5005232",1320,50,11
"5005285",967.74,50,4
"5005443",602,50,8
"5005476",8584,50,6
"5005661",1343.4,50,7
"5005770",1.95,68,6
"5005904",1204,50,6
"5005978",1204,50,15
"5006041",1204,50,10
"5006168",9229.81,125,10
"5006238",1204,70,10
"5006240",1204,58,7
"5006485",1204,50,10
"5006563",703.86,55,7
"5006641",1320,50,6
"5006707",11225.49,80,5
"5006873",28124,95,4
"5006977",1204,72,6
"5007075",1873.93,50,6
"5007080",1204,50,5
"5007162",1204,63,5
"5007485",1204,65,5
"5007841",1204,50,5
"5007916",1204,50,5
"5007943",6013.5,50,10
"5008262",1204,68,6
"5008572",862.65,50,5
"5008860",622.25,90,4
"5008939",556.14,68,7
"5008974",300,76,4
"5009076",1217.66,50,5
"5009420",602,50,5
"5009795",1204,50,7
"50100",1128.12,85,4
"5010044",1204,64,5
"5010390",1204,50,6
"5010680",664.65,50,5
"5011007",1204,50,5
"5011027",1876.79,57,6
"5011033",1204,61,10
"5011166",1320,60,10
"5011234",747,67,5
"5011340",1204,95,5
"5011594",1204,85,6
"5011617",602,50,9
"5011694",1320,50,7
"5011970",1204,51,7
"5012034",1022.8,50,4
"5012083",1204,80,4
"5012137",1204,50,4
"5012330",1204,57,9
"5012369",7862.65,50,12
"5012445",1128.82,50,5
"5012692",1204,60,6
"5012800",1204,50,7
"5012934",550.71,50,11
"5013227",1204,72,9
"5013405",516.03,50,6
"5013658",1204,51,7
"5013745",1204,50,4
"5013775",1204,50,7
"5013915",1996,50,6
"5013927",746.65,80,4
"5013992",1542,60,4
"5014156",1204,50,15
"5014164",1647.13,50,7
"5014294",1204,85,4
"5014319",1123.81,54,4
"5014537",961.18,76,5
"5014750",50000,50,5
"5014803",1768.22,50,7
"5014887",9000,50,4
"5014954",1204,50,4
"5015010",2331.6,64,6
"50158",1585.47,64,4
"5015866",3116.7,56,10
"5016240",1204,54,5
"5016276",1204,50,6
"5016725",1204,50,4
"5016744",1217.47,57,7
"5016959",1204,54,4
"50171",1128.12,68,4
"5017180",1320,50,6
"5017319",1204,106,4
"5017407",1204,50,5
"5017415",1320,64,6
"5017445",556.14,50,5
"5017461",92.4,50,6
"5017495",1750.04,72,10
"5017550",4329,51,10
"5017577",1320,50,8
"5017674",1320,50,7
"5017684",1500,72,6
"5017934",1204,50,7
"5018232",1204,50,11
"5018519",1927.62,50,4
"5018545",1204,50,5
"5018552",1215.16,51,9
"5018604",11895.04,50,6
"5018634",14697.78,51,6
"5018667",7000,50,6
"5018753",1371.43,76,4
"5018758",1204,50,6
"5018977",1320,58,12
"5019077",602,76,8
"5019101",1204,57,11
"5019247",547.62,58,10
"5019341",1204,50,9
"5019473",1204,50,7
"5019625",1204,50,11
"5019837",1204,50,7
"5019979",1204,72,10
"5020009",1204,50,4
"5020176",1204,85,4
"5020238",2408,50,4
"5020318",34824.84,72,7
"5020434",9608,50,11
"5020546",1204,50,6
"5020584",1204,80,8
"5020726",1235.57,52,6
"5020744",1204,50,5
"50208",4217.4,85,10
"5021112",1204,50,10
"5021275",2142.92,68,7
"5021496",1204,50,8
"5021521",1204,50,7
"5021552",1204,64,4
"5021567",1204,60,7
"5021613",1204,50,4
"5021636",12905,50,6
"5021912",1204,50,7
"5022437",1320,50,8
"5022518",1204,76,4
"5023015",602,60,7
"5023046",1204,50,8
"5023190",1204,50,5
"5023638",1204,100,7
"5023645",602,60,11
"5023829",1204,63,7
"5023959",84.92,80,8
"5024413",1204,50,6
"5024525",1055.94,50,7
"5024852",2408,72,5
"5024853",1000,72,4
"5024961",1204,54,7
"5024984",1204,50,4
"5025127",1204,50,10
"5025251",556.14,54,4
"5025281",1204,50,4
"5025542",1204,63,4
"5025757",602,50,9
"5026061",1204,50,5
"5026409",1320,50,8
"5026744",1760.14,74,6
"50269",1180.29,68,9
"5027015",1095.47,68,6
"5027056",1204,50,6
"5027082",1204,50,4
"5027416",1204,50,8
"5027513",2408,50,7
"5027632",1204,106,4
"5027673",1204,50,10
"5027708",1204,90,6
"5028048",602,50,8
"5028281",556.14,50,7
"5028539",1030.13,50,4
"5028578",1204,50,6
"5028757",660,50,7
"5028893",1204,85,7
"5029005",812.88,50,7
"5029363",417.35,64,4
"5029445",1112.77,72,8
"5029693",1204,50,7
"5029699",1204,50,5
"5029953",5327.15,85,7
"5029962",1204,50,8
"5030164",1204,58,4
"5030293",1204,57,11
"5030461",1204,54,7
"5030501",494.78,50,5
"5030581",5991.04,50,5
"5030669",1204,50,8
"5030687",1204,51,8
"5030730",1204,80,6
"5030844",1204,80,6
"5030955",1204,50,8
"50312",1128.12,100,4
"5031258",1204,50,11
"5031352",10186.92,100,10
"5031475",1320,50,11
"5031593",9387.19,68,5
"5031605",2444.93,95,6
"5031877",1204,50,11
"5032255",2500,50,9
"5032664",8320,50,12
"5032837",1204,50,6
"5032859",1204,50,10
"5032897",664.56,50,4
"5032922",15435.51,50,4
"5032972",1204,50,6
"5033095",1320,50,4
"5033118",1246.78,67,5
"5033200",1204,57,6
"5033436",602,68,4
"5033465",201145,80,10
"5033716",1653.43,50,7
"5033827",1320,50,5
"5033876",2073.1,71,4
"5034076",1204,50,4
"5034300",2669.42,50,9
"5034401",1204,50,7
"5034647",896.25,80,6
"5034676",1204,82,9
"5034703",1204,50,4
"5034764",602,83,4
"5034791",1158.14,50,7
"5034866",16512.32,50,7
"5034987",602,50,4
"5035252",1204,51,5
"5035278",930.02,50,4
"5035360",1204,57,8
"5035491",1760.14,50,7
"5035774",10101.67,72,10
"5036140",1204,50,9
"5036146",820.74,95,4
"5036378",289.43,85,7
"5036469",1320,80,6
"5036521",902.78,73,4
"5036556",17630,50,4
"5036596",1320,50,4
"5036890",1204,80,4
"5036949",1204,76,7
"5036957",4357,54,7
"5036966",1320,50,11
"5037084",1204,58,7
"5037176",1204,95,5
"5037261",1320,64,4
"5037336",4428.38,53,11
"5037382",1204,100,8
"5037450",602,50,5
"5037553",1320,50,8
"5037715",1320,80,7
"5037762",1320,50,5
"5037814",8098.07,59,7
"5037985",1204,50,4
"5038",1440.4,85,7
"5038213",1204,50,5
"5038219",1204,50,12
"5038556",711.43,50,8
"5038587",2028.2,50,4
"5038739",602,50,4
"5038778",1204,58,10
"5038974",1204,50,10
"5039032",4046.95,50,4
"5039105",1204,54,7
"5039174",1204,50,7
"5039246",1204,56,4
"5039277",1779,50,5
"5039369",469.52,95,4
"5039400",660,50,11
"5039416",1204,50,4
"5039498",353.05,50,6
"5039728",1204,50,7
"5039929",1204,72,4
"5040135",1204,50,4
"5040284",602,57,7
"5040324",660,50,7
"5040352",3979.79,50,8
"5040357",1204,50,7
"5040521",1204,50,8
"5040684",1294.52,50,15
"5040721",1303.14,72,9
"5040771",556.14,50,7
"5040782",1204,50,8
"5040790",1204,50,10
"5040796",2524,50,9
"5040825",2040.38,95,7
"5040828",89.69,90,7
"5041031",1320,50,11
"5041174",602,50,4
"5041230",100580.24,60,6
"5041273",1204,50,8
"5041364",1204,50,4
"5041524",1204,50,6
"5041560",1320,50,4
"5041597",1204,50,8
"5041605",1204,88,8
"5041771",1075.45,50,4
"5041875",1204,50,5
"5041932",1204,50,5
"5042180",68361,50,9
"5042186",1320,50,8
"5042232",1320,72,7
"5042255",209,50,12
"5042276",1204,50,11
"5042321",1204,50,7
"5042613",1993.83,72,6
"5042763",1204,76,4
"5042821",205,50,4
"5042885",1230.98,63,4
"5043261",1157.16,50,8
"5043278",1350,66,10
"5043343",1204,56,8
"5043348",602,50,7
"5043385",1320,50,11
"5043547",602,50,11
"5043660",602,50,7
"5043713",733.25,95,6
"5043758",5289.14,80,6
"5043802",1204,50,10
"5043825",4485.18,50,7
"5043879",1204,50,10
"5043897",941.76,50,8
"5043903",1204,50,9
"5044190",1204,72,5
"5044347",13.51,85,5
"5044427",1204,60,8
"5044554",1760.2,50,4
"5044663",1204,50,10
"5044704",1204,50,5
"5044733",3080.14,50,7
"5045065",1320,50,6
"5045087",1320,50,8
"5045145",1320,50,6
"5045176",1204,76,6
"5045296",84.92,50,5
"50453",3750.12,76,5
"5045482",3826.42,76,7
"5045581",1204,76,7
"5045717",1204,50,11
"5045856",1320,50,7
"5045914",1204,50,8
"5046000",1204,50,8
"5046005",387.07,90,5
"5046118",59.77,72,5
"5046159",212,50,5
"5046239",1320,50,8
"5046250",1760.14,50,6
"5046256",8204,68,7
"5046427",1204,62,12
"5046469",1320,50,5
"5046589",1204,60,7
"5046810",1204,90,4
"5046827",16529,50,11
"5046884",1204,50,7
"5047478",1204,55,11
"5047535",602,50,6
"5047568",1760.14,50,4
"5047624",21922,76,7
"5047793",1290.35,72,11
"5047794",909.61,85,8
"5047846",602,50,7
"5047867",1204,50,12
"5048039",89.7,50,7
"5048105",1204,81,7
"5048135",1204,50,6
"50482",1128.12,80,7
"5048404",1204,90,4
"5048407",1876.14,85,4
"50485",1622.7,76,7
"5048690",1204,80,11
"5049126",1204,50,5
"5049153",1204,51,8
"5049240",1204,50,5
"5049396",3700,50,4
"5049508",660,85,4
"5049554",696.19,50,10
"5049711",1204,50,8
"5049713",602,50,8
"5049764",1204,76,6
"5049809",26526.3,100,4
"5050056",1204,50,4
"5050175",602,60,7
"5050209",660,80,4
"5050255",1320,95,4
"5051223",1204,50,4
"5051298",93.55,50,11
"5051311",1204,50,6
"5051489",1204,50,8
"5051534",1204,50,10
"5051593",1204,50,5
"50516",62.67,82,5
"5051686",214.87,54,6
"5051884",1204,50,7
"5052103",1204,75,4
"5052145",1204,50,11
"5052226",420,50,8
"5052328",2524,58,7
"5052410",312.23,50,4
"5052868",1204,50,7
"5052927",7177.99,50,8
"5053179",1760.14,50,4
"5053615",1320,50,7
"5053628",602,132,6
"5054160",1204,85,4
"5054189",573.25,50,15
"5054311",1204,64,5
"5054363",1320,64,11
"5054375",1320,50,4
"5054881",1397,85,5
"5055089",85552.27,57,7
"5055144",1204,50,11
"50552",1548,50,5
"5055235",1204,50,6
"5055342",8856.15,50,10
"5055649",602,54,4
"5055699",602,50,7
"5055746",1320,59,10
"5055983",1204,50,8
"5056020",1320,95,7
"5056081",602,64,4
"5056167",933.97,50,9
"5056215",4402.4,85,4
"5056276",3422,80,5
"5056329",1204,95,4
"5056437",747,50,5
"5056448",232,72,8
"5056471",1204,50,4
"5056497",1320,66,10
"5056592",602,50,9
"5056636",14414.79,80,6
"5056740",1204,68,6
"5056761",1204,125,5
"5056809",1320,50,11
"5056907",1204,50,4
"5056992",602,50,7
"5057138",100.46,100,5
"5057175",556.14,50,7
"5057190",106.46,100,7
"5057192",1204,50,4
"5057257",1286.26,80,11
"5057286",1204,64,6
"5057306",602,53,6
"5057407",1320,68,7
"5057427",660,50,4
"5057769",602,100,9
"5057795",1604,50,7
"5057901",3548.65,156,9
"5057941",750.82,50,7
"5057974",1204,50,8
"5058120",1720,50,10
"5058185",1204,54,7
"5058226",1204,72,7
"5058359",1204,72,7
"5058549",1320,50,10
"5058855",602,95,9
"5058975",8246,59,4
"5059321",1204,60,7
"50597",442.49,95,5
"5059761",1204,100,6
"5059787",86.71,50,7
"5059874",1204,50,4
"5059939",602,76,4
"5060100",1204,50,12
"5060157",1320,50,4
"5060194",49420,51,7
"5060234",1204,50,11
"5060366",127.97,80,7
"5060401",1204,57,5
"5060532",1204,50,5
"5060549",1204,50,6
"50608",39.62,61,5
"5060900",1204,50,7
"5060914",2969.9,50,4
"5061033",602,50,7
"5061058",556.14,50,6
"5061116",3439.19,50,12
"5061194",1320,50,8
"5061222",1320,54,7
"5061394",1204,100,6
"5061418",1204,76,4
"5061548",1851.89,74,7
"5061665",1204,53,7
"5061693",1204,50,7
"5061890",1204,50,7
"5062",1405.75,80,5
"5062009",1320,71,6
"5062148",1872.75,50,10
"5062277",568.72,100,7
"5062319",263.86,90,4
"5062475",1320,50,4
"5062480",602,93,6
"5062526",11403.27,50,4
"5062704",1204,50,12
"5062757",1204,67,5
"5062891",1204,60,5
"5062947",2624.6,50,7
"5063026",1204,80,10
"5063255",1204,100,4
"5063263",660,50,4
"5063277",1204,68,7
"5063326",712.94,80,12
"5063479",2572.1,57,10
"5063508",1204,125,6
"5063524",660,50,11
"5063537",1204,50,5
"50637",2046.29,113,7
"5063912",602,50,4
"5064035",1204,85,7
"5064061",1991.15,90,6
"5064101",91.5,76,7
"5064168",1320,50,5
"5064188",1320,80,7
"5064210",1204,50,7
"5064343",1204,50,5
"5064393",338.52,100,4
"5064395",1204,95,4
"5064403",1204,57,5
"5064444",1204,64,4
"5064567",1886.7,57,4
"5064763",685.73,50,10
"50648",1114.47,68,6
"5064881",9804.13,50,6
"5064884",180,54,7
"5064922",1204,64,7
"5065154",1204,54,11
"5065235",1204,50,7
"5065287",1204,61,5
"5065335",556.14,100,7
"5065361",1320,95,8
"5065649",1204,50,12
"5065794",1204,54,7
"5065811",2519.39,80,6
"5065936",1204,64,5
"5066127",1204,50,6
"5066136",1204,50,6
"5066191",667.74,65,4
"50663",75.57,80,6
"5066441",1204,52,8
"5066601",1767.71,95,4
"5066618",1320,95,7
"5066628",105.3,50,10
"5066648",1204,100,5
"5066740",1204,72,4
"5066769",1204,76,4
"5066794",1204,50,4
"50668",203.17,60,5
"5066859",1204,90,5
"5066871",1616.05,50,5
"5066950",1204,50,4
"5066985",1204,50,7
"5067075",1204,112,6
"5067116",602,76,6
"5067124",1440.28,57,6
"5067209",602,50,6
"5067211",1320,50,6
"5067354",1204,85,4
"5067398",660,100,5
"5067594",1204,50,5
"5067675",1001.9,80,4
"5068147",125847.05,100,4
"5068241",1204,60,11
"5068370",1320,50,4
"5068396",1204,100,5
"5068525",1204,50,7
"5068786",1204,50,12
"5068807",1320,50,8
"5068893",1204,50,5
"5068907",1204,100,6
"5069013",1320,50,7
"5069017",2408,76,7
"5069023",1204,69,8
"5069102",660,71,7
"5069201",1320,63,5
"5069205",1204,51,7
"5069474",1204,50,6
"5069565",1204,50,7
"5069576",1320,100,5
"5069710",1261.8,50,7
"5069720",1204,50,4
"5069731",1204,100,6
"5070016",1204,50,7
"5070065",3044.36,50,7
"5070153",1204,58,8
"5070256",1204,50,8
"50705",36.47,100,7
"5070811",1400,100,7
"5071120",1204,50,11
"5071514",923.54,50,11
"5071794",3178.37,50,6
"5071833",1204,64,5
"5071958",30000,50,4
"50720",1128.12,90,6
"5072026",1204,76,4
"5072061",483.32,51,4
"5072072",1204,50,7
"5072263",1320,55,4
"5072459",862.65,52,5
"5072582",1204,85,4
"5072832",660,50,10
"5072856",1204,65,6
"50730",3077.25,54,4
"5073014",1204,50,4
"5073104",556.14,50,7
"5073163",1760.14,85,7
"5073342",2243.86,90,8
"5073378",556.14,50,4
"5073398",1204,50,8
"5073499",1204,80,4
"5073521",1320,50,4
"5073560",22000,54,5
"5073642",120.8,64,12
"5073672",1214.95,85,6
"5073689",1204,90,6
"5073806",1204,80,10
"50739",1232.96,72,5
"5074038",1395.97,50,6
"5074196",1204,80,5
"5074246",1204,50,5
"5074452",1320,76,6
"5074510",1204,50,7
"5074511",1204,50,7
"5074515",1302.79,50,8
"50746",3268.86,50,6
"5074613",763.41,90,4
"5074686",1204,50,8
"5074924",8033.42,50,6
"5074974",1204,76,4
"5075009",26488,60,4
"5075110",740.44,50,7
"5075242",1204,63,4
"5075342",1320,50,6
"5075380",1204,50,5
"5075430",1320,50,6
"5075446",636.68,139,4
"5075667",8204,63,7
"5075740",4327.02,79,7
"5075890",1204,95,7
"5075919",5225.72,85,8
"5076287",970.27,50,5
"5076382",1204,50,7
"5076496",1204,76,7
"5076543",1204,64,7
"5076697",1806,50,11
"5076744",1204,50,6
"5076773",2834.75,50,4
"5076796",8573.66,63,7
"5076852",1204,58,4
"5076919",1760.14,50,6
"5076955",1204,50,8
"5077022",1003.71,50,6
"5077071",976.67,50,9
"5077491",1204,50,5
"5077550",1204,50,6
"5077619",556.14,50,5
"5077686",1204,50,7
"5077810",651.99,50,4
"5077815",1204,50,8
"5078080",1204,50,5
"5078247",1204,51,7
"5078360",11749.09,50,7
"5078523",1204,50,5
"5078850",6035.49,50,4
"5078909",1204,50,7
"5078917",23204,90,4
"5078960",1320,50,11
"5079000",1204,90,4
"5079062",1204,50,4
"5079351",1320,50,12
"5079390",1204,50,6
"5079766",1933.95,50,6
"5079819",1204,50,8
"50801",75.48,76,7
"5080161",1204,63,4
"5080428",1204,50,11
"5080605",1204,50,4
"5080807",602,50,10
"5080914",1204,50,4
"5081027",699.55,50,5
"5081152",1204,50,7
"5081194",1306.86,64,4
"5081291",2500,85,7
"5081432",1204,50,6
"5081773",1204,50,5
"5081905",1400,68,4
"5081994",1320,50,4
"5082001",556.14,50,6
"5082025",602,51,6
"5082100",1204,54,7
"50824",1128.12,90,6
"5082438",1204,50,4
"5082589",1204,106,6
"5082614",4494.85,60,7
"5082630",1605.34,50,8
"5082644",602,50,7
"5082750",1204,50,7
"5082770",1204,50,7
"50828",95.72,50,4
"5082964",1204,50,8
"5083143",1204,50,4
"50833",1128.12,72,5
"5083320",1204,68,7
"5083592",1204,76,5
"5083726",1204,50,5
"5083791",1204,50,7
"5083898",472.63,90,6
"5083923",13340,51,6
"5084115",1204,50,6
"5084142",2097.81,76,6
"5084272",3204.88,50,7
"5084396",556.14,60,5
"5084556",179.73,50,6
"5084577",1204,50,6
"5084652",602,76,6
"5084855",1204,50,4
"5084957",90.89,50,8
"5085047",1204,50,7
"5085072",1204,50,10
"5085144",1204,53,8
"5085325",602,90,10
"5085393",1204,72,4
"5085511",405.3,50,4
"50856",1128.12,96,6
"5085653",1320,50,6
"5086043",1204,50,4
"5086149",1204,72,4
"5086311",602,90,7
"5086357",862.65,73,8
"5086369",1326.66,72,12
"5086396",602,50,5
"5086558",1204,50,8
"5086802",1320,54,4
"5086837",5149.3,100,6
"5086863",1204,100,5
"5086906",3903.41,100,7
"5086910",1204,118,6
"5087051",1204,50,8
"5087223",805.47,100,8
"5087252",602,88,11
"5087299",2408,50,7
"5087318",1204,50,11
"5087352",1204,90,4
"5087364",4023.47,50,15
"5087370",2408,50,11
"5087419",1203.51,50,5
"5087466",1760.14,125,4
"5087500",2408,50,7
"5087506",188.85,60,4
"5087565",1204,50,8
"5087602",2408,76,4
"5087714",556.14,50,8
"5087751",64.98,60,7
"5087818",2408,50,4
"5087976",1204,50,10
"5087991",1204,50,8
"5088041",2524,100,4
"5088080",602,50,5
"5088156",9936.07,50,6
"5088351",235.88,100,7
"5088374",2524,50,7
"5088406",1204,57,8
"5088507",17.94,50,4
"5088529",556.14,54,4
"5088600",1204,50,8
"5088627",1204,57,9
"5088642",95.68,100,5
"5088655",602,90,7
"5088665",2966.75,50,12
"5088890",1204,50,8
"5088904",661.14,51,5
"50890",1128.12,76,6
"5089006",2408,100,12
"5089008",602,80,8
"5089096",1204,50,11
"5089127",2408,50,7
"5089176",1320,76,4
"5089182",602,50,7
"5089226",1204,85,7
"5089253",2524,80,11
"5089293",2524,100,5
"5089342",1204,50,8
"5089503",2123.18,64,8
"5089519",1204,50,4
"5089559",3351.19,50,7
"5089595",1204,50,12
"5089632",1298.89,100,5
"5089714",1204,50,7
"5089817",1204,54,5
"5089864",5801,54,11
"5089901",1204,100,6
"5089924",1320,100,7
"5089935",2408,60,12
"5089971",2408,76,11
"5089980",2524,54,11
"5089988",2408,100,4
"5090187",1204,106,4
"5090262",1320,50,4
"5090318",2408,50,10
"5090361",13323,57,12
"5090453",1207.84,61,7
"5090471",2524,50,10
"5090476",2408,50,7
"5090555",2408,112,4
"5090575",4168.14,50,4
"5090724",1204,50,7
"5090749",193.65,80,7
"5090870",1320,50,12
"50909",8340.47,118,6
"5090947",1204,50,7
"5091041",1513.02,50,4
"5091055",2524,50,8
"5091111",1320,80,6
"5091159",1204,50,5
"5091289",1204,63,9
"5091432",1204,57,10
"5091531",7000,76,6
"5091596",2408,50,7
"5091766",7000,50,8
"5091954",556.14,57,15
"5091997",3845.54,95,7
"5092007",56.8,118,4
"5092043",2524,50,7
"5092318",1204,60,7
"5092341",493.22,50,7
"5092585",1204,74,8
"5092590",2524,52,8
"5092620",602,95,9
"50927",1128.12,62,8
"5092986",2524,54,4
"5093146",1204,50,4
"5093390",2408,54,4
"50934",1206.3,68,7
"5093459",3622.15,72,10
"5093532",2524,50,7
"5093572",2660,190,5
"5093771",1204,100,6
"5093772",1204,100,6
"5093881",8320,50,4
"5093916",8204,76,5
"5093943",602,100,5
"5094039",462.66,76,4
"5094047",1204,50,6
"5094111",1204,100,8
"5094121",1204,80,5
"5094218",2524,50,8
"5094460",947.52,50,4
"5094546",759.89,58,4
"5094561",2408,50,11
"5094652",2911.8,100,8
"5094987",2408,85,4
"5095009",1204,50,7
"5095046",2408,50,4
"5095060",906.46,90,4
"5095180",1204,50,5
"5095276",767.04,100,7
"5095343",1204,100,7
"5095387",1204,50,5
"5095583",89.7,100,5
"5095663",25840,50,4
"5095750",1320,80,7
"5095798",1204,50,7
"5095859",1204,50,8
"5095921",2659.56,100,9
"5095945",1204,50,8
"5095989",1204,50,7
"5096002",595.72,100,6
"5096053",13252.25,100,7
"5096121",1204,50,4
"5096135",2408,50,8
"5096141",1204,50,4
"5096322",357.13,80,7
"5096508",660,85,4
"5096580",700,60,7
"5096696",2408,52,15
"5096931",1204,95,7
"5097022",2408,90,7
"5097036",1204,100,7
"5097066",10245.8,100,6
"5097150",1204,50,6
"5097152",53.9,95,5
"5097179",1760.14,85,7
"5097187",128.79,116,14
"5097274",4717.66,80,8
"5097307",1320,90,5
"5097635",2408,106,6
"5097681",1814.4,62,7
"5097697",802.4,50,8
"5098055",1204,50,10
"5098093",1908,50,5
"5098408",1204,80,5
"5098412",1204,72,5
"5098483",3774,100,8
"5098547",1204,50,12
"5098879",2524,100,7
"5098968",1204,100,5
"5099051",1204,50,9
"5099611",1257.36,95,6
"5099654",5432.2,50,10
"5099678",967.53,85,10
"5099740",1204,67,7
"5099862",541.52,50,5
"5099880",1320,50,8
"5100089",1204,50,11
"5100345",898.78,100,4
"5100709",2524,72,6
"5100753",2731.35,100,6
"5101083",1204,50,7
"5101090",602,50,5
"5101211",2104,53,7
"5101690",198.97,76,5
"5101694",1506.48,50,8
"5101749",35.44,100,7
"5101881",1320,100,4
"5102049",602,100,5
"5102125",2524,50,6
"5102162",1204,58,8
"5102427",820,50,11
"5102552",2408,50,4
"5102904",1320,68,5
"5103057",1760.14,64,7
"5103064",1204,60,4
"5103111",2524,100,4
"5103175",847.6,50,6
"5103185",2524,100,4
"5103445",602,100,8
"5103849",2524,50,11
"5103882",143.63,100,4
"5103919",660,100,4
"5104107",1204,50,4
"5104188",1204,68,7
"5104320",2524,76,10
"5104510",1204,62,7
"51046",142.19,83,7
"5104817",1300.28,100,5
"5105016",2408,95,5
"5105123",602,50,4
"5105351",2524,100,4
"5105372",1514.61,76,4
"5105616",1320,90,8
"5105891",3162.15,76,7
"5105907",602,50,4
"5105958",3080,50,4
"5106236",1204,54,4
"5106608",1204,50,8
"5106646",191,85,4
"5106964",362,54,9
"5107058",7000,68,8
"5107071",1204,68,4
"5107609",1204,50,8
"5107621",2524,112,4
"5108646",981.52,80,11
"51096",1725.1,85,8
"51114",1128.12,118,7
"51125",1128.12,50,4
"51196",1781.87,95,8
"51198",1177.37,147,4
"51211",1128.12,118,5
"51255",665.25,50,8
"51312",3757.11,50,7
"51640",1890.37,61,4
"51697",1128.12,62,8
"5170",787.66,100,4
"51720",1533.33,85,7
"51758",75.31,77,6
"51784",564.06,50,9
"51792",1128.12,50,6
"51794",1128.12,50,10
"5181",191.15,100,5
"51856",594.87,50,6
"51859",957.44,50,4
"51929",4980.99,80,5
"51982",1128.12,50,6
"52057",1128.12,90,6
"52060",4329.55,50,7
"52077",1128.12,148,7
"52119",1993.43,50,10
"52131",506.67,50,9
"52201",215.51,50,10
"52255",2240.56,90,6
"52320",90.43,90,5
"52340",1293.51,112,7
"52345",170.06,66,10
"52364",73.3,50,10
"52376",1128.12,50,7
"52386",10838.54,64,7
"52405",1813.74,100,4
"52416",486.67,50,6
"52427",1128.12,95,7
"5244",5340.29,50,12
"5246",378.33,50,11
"52576",3833.75,60,7
"52587",286.7,72,5
"52663",1160.58,60,8
"52743",460.03,64,4
"52786",197.84,62,6
"52807",1128.12,59,7
"52840",1128.12,50,7
"52990",439.82,50,7
"53048",1128.12,125,7
"53136",4599.79,50,6
"53139",1128.12,71,9
"53150",1211.59,100,4
"53170",546.4,100,6
"53173",1128.12,50,7
"53185",75.32,50,5
"5319",32186.45,50,11
"53203",1296.69,50,5
"53220",1128.12,100,8
"53278",2210.8,100,6
"53312",1128.12,69,7
"53328",1211.8,80,8
"53370",2176.81,100,5
"53374",1135.58,50,7
"53375",1128.12,50,6
"53450",1128.12,125,4
"53664",1128.12,50,6
"53677",341.6,50,7
"53709",2356.72,55,6
"53747",1128.12,95,7
"53752",1190.77,96,6
"53766",1128.12,50,8
"53865",183073.66,80,6
"53874",75.94,50,7
"53923",722.73,50,6
"53924",35098.33,50,7
"53938",1128.12,61,4
"53961",1128.12,68,7
"53964",693.32,68,10
"54009",4882.44,50,4
"54019",1128.12,60,7
"54098",984.61,50,5
"54102",74.82,50,7
"54119",1128.12,125,6
"54159",1128.12,85,5
"54160",2175.83,85,4
"54183",1625.56,71,7
"54207",4573.47,112,5
"54274",1057.93,76,5
"54278",1128.12,50,8
"54297",1115.9,71,7
"54344",91.16,50,4
"54359",780.26,58,4
"54375",1128.12,64,7
"54387",1526.44,112,8
"54399",3018.49,50,5
"54504",1689.17,106,6
"54553",1156.66,100,5
"54575",1732.92,50,7
"54660",6880.06,80,6
"54682",1524.49,76,6
"54702",1692.18,96,7
"5477",830.36,50,7
"54800",2813.77,75,5
"54801",1128.12,75,5
"54876",1128.12,95,10
"54929",701.96,50,4
"55040",4177.1,50,5
"55052",3192.28,57,5
"55055",2255.18,50,4
"55083",1667.37,50,5
"55221",1128.12,125,7
"55365",685.77,53,6
"55445",1826.43,72,4
"55457",1128.12,50,5
"55466",481.68,80,6
"55597",106.48,54,6
"55610",462.01,55,5
"55655",10.23,55,6
"55722",1128.12,62,7
"55726",1128.12,63,7
"55763",2071.27,50,6
"55796",1182.79,60,4
"55906",5030.82,64,5
"55920",224.01,58,7
"55952",278.16,50,7
"55984",1128.12,64,4
"56028",3559.23,62,7
"56094",1128.12,59,7
"56096",461.04,50,7
"56102",1128.12,50,5
"56134",1128.12,118,8
"56165",72.93,50,7
"56172",1852.38,50,6
"56237",42.16,90,8
"56254",7154.23,50,7
"56262",1128.12,50,6
"56268",3120.51,80,11
"56277",1128.12,156,5
"56311",270.51,68,7
"56319",1128.12,72,9
"56456",1128.12,85,4
"56485",75.32,52,7
"56508",1662.03,55,6
"56546",1128.12,112,5
"56589",1128.12,50,5
"56600",190.03,62,6
"56602",1090.1,50,7
"56647",887.75,50,6
"56648",75.32,55,6
"56654",1228.3,51,6
"56669",1128.12,50,7
"56685",196.18,50,7
"56702",1858.81,90,9
"56715",75.32,80,4
"56726",1128.12,90,5
"56728",119.83,50,9
"56729",855.21,50,9
"56787",621.51,68,7
"56806",1128.12,77,6
"56813",75.32,62,4
"56854",564.06,56,6
"56920",759.01,50,6
"56940",1128.12,95,4
"56999",3771.43,100,7
"57005",1405.28,95,10
"57042",1128.12,62,7
"57144",1128.12,50,7
"57154",1128.12,72,8
"57361",1666.22,72,6
"57374",2358.51,50,6
"57378",101.45,50,4
"57388",1267.36,50,5
"5741",3950.26,80,7
"57442",1128.12,112,5
"57490",3105.74,99,10
"57499",1128.12,72,10
"57501",2256.24,90,5
"57517",1128.12,59,7
"57547",1128.12,58,10
"57549",1128.12,77,5
"57561",1128.12,50,7
"57576",1128.12,90,10
"57645",1128.12,50,6
"57657",13809.51,50,6
"57670",2273.66,73,4
"57703",115.32,58,10
"57710",2347.89,50,5
"57711",583.75,50,8
"57717",1128.12,57,6
"57736",564.06,53,4
"57781",627.47,55,5
"57795",1128.12,90,7
"57879",517.93,60,7
"57930",910.76,50,6
"57958",1128.12,50,7
"57989",124.66,50,6
"57998",1128.12,112,4
"58080",1128.12,50,7
"58084",2159.06,106,7
"58089",1128.12,50,7
"58115",1128.12,50,6
"58134",1046.72,54,5
"58229",1559.32,60,6
"58258",906.81,50,4
"58271",2256.24,58,4
"58288",294.64,76,9
"58319",3492.34,50,7
"58331",1150.69,50,6
"58394",629.84,56,6
"58409",557.2,50,5
"58511",2755.12,50,7
"58529",1286.66,112,4
"58544",72.41,50,6
"58579",1128.12,50,9
"58741",1128.12,62,4
"58752",564.06,76,11
"58824",1128.12,50,8
"58845",1128.12,68,5
"58854",152.45,50,7
"58886",1563.35,50,4
"58915",1128.12,68,7
"58939",1346.18,50,4
"59067",1128.12,52,7
"59091",1773.88,50,8
"59107",26099.27,90,4
"59137",1128.12,133,6
"59197",529.38,50,6
"59230",87.14,60,5
"59240",1128.12,50,6
"59279",230.65,50,6
"59317",1128.12,50,7
"59323",1128.12,50,6
"59325",1128.12,52,6
"59327",2356.24,50,7
"59378",1387.6,50,5
"59394",942.06,50,5
"59409",532.89,57,7
"59430",783.99,50,5
"59463",1281.41,50,6
"59499",2523.49,50,5
"59548",1128.12,50,13
"59554",1128.12,68,9
"59556",6111.05,60,6
"59567",1128.12,50,7
"59600",726.3,95,4
"59621",6.25,90,4
"59630",1128.12,112,8
"59635",1031.75,50,7
"59643",1602.61,50,6
"59722",918.19,51,6
"5973",1662.96,100,9
"59741",256.42,58,8
"59865",2467.77,50,6
"59872",1252.25,65,6
"59882",1128.12,50,12
"59893",2346.47,50,13
"59963",810.67,95,4
"59975",701.37,50,12
"60000",1128.12,85,5
"6000183",1228.08,50,9
"6000582",660,50,8
"6001231",1204,50,6
"6001543",1228.08,54,4
"6001719",1452,50,9
"6001750",1320,57,7
"6001957",2772,50,6
"6002075",1320,90,7
"6002397",1940.4,50,9
"6002424",1412.4,50,10
"6002442",870.08,63,5
"6002446",1346.4,78,5
"6002591",7140,50,6
"6002702",1204,59,7
"60031",273.49,57,7
"60033",1021.81,50,4
"6003723",188.97,50,10
"6003842",2550,50,9
"6003956",706.2,53,7
"6004011",1204,76,12
"6004183",1412.4,50,11
"6004219",1320,50,7
"6004485",4563.06,85,7
"6004898",1204,54,7
"6004907",1320,50,7
"6005224",1815.5,50,6
"6006293",602,72,11
"6006349",1346.4,58,8
"6006821",1204,50,4
"6006882",18605.42,50,6
"6007917",485.4,50,5
"60080",6090.15,53,7
"6008247",1228.08,50,9
"6008602",16302,50,7
"6008794",1320,50,5
"6009026",8368.08,50,9
"6009143",923.03,68,5
"6009158",1204,50,4
"6009356",1204,50,11
"6009421",1320,50,5
"6009743",660,50,9
"6009796",1228.08,50,7
"6010127",480.85,50,4
"6010220",1346.4,50,15
"6010292",3928.3,50,6
"6010540",1204,76,6
"6010551",1204,50,5
"6011395",1412.4,50,9
"6011410",1412.4,90,10
"6011615",7862.65,50,9
"6011843",267.24,50,5
"6011938",1940.4,61,11
"6012015",1320,95,10
"6012043",3013.55,64,5
"6012062",1228.08,76,5
"6012116",1412.4,67,7
"6012712",1228.08,55,6
"6012999",82.05,50,7
"6013345",1346.4,50,4
"6014235",1228.08,50,7
"6014304",595.06,60,10
"60144",564.06,50,10
"6014440",644.14,63,7
"6014478",1320,80,6
"6014577",1795.34,54,6
"6015122",264.03,50,5
"60160",441.66,50,7
"6016277",1269.97,50,6
"60164",5639.12,85,6
"6016464",1452,50,5
"6016578",1204,64,7
"6016729",203,50,5
"6017201",1320,100,5
"6017289",1320,50,6
"6017766",8859.84,50,5
"6017884",1940.4,72,5
"6017966",1320,76,6
"60181",1128.12,90,4
"6018153",602,50,8
"6018233",1452,50,11
"6018286",1268.09,50,6
"6018351",1346.4,90,6
"6018605",1346.4,50,6
"6018765",1204,68,9
"6018854",8778.28,50,7
"6018927",1346.4,67,4
"6019155",1412.4,50,5
"6019243",602,50,8
"6019297",1452,50,11
"6020290",1320,76,6
"6020797",1204,50,4
"6020997",1288.28,50,12
"6021215",2885.31,50,4
"6021802",1079.81,70,8
"6022162",1346.4,64,7
"6022672",556.14,50,4
"6022904",660,62,10
"6023820",614.04,50,4
"6023960",1320,76,8
"6024228",1204,50,4
"6024703",862.65,63,4
"6025260",1320,55,4
"60253",1128.12,78,6
"6025332",550,50,7
"6025607",1320,50,4
"6025849",1204,58,4
"6025963",1940.4,50,8
"6026025",1324.4,50,7
"6026051",1228.08,50,8
"6026111",644.14,50,6
"6026397",1940.4,50,11
"6026792",1323.29,60,4
"6026946",1204,50,4
"6027095",602,50,11
"6027214",879.9,50,10
"6027355",1204,60,5
"6027751",1228.08,50,10
"6027779",1346.4,50,12
"6027955",1406.43,50,7
"6029474",1320,51,8
"6029605",862.65,62,4
"6030185",1109.75,50,7
"6030337",602,57,7
"6030565",405.3,50,7
"6030842",1320,80,6
"6031",680.7,70,6
"6031131",1204,50,6
"6031844",970.2,50,7
"6032219",1320,50,7
"6032353",2968.47,50,8
"6032687",1228.08,63,6
"6033154",614.04,105,4
"6033847",1204,50,5
"6033955",13872,72,5
"60345",74.46,50,4
"6034546",1300,72,6
"6034665",1204,50,5
"6034816",660,85,4
"6034858",1320,50,4
"6035250",602,51,5
"6035785",1346.4,50,9
"6036024",265.71,76,6
"6037380",660,100,8
"6037414",1320,59,4
"60375",1128.12,66,5
"6037533",816,50,6
"6037696",8368.08,57,7
"6037821",1320,50,4
"6037921",1204,57,4
"6038262",1204,63,7
"60384",464.28,50,4
"6038451",1412.4,50,10
"6038499",1228.08,54,6
"6038511",4285.86,50,6
"6038614",7000,50,6
"6038723",1228.08,50,8
"6038779",1867.22,55,10
"6038842",1228.08,51,6
"6038949",8252.5,50,8
"60392",1128.12,50,5
"6039327",1940.4,50,8
"6040046",1452,80,4
"6040100",1204,64,4
"6040149",862.65,50,6
"6040325",1100,50,7
"6040331",1204,60,4
"6040426",1204,80,5
"6040604",1320,50,8
"6041094",1412.4,60,7
"6041265",1268.09,106,7
"6041503",556.14,50,12
"6042101",1940.4,50,6
"6042125",1228.08,50,7
"60424",154.46,50,5
"6042424",1320,57,8
"6042513",1228.08,50,6
"6042867",1320,57,7
"6043211",1204,50,6
"6043349",1346.4,50,7
"6043703",2502.71,67,11
"6044285",614.04,50,7
"6044318",660,50,4
"6044592",8648.91,50,4
"6044633",300,50,6
"6044696",1204,57,10
"6045357",1320,50,11
"6046006",1564.07,85,5
"6046041",1320,90,4
"6046119",2043.7,68,5
"60464",1286.02,51,6
"6046524",3160.72,85,5
"6046798",1940.4,76,4
"6047325",3414.03,100,10
"6047415",1446,50,7
"6047503",1228.08,50,5
"6047518",1204,58,5
"6047722",644.14,58,8
"6047858",4107.27,54,6
"6048023",1070,50,4
"6048072",1940.4,72,7
"6048125",1320,50,6
"6048156",1288.28,50,7
"60483",1128.12,54,6
"6048303",1412.4,90,4
"6048383",1204,112,8
"6048801",7140,50,9
"6048987",1346.4,57,5
"6049054",1940.4,90,9
"6049243",1204,50,4
"6049576",923.03,65,12
"6049993",602,50,7
"6050131",1320,106,4
"6050315",1452,50,8
"6050387",7140,59,11
"6050416",9392.32,50,10
"60505",45.37,50,5
"6050656",317.01,95,11
"6050932",1452,50,7
"6050940",1320,51,5
"6051087",3024.53,50,7
"6051234",1228.08,50,4
"6051337",602,74,6
"6051579",660,50,4
"6051582",1452,50,4
"6051854",1288.28,50,4
"6051929",1204,50,11
"6051959",1388.59,95,4
"60522",731.03,50,5
"6052405",1346.4,50,4
"6052559",279.08,95,7
"6052641",602,50,4
"6052780",1129.06,50,11
"6052806",1204,50,4
"6052928",1204,50,8
"6052939",1204,50,10
"6053063",1268.09,50,6
"6053312",1204,50,6
"6053687",1452,50,8
"6054437",259.52,50,7
"6054466",1204,50,10
"6055129",602,50,7
"6055211",1320,52,5
"6055223",1228.08,50,10
"6055246",3570,68,6
"6055796",660,68,4
"6055816",1204,71,4
"6055844",1204,50,7
"6056195",1346.4,50,11
"6056348",1204,50,5
"6056803",1412.4,50,8
"6057060",272.84,50,6
"60571",1128.12,50,6
"6057176",1452,50,7
"6057436",2005.74,72,11
"6057509",1412.4,52,4
"6057892",1204,72,4
"6057954",8202.86,72,4
"6057975",1228.08,50,8
"6058016",3801.54,50,4
"6058081",1228.08,68,7
"6058550",1412.4,50,10
"6058559",1204,57,7
"6058584",2732.37,50,4
"6058642",1356.6,54,15
"6059065",1320,51,8
"6059121",1204,50,4
"6059199",547.33,76,4
"6059201",1346.4,54,7
"6059252",1452,50,11
"6059346",16765.78,50,11
"6059396",10290,68,4
"6059598",7140,95,4
"6059644",1228.08,50,7
"6059704",10123.19,50,15
"6059756",1228.08,50,4
"6059796",1204,50,4
"6059819",1452,50,7
"6059824",10566.22,64,5
"6059833",1346.4,50,6
"606",1840.14,50,10
"6060081",176,72,5
"6060216",1412.4,50,5
"6060235",1288.28,50,11
"6060283",1204,76,5
"6060487",1843.88,80,8
"6060627",7000,64,5
"6061026",1028.99,80,4
"6061044",1346.4,76,4
"6061101",746.65,50,4
"6061144",1513.29,95,5
"6061220",747,54,7
"6061331",1204,50,6
"6061373",1346.4,51,7
"6061473",923.03,50,4
"6061533",1452,75,6
"6061858",1228.08,50,8
"6061930",1204,50,5
"6061970",1320,50,7
"6062721",862.65,50,12
"6062738",5819,90,4
"6063066",1228.08,50,10
"6063075",660,106,4
"6063393",1412.4,50,9
"6063671",1204,50,4
"6063831",556.14,50,11
"6064145",7000,50,7
"6064599",1320,100,4
"6064628",706.2,50,7
"6064832",1204,50,7
"6065014",1940.4,50,4
"6065243",1204,60,4
"6065286",8902.4,61,5
"6065359",1320,95,8
"6065857",1320,50,4
"6065911",660,50,4
"6065920",1346.4,50,7
"6066147",1268.61,50,4
"6066522",1320,50,8
"6066602",1867.84,90,4
"6066674",1320,90,10
"6066766",8204,95,4
"6067014",614.04,50,7
"6067110",1013.35,72,6
"6067146",660,50,6
"6067177",1288.28,57,4
"6067291",660,86,4
"6067302",1795.34,50,8
"6067518",1346.4,50,7
"6067697",1452,50,7
"6067812",6160,57,6
"6067872",1204,68,8
"6067931",1346.4,50,5
"6068060",1320,50,9
"6068592",1320,50,5
"6068681",1710.5,50,8
"6068842",1940.4,50,7
"60691",1128.12,50,6
"6069210",556.14,50,10
"6069257",1320,85,4
"6069267",1204,50,15
"6069554",1204,72,7
"6069737",1940.4,50,7
"6069971",1204,50,6
"6069981",1204,50,6
"6070760",1228.08,50,4
"6071054",567.26,50,7
"6071055",11051.7,50,7
"6071078",1452,80,6
"6071339",820.69,85,4
"6071391",17172,72,10
"6071777",1204,50,7
"6071998",614.04,85,4
"6072039",660,85,5
"6072223",1530,50,8
"6072765",183.58,85,6
"6073376",5712,50,4
"6073699",602,50,11
"6073774",602,50,11
"6073807",1412.4,100,10
"6074471",1412.4,71,8
"6074756",1346.4,68,8
"6074995",1346.4,50,4
"6075111",1320,50,7
"6075447",1228.08,100,4
"6075531",2700.68,50,10
"6075668",1940.4,59,7
"6075671",862.65,50,9
"60759",1700.77,50,6
"6075930",1940.4,50,8
"6076129",673.2,50,10
"6076394",6645,50,11
"60765",1128.12,50,6
"6076500",297.89,67,5
"6076638",1346.4,64,7
"6076786",1940.4,50,7
"60768",1128.12,50,7
"6077039",12059.88,50,8
"6077087",3045.69,69,7
"6077185",8320,50,7
"6077218",3746.03,112,5
"6077295",1320,50,4
"6077354",1346.4,50,7
"60774",611.37,50,4
"6077449",662.2,50,4
"6077605",4885,50,11
"6077691",202.65,50,6
"6077727",1204,50,11
"6077729",1204,50,11
"6078004",1288.28,50,11
"6078073",1320,64,5
"6078124",1288.28,50,5
"6078194",650.9,50,6
"60785",2616.8,102,7
"6078549",1228.08,77,6
"6078873",1228.08,51,7
"6079437",1204,72,4
"6079615",1346.4,50,9
"60797",832.27,50,6
"6080052",1204,50,12
"6080396",1320,50,5
"6080582",1320,50,4
"6080759",1320,50,7
"6080783",644.14,68,4
"6081071",1288.28,76,4
"6081271",1346.4,50,10
"6081497",800.57,80,4
"6081623",1204,50,12
"6081672",1940.4,50,8
"6082066",1228.08,71,11
"6082235",556.14,50,8
"6082288",10290,50,9
"6082706",1346.4,50,6
"6082894",1320,50,8
"6082919",1346.4,50,10
"6083346",602,57,4
"6083442",1769.88,100,4
"6083585",1204,50,7
"6083743",359,50,4
"6083970",1452,50,10
"6083979",1204,50,4
"6084268",68.17,50,7
"6084271",7140,50,7
"6084343",1228.08,50,4
"60847",1128.12,118,6
"6084874",660,50,10
"6084909",8320,50,10
"6085080",7000,60,6
"6085099",1452,54,7
"6085185",1320,50,11
"6085290",1228.08,50,9
"6085695",7000,50,11
"60857",1128.12,71,8
"6085727",1452,50,4
"6086080",1204,50,8
"6086502",98.43,106,12
"6086593",1204,100,6
"6086905",12590.97,125,7
"6087283",835.25,50,8
"6087488",2574.48,50,8
"6087638",884.94,50,4
"6087686",1228.08,61,8
"6087691",1412.4,50,11
"60880",1194.49,73,6
"6088173",1204,57,4
"6088200",1346.4,95,5
"6088271",1204,50,10
"6088324",1228.08,50,9
"6088340",1412.4,50,10
"6088595",1908.13,64,5
"6088607",2574.48,50,8
"6088925",1228.08,50,8
"6089033",662.2,50,7
"6089135",1204,50,8
"6089235",1204,95,11
"6089346",1769.88,50,6
"6089538",602,50,10
"6089707",1683.68,95,6
"6089872",2574.48,72,10
"6090010",1940.4,76,7
"6090052",11000,95,6
"6090111",1940.4,68,6
"6090150",602,50,4
"6090317",1412.4,50,10
"6090382",2456.16,50,10
"6090536",614.04,50,10
"6090835",1452,54,7
"6090886",2524,50,4
"6090888",2456.16,50,4
"6090910",602,50,12
"6090938",84.92,100,5
"6090939",7700,95,4
"6090948",2524,97,8
"6091022",1228.08,76,5
"6091256",614.04,50,8
"6091364",2524,60,8
"6091506",6224.04,85,7
"6091635",2574.48,50,7
"6091798",1204,72,7
"6091927",1452,68,11
"6092030",1452,60,7
"6092118",1346.4,72,5
"6092137",1204,100,10
"6092281",1346.4,80,4
"6092363",2675,50,6
"6092477",1204,64,5
"6092582",943.77,58,9
"6092593",2524,69,4
"6092734",1940.4,70,4
"6092772",1320,55,10
"6092784",1183.84,50,4
"6092812",1386.88,90,4
"6092898",2808.15,106,7
"6092951",1346.4,50,8
"6092952",4862.36,76,5
"6093000",1412.4,56,8
"6093211",2524,50,10
"6093218",1412.4,50,11
"6093260",1204,100,7
"6093353",1346.4,50,7
"6093359",2524,60,4
"6093491",2798.4,106,4
"6093554",1262,72,6
"6093730",1204,64,8
"6093785",1288.28,60,7
"6093841",1346.4,85,4
"6093847",1204,54,11
"6093856",1320,72,7
"6093879",11500,50,4
"6093924",4481.93,85,9
"6094172",9152,50,7
"6094407",1228.08,50,10
"6094487",1228.08,90,5
"6094512",1320,54,12
"6094605",1204,50,9
"6094815",6978.84,72,4
"6094823",109.14,57,8
"6094835",1452,50,5
"6094858",1324.4,72,7
"6094968",1228.08,50,7
"6095018",660,86,4
"6095068",580.61,100,4
"6095080",212.16,125,6
"6095327",1320,57,7
"6095710",2524,50,10
"6095712",1346.4,50,10
"6095996",2524,50,7
"6096019",1204,76,7
"6096076",7140,50,8
"6096226",2524,50,15
"6096242",1346.4,51,7
"6096272",300,100,6
"6096316",1412.4,95,7
"6096523",660,50,7
"6096730",1346.4,64,10
"6096748",1320,64,7
"6096985",1204,50,4
"6096993",1940.4,50,10
"6097027",1204,72,7
"6097042",104.48,50,5
"6097173",1204,50,5
"6097178",8892.36,85,7
"6097196",1320,64,8
"6097309",1204,51,12
"6097501",2524,64,7
"6097617",1204,50,6
"6097649",1204,69,4
"6097678",1340,62,7
"6097806",817.52,50,4
"6097968",2524,68,6
"6098024",614.04,90,6
"6098053",1940.4,51,8
"6098384",2408,100,4
"6098565",10290,50,8
"6098575",1412.4,95,10
"6098790",87.39,50,4
"6098902",1204,80,10
"6098937",3587.68,76,8
"60991",1128.12,90,7
"6099121",577.46,50,10
"6099167",602,50,15
"6099183",1262,50,5
"6099224",1228.08,50,4
"6099432",1412.4,85,6
"6099593",1452,95,6
"6099703",970.2,50,4
"6099719",1452,85,8
"6099748",1452,50,8
"6099942",2574.48,61,7
"6099949",1204,56,10
"6100074",2524,50,11
"6100098",12230.4,54,7
"6100122",1320,50,5
"6100125",706.2,62,5
"6100295",602,100,8
"6100323",23668.08,55,10
"6100343",2524,100,4
"6100351",970.2,85,7
"6100469",1204,78,10
"6100612",2408,50,8
"6100623",812.73,100,8
"6100627",1204,112,4
"6100726",1204,50,7
"6100941",1228.08,50,5
"6100957",9024.4,76,10
"6100975",1324.4,76,8
"6101050",660,80,12
"61012",17937.57,95,7
"6101235",8368.08,80,4
"6101492",1370.37,54,4
"6101794",1452,53,7
"6101945",1228.08,50,8
"6102093",1262,50,11
"61021",2218.41,75,6
"6102107",902,50,13
"6102278",1994.28,68,5
"6102518",1324.4,54,7
"6102614",602,50,8
"6102648",673.2,50,4
"6102685",1204,50,5
"6102803",1204,85,7
"6102903",1204,68,5
"6102980",2408,50,4
"6103051",1452,80,8
"6103063",330,60,7
"6103243",1265.4,50,8
"6103329",1320,78,9
"6103512",1452,50,10
"6103515",1228.08,50,11
"6103929",2524,85,7
"6104006",5376.04,57,6
"6104080",970.2,50,11
"6104332",2057.53,70,6
"6104465",1769.88,50,7
"6104476",662.2,50,4
"6104888",1320,60,12
"6104953",2524,54,12
"6104983",608.31,50,4
"6105025",1616.7,50,6
"6105154",3048.45,80,4
"6105157",1412.4,50,5
"6105346",1320,76,5
"6105352",2524,100,4
"6105452",1228.08,60,4
"6105618",1288.28,100,12
"6105624",1940.4,54,7
"6105682",1346.4,100,4
"6105807",1228.08,50,5
"6105902",660,76,4
"6106026",1228.08,50,5
"6106057",7490,50,4
"6106065",1288.28,50,11
"6106219",1204,95,6
"6106397",706.2,50,5
"6106470",1320,50,4
"6106508",2524,50,11
"6106529",889.82,50,6
"6106620",1204,100,4
"6106838",1204,50,12
"6106873",886.38,50,6
"61070",560.39,50,7
"6107034",2524,118,4
"6107146",660,100,5
"6107240",4003.8,50,11
"6107266",1981.69,100,4
"6107282",1452,95,5
"6107355",51.63,57,4
"6107357",4011,50,4
"6107374",10290,50,4
"6107417",1412.4,50,4
"6107514",13233,51,8
"6107631",14109.66,100,6
"6107729",673.2,60,7
"6107748",2524,51,8
"6107814",1228.08,95,4
"6107830",6956.4,100,10
"6107867",11180,54,4
"6107968",2524,50,7
"6107971",1412.4,50,8
"6107997",16640.4,53,4
"6108023",1288.28,85,8
"6108053",13827.39,80,4
"6108197",2700.68,50,11
"6108217",1204,100,6
"6108364",1320,100,9
"6108434",1204,68,7
"6108489",2524,50,11
"6108535",1940.4,90,12
"6108709",1204,100,7
"6108718",1204,76,4
"6108731",753.28,100,4
"6108868",150,76,4
"6108965",1158.14,50,8
"6109",600.21,50,11
"6109171",1320,50,13
"6109242",1204,50,8
"6109277",94.24,50,6
"6109316",1320,80,7
"6109397",2524,50,8
"6109409",660,95,4
"6109413",1412.4,55,11
"6109496",1346.4,100,4
"6109609",1452,50,5
"6109958",2168.07,100,11
"6110033",1940.4,66,4
"6110178",1940.4,50,11
"6110180",602,50,4
"6110197",4016,50,10
"6110270",1300,50,4
"6110384",1288.28,55,7
"6110386",2524,112,7
"6110388",902,50,4
"6110394",1324.4,50,8
"6110401",1204,74,5
"6110413",2574.48,100,5
"6110459",1320,95,4
"6110494",1412.4,50,4
"6110507",1452,59,9
"6110548",1204,100,7
"6110574",1452,80,8
"6110575",10290,50,12
"6110618",2524,50,4
"6110660",1452,63,7
"6110668",737.63,50,10
"6110766",836.4,50,5
"6110866",1346.4,50,8
"6110885",1346.4,60,4
"6110894",1346.4,100,6
"6110895",2024,100,4
"6110921",306,60,4
"6111040",1412.4,50,8
"6111053",706.2,60,4
"6111055",673.2,64,7
"6111076",660,76,5
"6111084",22070,56,8
"6111086",1324.4,80,8
"6111107",7140,85,4
"6111119",1412.4,50,8
"6111162",2524,60,11
"6111208",970.2,90,10
"6111322",970.2,85,9
"6111342",7811,76,7
"6111487",2524,50,4
"6111546",1320,50,4
"6111608",1412.4,50,7
"6111650",1940.4,50,4
"6111792",726,50,15
"6111903",1940.4,50,7
"6112004",1228.08,51,4
"6112089",1228.08,95,8
"6112121",1228.08,100,10
"6112174",614.04,72,4
"6112225",1228.08,80,11
"6112308",1940.4,84,10
"6112365",514.08,50,5
"6112437",1452,50,7
"6112457",1324.4,50,7
"6112758",1769.88,76,7
"6112760",1412.4,50,13
"6112797",576.53,60,6
"6113172",10290,50,8
"6113182",1346.4,57,4
"6113271",7700,60,8
"6113296",1940.4,50,4
"6113501",9024.4,50,4
"6113521",1324.4,60,4
"6113793",1769.88,50,7
"6113817",1288.28,51,4
"6113834",12230.4,50,15
"6113971",1452,50,7
"61161",456.04,54,7
"61162",2909.42,67,6
"61209",1128.12,85,6
"61327",2320.7,64,6
"61341",15948.14,118,5
"61435",349.8,68,5
"61491",1128.12,95,6
"61652",1128.12,50,6
"61653",1128.12,50,6
"61656",1128.12,50,6
"61661",59.99,50,6
"61727",1128.12,50,7
"61755",410.85,74,6
"61782",1128.12,50,6
"61828",115.44,50,7
"61835",3368.44,50,4
"61856",809.7,50,4
"61888",1128.12,50,5
"61946",1128.12,50,4
"61976",8682.4,78,5
"62033",1164.34,60,6
"62071",1074.25,55,6
"62090",861.79,50,6
"62179",67.46,50,11
"62193",370.82,50,6
"62194",1128.12,50,8
"62195",1128.12,50,8
"622",1397.97,64,5
"62207",4317.59,76,4
"62271",1124.44,50,9
"62312",9205.58,57,7
"62378",32.82,50,5
"62389",1128.12,50,6
"62402",25.92,51,6
"6242",594.76,55,9
"62494",217.04,62,10
"62515",1985.17,60,4
"62557",1128.12,85,5
"62583",1128.12,64,4
"62586",1128.12,55,7
"62599",1128.12,71,7
"62632",1128.12,63,7
"62662",1128.12,50,10
"62665",1128.12,106,6
"62681",1128.12,63,6
"62686",1128.12,95,8
"62698",100.14,72,4
"62709",1128.12,112,7
"62711",1128.12,50,10
"62731",564.06,68,8
"62734",1128.12,50,8
"62755",148.72,62,7
"62785",257.61,50,4
"62817",1128.12,68,7
"62822",542.6,53,5
"62836",1128.12,77,5
"62880",1128.12,69,8
"62884",630.67,50,8
"62898",1128.12,173,7
"62913",4.6,118,6
"62916",1128.12,50,6
"6294",83.14,100,6
"62964",1128.12,55,4
"63006",1128.12,85,4
"63013",91.78,80,5
"63078",69.18,51,7
"63172",1128.12,52,4
"63225",1128.12,50,8
"63257",1128.12,50,5
"6331",553.22,50,7
"63319",180.08,50,7
"63352",404.79,62,7
"63368",75.35,50,6
"63372",1128.12,50,8
"63391",1788.38,50,5
"63426",1128.12,50,6
"63437",1128.12,50,6
"63493",55,50,5
"63497",5450.85,50,5
"63522",219.83,50,6
"63523",1128.12,50,5
"63532",70208,50,6
"63581",2256.24,77,4
"63608",564.06,50,7
"63610",80.87,68,4
"63615",104.06,50,7
"63664",1128.12,50,7
"63686",1128.12,50,5
"63707",1240.79,50,6
"63737",1128.12,62,7
"63738",6280.57,62,7
"63745",603.86,58,7
"6375",2031.77,50,7
"63896",1128.12,50,7
"63914",234.56,50,5
"63957",420.79,50,7
"63978",63.82,50,6
"63988",304.45,50,6
"64066",2129.35,50,8
"64074",4593.45,50,4
"64080",1128.12,53,6
"64154",2548.47,90,9
"64163",5187.98,140,6
"64169",1128.12,50,7
"64231",2032.99,50,7
"64245",1113.62,58,7
"64308",86.61,50,4
"64319",1128.12,50,5
"64351",1688.48,50,6
"64373",2256.24,107,7
"64376",3773.57,50,13
"64409",662.19,51,6
"64421",905.7,54,7
"64436",1490.24,50,5
"64438",2389.52,68,7
"64456",1428.12,50,6
"64468",1128.12,50,6
"64476",1166.54,64,6
"64493",1284.15,50,6
"64501",727.04,90,6
"64533",7171.56,55,10
"64602",81.32,50,5
"64604",338.18,50,10
"64612",2059.77,90,7
"64644",1128.12,50,5
"64652",241.16,50,12
"64664",5585.68,125,5
"64684",3584.66,62,5
"64701",2666.4,50,5
"64718",1128.12,50,4
"64730",579.69,50,10
"64735",166.63,50,7
"64743",1200.99,90,5
"64761",2256.24,50,7
"6477",893.56,90,6
"64793",1602.83,64,6
"64806",4763.63,62,7
"64864",91.43,50,5
"64875",1128.12,52,10
"64892",386.74,72,8
"64913",1128.12,50,6
"64939",1799.72,85,9
"64940",1957.19,50,6
"64946",1128.12,50,5
"64952",1128.12,61,6
"64968",1128.12,106,7
"65020",1706.76,60,10
"65041",1128.12,63,7
"65043",621.54,60,4
"65104",1128.12,76,4
"65108",2290.09,103,4
"65114",287.35,72,7
"65118",671.93,50,5
"65128",1128.12,125,6
"65149",1870.29,60,5
"65155",814.19,60,7
"65163",73.49,57,4
"65185",1128.12,85,8
"65205",1559.97,80,5
"65213",1128.12,112,7
"65247",1688.22,57,4
"65255",914.93,80,4
"65321",1128.12,65,4
"65328",1787.42,50,4
"65340",1128.12,75,9
"65342",1128.12,50,7
"65350",1128.12,70,6
"65421",1176.86,80,7
"65535",1128.12,118,5
"65553",2115.91,50,9
"65720",273.31,52,7
"65734",1128.12,50,10
"65740",5120.28,68,5
"6575",90.24,71,5
"65786",467.43,50,7
"65869",1128.12,50,4
"65940",1128.12,61,9
"65946",1128.12,50,5
"65957",1128.12,50,7
"66078",3293.23,64,6
"66155",1530.8,50,7
"66158",1128.12,65,11
"66163",6524.82,85,9
"66198",1128.12,71,6
"66200",325.13,50,7
"66203",1111.65,50,6
"66229",1128.12,53,4
"66334",2027.93,50,4
"66344",1128.12,90,6
"66449",1128.12,64,7
"66453",4405.78,50,13
"66460",344.48,50,5
"66476",1197.41,50,7
"66498",74.09,50,6
"66533",2216.15,80,6
"66547",4107.14,50,7
"66549",2229.13,50,6
"66581",1204.77,62,7
"66586",20.04,80,4
"66588",3076.36,76,4
"66634",116.1,75,9
"66650",1128.12,63,4
"66699",1128.12,67,9
"66703",1128.12,50,7
"66717",75.67,50,7
"66771",810.22,67,4
"66888",1128.12,67,5
"66930",437.5,64,6
"66945",1128.12,100,5
"66983",215.93,62,7
"67022",1552.57,72,7
"67042",2615.98,50,7
"67047",488.14,57,6
"67053",1616.27,50,6
"67071",1128.12,50,6
"67166",1128.12,50,9
"67177",865.69,50,4
"67230",330.5,50,7
"67242",1128.12,50,5
"67250",1128.12,50,8
"67265",74.57,50,6
"67288",3887.39,50,5
"67293",1128.12,90,4
"67315",8416.71,76,6
"67328",3504.76,62,6
"67345",1128.12,50,6
"67352",2561.15,64,4
"67365",1128.12,58,7
"67414",899.04,50,5
"67462",1620.4,50,6
"67476",1128.12,50,5
"67488",1128.12,62,7
"67523",1128.12,50,7
"67585",1128.12,118,5
"67610",1549.86,50,7
"67623",553.8,55,6
"67629",1128.12,60,5
"67641",1128.12,50,6
"67695",4954.96,50,7
"67735",1128.12,50,7
"67779",1128.12,50,7
"67825",81.31,50,11
"67827",1325.74,53,8
"6785",581.21,51,6
"67860",769.43,58,7
"67877",1128.12,90,6
"67905",3530.83,50,11
"67952",2906.79,50,9
"67963",1152.87,50,9
"67986",121.98,50,9
"68058",1337.17,50,5
"68093",171.15,50,6
"68113",2758.88,50,5
"68162",641.71,61,8
"68209",912.72,101,6
"68258",1128.12,50,6
"68273",1128.12,148,4
"68302",81.31,50,6
"68318",1749.13,76,6
"68375",1811.96,112,6
"68412",2002.01,76,4
"68421",116.33,50,4
"68431",1128.12,95,6
"68440",2484.92,62,8
"68445",1128.12,50,7
"68463",1265.8,52,5
"68471",1128.12,60,13
"68483",78.33,76,4
"68485",1160.31,50,8
"68491",102.65,50,6
"68497",75.18,72,5
"68519",3154.71,85,7
"68520",3047.14,50,6
"68596",465.13,95,5
"68600",1128,76,7
"68606",564.06,53,7
"68654",1128.12,50,7
"68708",558.22,73,4
"68724",1128.12,85,5
"68739",2736.04,50,4
"68745",68.36,50,6
"68753",433.66,72,8
"68760",354.55,50,6
"68786",1128.12,50,6
"68800",1881.02,100,6
"68804",2859.55,100,8
"68828",25.89,80,5
"6886",83.87,75,6
"68864",266.19,50,7
"68884",1266.26,50,6
"68915",3162.75,50,6
"68937",1128.12,50,4
"68954",1128.12,50,4
"68987",1128.12,95,6
"68999",564.06,53,7
"69043",1348.08,50,7
"69064",1071.6,50,6
"69098",1128.12,106,7
"69136",3666.43,56,5
"69176",1128.12,50,4
"69224",1128.12,50,5
"69252",564.06,50,7
"69268",12215.4,50,9
"69329",1128.12,80,5
"6937",1175,100,5
"69401",79.31,50,10
"69408",15134.17,50,6
"69413",7135.16,50,6
"69437",339.58,95,6
"69458",1035.75,50,5
"69462",563.76,50,7
"69494",4744.36,50,10
"69499",80.21,50,7
"69573",1513.75,62,9
"69575",82,50,5
"69647",5912.28,50,12
"69692",1484.9,100,6
"69694",3114.56,55,5
"69710",2256.24,50,10
"69712",1128.12,53,6
"69713",657.68,53,7
"69715",1128.12,125,7
"69781",1128.12,62,5
"69794",235.05,50,6
"69799",1128.12,90,10
"69803",1128.12,65,6
"69994",1522.17,50,7
"70055",136.75,50,4
"70075",1128.12,55,4
"70077",1128.12,50,7
"70155",817.11,50,7
"70164",1128.12,62,4
"70192",356.36,50,6
"70254",1128.12,64,5
"70270",714.79,72,4
"70277",1128.12,60,7
"70284",4980.01,50,5
"70302",1128.12,118,6
"70309",668.98,51,7
"70374",1967.7,50,6
"70386",2790.59,90,5
"70432",467.93,51,7
"70519",215.13,72,9
"70528",1128.12,72,8
"70530",1128,50,10
"70535",1810.24,54,5
"70542",1128.12,112,6
"70549",564.06,67,8
"70585",1128.12,90,5
"70652",1128.12,62,5
"70674",523.24,50,10
"70786",566.8,50,4
"70841",1679.1,50,7
"70860",723.39,50,6
"70911",1128.12,60,6
"70936",1363.25,58,9
"70939",1973.47,62,7
"70952",560.73,57,6
"71051",1680.44,80,5
"71070",485.02,50,12
"71076",198.18,77,6
"71104",1128.12,64,9
"71145",1128.12,50,6
"71180",1128.12,68,6
"71193",564.06,51,10
"71200",1128.12,50,6
"71215",1128.12,63,8
"71218",1128.12,62,10
"71220",1680.49,50,5
"7123",579.14,58,7
"71252",73.81,50,5
"71297",1128.12,85,6
"71337",1323.17,112,5
"71345",7260.08,76,7
"71356",51.06,50,6
"71367",66.81,50,12
"71439",1128.12,80,5
"71444",1128.12,50,4
"71449",50.14,55,6
"71470",1128.12,71,4
"71502",1128.12,50,7
"71515",611.04,50,5
"71558",1128.12,50,4
"71571",1080.57,50,7
"71595",25152.45,55,6
"71601",1128.12,50,6
"71639",1128.12,58,6
"71641",1097.59,50,5
"71665",1128.12,58,5
"71726",1831.55,50,4
"71756",122.66,50,7
"71788",63.06,68,7
"71799",1128.12,64,7
"71848",1128.12,100,5
"71861",1164.85,50,7
"71899",1128.12,62,6
"71924",1128.12,80,10
"71949",3183.97,68,7
"71970",2633.02,55,4
"71977",1128.12,106,8
"72012",24031.68,90,7
"72014",377.48,74,7
"72016",1128.12,74,7
"72022",1482.05,50,8
"72062",471.25,50,9
"72080",178.19,50,9
"72094",40.25,50,5
"72096",1128.12,50,5
"72098",556.15,62,12
"72103",376.22,50,4
"72120",1128.12,50,6
"72148",1128.12,56,9
"72156",7501.11,50,10
"72164",1128.12,50,6
"72194",1128.12,72,6
"72218",1636.12,50,7
"7222",407.09,50,5
"72230",5281.62,76,5
"7232",891.75,51,6
"72329",211.41,50,6
"72348",1246.21,50,6
"72353",1128.12,77,4
"72370",5870.78,55,7
"72475",376.09,50,6
"72543",1128.12,62,6
"72608",892.24,95,6
"72615",1128.12,50,6
"72642",1580.57,85,5
"72651",1128.12,50,11
"72656",1128.12,50,6
"72658",1296.08,50,5
"72679",750.36,50,6
"72718",341.97,95,4
"72732",112.63,50,7
"72748",1128.12,50,5
"72786",1557.49,50,6
"72827",2484.91,50,4
"72849",1128.12,71,7
"72861",1128.12,50,5
"72862",6662.02,62,4
"72876",457.35,63,7
"72898",1128.12,50,7
"72913",2695.26,62,4
"72929",154.22,50,9
"72934",1128.12,50,4
"73044",1291.01,100,4
"73048",1128.12,62,5
"73060",422.17,72,5
"73062",1128.12,50,4
"73086",555.69,64,5
"73177",728.04,50,4
"73191",613.77,50,7
"73195",1128.12,62,4
"73250",6116.84,59,5
"73274",1128.12,56,5
"73285",1128.12,62,6
"73288",4141.61,90,7
"7330",647.34,100,4
"73304",1128.12,50,7
"73368",77.11,68,7
"73380",1989.09,100,6
"73393",1128.12,64,6
"73422",1128.12,50,8
"73433",2942.63,50,5
"73531",2256.12,57,5
"73549",1111.44,100,7
"73603",1128.12,62,7
"73609",1128.12,50,10
"73625",1128.12,50,7
"73636",1128.12,90,9
"73644",2725.79,50,8
"73659",1128.12,50,7
"73683",1143.59,95,6
"73684",1128.12,95,7
"73686",1947,80,8
"73692",1128.12,100,9
"73871",5335.72,60,7
"73977",1128.12,62,4
"73986",1128.12,76,6
"74004",1128.12,50,9
"74022",1128.12,50,7
"74050",474.96,50,15
"74052",1284.69,85,6
"74059",1128.12,62,8
"74072",75.95,64,5
"74094",1128.12,55,6
"74110",1128.12,90,5
"74114",1128.12,50,6
"74128",1128.12,80,8
"74134",564.06,56,12
"74178",227.15,50,5
"74231",2564.87,90,6
"74306",804.36,95,10
"74539",9528.67,50,4
"74552",1128.12,76,8
"7465",2101.04,50,15
"74672",1128.12,58,4
"74683",3384.37,50,4
"74721",1128.12,62,5
"74841",1128.12,50,9
"74845",1128.12,50,6
"74855",1636.45,50,7
"7489",74.23,100,7
"74893",1128.12,76,5
"74896",1128.12,118,13
"74912",1128.12,67,4
"74914",1128.12,50,6
"74947",519.78,50,5
"74995",1128.12,50,7
"74997",1128.12,50,6
"75059",105.76,72,5
"75089",427.71,50,7
"75106",11983.03,95,10
"75108",1128.12,59,10
"75118",1128.12,118,8
"75160",4720.13,57,6
"75164",410.13,50,4
"75186",527.65,50,4
"75231",3178.97,50,4
"75242",1128.12,52,4
"75244",965.8,81,6
"75250",164.04,55,5
"75290",1128.12,76,6
"75295",1128.12,125,6
"75340",1128.12,50,5
"75549",1798.52,80,6
"75565",90.82,95,6
"75602",991.28,50,6
"75620",1128.12,52,7
"75622",1625.36,50,7
"75638",19.58,71,10
"75697",1394.44,80,6
"75717",61.07,80,5
"75822",1128.12,90,4
"75844",2006.02,76,9
"75883",1128.12,112,7
"75902",3623.31,55,6
"75930",82.5,72,4
"75953",10099.73,75,6
"75978",1256.85,80,5
"76057",3485.35,125,5
"76082",749.08,72,5
"76101",530.38,51,5
"76145",1128.12,50,4
"76171",152.87,50,6
"76188",700.67,50,7
"76230",533.53,100,4
"76234",685.16,50,4
"76253",1128.12,81,10
"76262",21.88,64,10
"76267",104.58,125,4
"76292",6834.99,125,4
"76314",449.73,80,5
"76323",40000,118,6
"76360",745.82,50,5
"76366",70.79,90,6
"76377",1128.12,80,5
"76382",1128.12,85,6
"76442",1128.12,50,6
"76449",82.16,80,7
"76457",61.09,50,6
"76467",2256.25,80,4
"76509",1573.36,85,5
"7652",2767.64,58,6
"76524",1128.12,118,4
"7655",734.81,64,5
"76571",1128.12,56,9
"76632",1128.12,100,7
"76635",1336.46,64,6
"76640",1128.12,100,7
"76662",19883.77,100,5
"76677",4124.08,50,9
"76771",1128.12,85,7
"76776",364.99,58,6
"76781",1154.22,50,15
"76789",1128.12,64,7
"76824",1788.63,60,4
"76857",291.63,90,4
"76862",1128.12,100,4
"76895",1128.12,50,7
"76897",1881.89,100,5
"76914",66.91,51,5
"76922",1128.12,62,4
"76944",3045.62,62,8
"77024",1206.6,85,4
"77142",815.14,52,7
"77144",1195.58,68,6
"77255",2477.25,52,5
"77281",68.03,50,4
"77299",1128.12,50,5
"77316",1076.39,50,4
"77327",73002.7,50,6
"77338",2272.78,91,5
"77363",499.18,50,6
"77371",512.33,72,9
"77400",985.45,50,6
"77402",244.41,50,4
"7741",626.68,50,6
"77465",1128.12,50,6
"7757",742.73,66,10
"77610",294.08,50,6
"77655",653.4,55,6
"77684",121.43,50,7
"77718",371.94,50,7
"77767",9528.37,50,6
"77771",5665.34,57,7
"7779",79.86,68,8
"77875",774.88,52,5
"77903",1128.12,50,5
"77948",1128.12,50,10
"77962",706.17,50,7
"78001",768.33,50,7
"78003",47.54,50,6
"78007",1839.48,50,6
"78031",8836.53,71,5
"78044",1128.12,50,5
"78061",420.81,50,6
"78101",580.62,50,6
"78130",3533.96,95,7
"78161",1128.12,50,5
"78222",1128.12,90,12
"78272",434.9,51,6
"78300",2652.61,90,6
"78315",5560.13,52,5
"78342",6941.2,60,4
"78346",1128.12,118,6
"78374",75.32,50,7
"78406",1128.12,118,8
"78418",173.64,50,6
"78452",616.84,50,6
"78468",1128.12,62,7
"78519",2393.45,64,8
"78571",6699.79,65,7
"78579",1128.12,112,5
"78632",1128.12,125,6
"78655",3244.73,100,5
"78656",41614.72,100,5
"78883",2038.62,50,7
"78963",357.42,80,7
"78979",385.71,50,7
"79019",148.71,50,6
"79023",3409.4,106,4
"79031",564.06,68,7
"79033",1128.12,80,5
"79063",1287.45,54,6
"79078",3902.48,50,4
"79116",1128.12,50,9
"79142",1128.12,112,11
"79159",1128.12,50,7
"79226",2042.82,90,7
"7924",746.84,50,6
"79242",1128.12,50,4
"79264",1128.12,95,5
"79266",1128.12,118,7
"79313",1128.12,67,5
"79336",1128.12,58,8
"79340",1128.12,147,7
"79354",3425.66,64,4
"79379",739.38,50,4
"79415",1128.12,76,7
"79477",88.43,50,7
"79556",1128.12,69,7
"79574",505.66,68,7
"79590",1128.12,50,6
"79607",1128.12,62,5
"79646",827.93,55,7
"79663",1128.12,62,4
"79674",1264.42,50,5
"79748",1039.28,52,6
"79818",457.35,50,4
"79828",220.67,50,7
"79863",75.32,76,7
"79963",564.06,64,8
"79974",1449.35,50,9
"80062",564.06,90,7
"80175",5809.97,50,6
"80179",3742.24,85,6
"80212",1128.12,64,6
"80220",1128.12,52,4
"80225",1128.12,62,7
"80293",1128.12,50,6
"80499",2256.24,95,6
"80559",1904.46,80,6
"80592",2744.65,50,6
"80616",316.71,64,7
"80659",1128.12,58,7
"80671",1128.12,50,6
"80678",64.91,50,5
"80705",2182,50,5
"80759",220.89,50,6
"8077",72.93,50,7
"80796",744.99,50,5
"80812",1210.3,50,6
"80844",1128.12,50,5
"80879",1128.12,50,5
"80914",1128.12,50,6
"8092",712.13,60,4
"80972",1128.12,55,4
"81047",573.43,76,4
"811",971.98,50,5
"81102",1128.12,58,7
"81137",1128.12,125,5
"81158",889,76,5
"81178",56.9,76,4
"81222",74.82,72,7
"81224",324.87,72,5
"81387",1128.12,76,4
"81454",1128.12,66,5
"81534",1232.64,80,7
"81537",1128.12,64,4
"81543",1128.12,62,8
"81564",332.3,50,6
"81704",2254.45,50,6
"81740",182.94,51,14
"81799",1128.12,118,7
"81835",655.88,59,5
"81898",1128.12,62,5
"81902",564.06,50,9
"81951",1128.12,78,4
"81957",1128.12,50,4
"81966",1128.12,50,7
"81967",229.42,50,7
"81983",890.79,62,5
"82035",12820.18,71,7
"82045",1128.12,62,7
"82081",97.12,80,9
"82099",565.3,50,5
"82104",1128.12,50,10
"82110",1128.12,64,7
"82118",1444.23,50,4
"82135",1128.12,100,4
"82144",1128.12,156,5
"82225",1128.12,100,7
"82326",90.96,68,7
"82334",1128.12,50,7
"82348",1128.12,59,7
"82396",2256.24,95,7
"82407",1128.12,50,6
"82478",1128.12,85,11
"82515",2410.01,95,6
"82517",91.72,100,6
"82524",1128.12,85,5
"82569",225.77,60,6
"82586",1128,58,5
"82599",1128.12,57,7
"82624",1128.12,55,9
"82711",70.74,50,6
"82737",513.78,65,7
"82779",227.75,54,6
"82905",1128.12,100,6
"82929",90.94,80,6
"82930",832.76,100,6
"82946",1128.12,100,6
"82970",1128.12,71,6
"82975",1537.07,50,6
"82977",1128.12,100,6
"830",1442.75,105,4
"83007",1128.12,118,4
"83076",1128.12,112,7
"83087",4018.16,50,5
"83099",10501.03,77,6
"83123",2502.8,76,5
"83164",1128.12,50,5
"83173",1283.73,50,6
"83192",15012.65,50,8
"83205",752.52,97,4
"83207",1128.12,50,4
"83216",1128.12,50,4
"83263",1428.12,50,4
"83274",1128.12,50,5
"83287",1128.12,50,7
"83311",1128.12,52,5
"83320",67.46,50,8
"83326",222.1,50,8
"83359",2256.25,112,5
"83396",738.87,50,5
"83410",8195.22,50,6
"83555",600.63,68,6
"83565",85.68,60,11
"83590",543.21,50,4
"83607",453.5,50,5
"83632",2437.96,57,6
"83754",1128.12,77,7
"83772",1128.12,85,5
"83779",5214.5,69,7
"83795",821.43,91,5
"83911",1128.12,50,13
"83916",157.71,80,8
"83918",1128.12,76,4
"83928",5705.35,50,9
"83970",1128.12,112,6
"83978",93.87,57,6
"84024",1116.94,63,7
"84060",8155.63,61,5
"84103",1128.12,50,11
"84109",40199.19,156,7
"84175",7890.08,50,6
"84236",1128.12,80,6
"84257",1128.12,106,4
"84279",153.8,50,4
"84338",2686.2,90,6
"84357",2805.06,76,6
"84367",1128.12,50,6
"84400",738.07,95,5
"84446",2708.35,95,5
"84469",68.42,50,9
"84508",1303.16,95,4
"84523",1247.33,50,4
"84560",1128.12,58,5
"84575",2256.24,100,7
"84582",68.98,72,6
"84586",2090.66,82,9
"84596",1128.12,67,5
"84652",80.79,50,8
"84703",1128.12,52,7
"84723",2256.24,72,7
"84922",84.97,53,6
"84935",1484.21,95,5
"84960",413.82,90,5
"84966",1128.12,60,7
"84967",1128.12,83,8
"84989",1128.12,50,11
"84999",11.44,95,5
"85071",3233.87,68,7
"85101",564.06,50,6
"85141",3362.99,100,4
"85247",1128.12,72,4
"85399",5116.5,50,9
"85400",744.3,72,5
"85411",765.86,50,5
"85424",1128.12,57,10
"85448",1128.12,54,4
"85479",373.15,50,5
"85525",3608.24,64,8
"85572",2888.57,77,6
"85580",1646.98,50,15
"85592",1951.33,50,4
"85606",1128.12,76,7
"85613",1128.12,50,5
"85636",1128.12,125,11
"85637",1128.12,50,7
"85640",1128.12,50,10
"85647",1365.08,50,11
"85653",1466.8,50,10
"85694",2256.24,72,7
"85709",1452.54,100,4
"85725",182.94,90,8
"85768",1128.12,62,12
"85781",1128.12,50,8
"85790",1128.12,50,7
"85800",1128.12,50,5
"85829",4849.23,62,6
"85881",726.91,112,6
"85895",1128.12,55,7
"85907",13802.32,95,6
"85926",74784.9,95,6
"86129",1128.12,58,7
"86141",306.66,85,6
"86161",1128.12,50,6
"86201",1128.12,50,6
"86209",1890.37,80,7
"86278",1842.8,60,6
"86312",1128.12,90,4
"86402",30489.8,95,9
"86486",159.75,72,9
"86494",1128.12,73,5
"8652",564.45,50,10
"86614",1128.12,106,7
"86628",170.33,85,4
"86636",1128.12,50,5
"86661",1128.12,77,5
"86672",242.6,100,7
"86690",1429.07,50,9
"86729",165.82,50,6
"86779",1128.12,50,5
"86808",200,61,9
"86868",641.46,50,6
"86919",314.88,51,4
"86955",1144.89,50,5
"86977",1851.92,62,7
"87015",1128.12,52,5
"87021",1128.12,50,8
"87039",780.28,50,6
"87044",2256.24,115,8
"87051",1128.12,50,6
"87086",1128.12,60,4
"87090",454.74,50,6
"87092",9743.71,62,11
"87096",4963.16,106,6
"87113",725.31,50,10
"87123",199.23,95,9
"87127",1128.12,50,5
"87166",345.75,50,4
"87170",849.6,110,11
"87187",4412.33,85,5
"87195",140.5,50,4
"87196",564.06,50,4
"87197",1382.32,50,4
"87304",75.32,50,6
"87338",1128.12,64,9
"87346",1128.12,58,11
"87435",1128.12,50,5
"87439",1128.12,118,6
"87518",79.14,50,5
"87524",1128.12,106,4
"87540",1128.12,50,5
"87556",1607.66,50,9
"87561",1128.12,76,6
"87669",2083.58,50,5
"87799",1009.33,95,4
"87873",1128.12,97,4
"87885",1128.12,54,7
"87910",1128.12,50,5
"87947",875.58,50,13
"87998",1360.17,50,7
"88010",1286.52,60,4
"88011",657.64,84,10
"88019",2256.25,50,7
"88033",739.72,50,6
"88073",386.56,76,5
"88095",372.8,62,6
"88113",1128,56,6
"88115",1128.12,95,6
"88137",54.01,54,8
"88167",1128.12,118,6
"88175",206.21,63,6
"88187",1128.12,50,6
"88350",1128.12,50,4
"88357",2299.88,95,4
"88387",633.37,50,6
"88392",209.76,50,6
"88410",1128.12,50,4
"88436",1310.49,90,7
"88506",4795.76,53,6
"88519",605.92,50,5
"88536",1128.12,65,7
"88539",1128.12,50,6
"88559",262.98,85,8
"88562",1128.12,83,7
"88640",1388.41,50,5
"88681",1128.12,100,4
"88744",812.84,76,5
"88761",1128.12,50,7
"88797",2943.93,84,6
"88812",1128.12,71,9
"88825",1561.51,50,5
"88851",450.61,50,6
"88914",16344.79,50,4
"88956",5045.91,50,5
"88964",564.06,50,4
"88973",1128.12,50,9
"88976",18871.73,85,9
"88987",278.45,50,8
"89031",1128.12,50,7
"89058",661.59,50,11
"89100",1128.12,95,6
"89102",469.55,50,9
"8912",1449.64,50,7
"89138",1128.12,50,6
"89148",1128.12,50,4
"89186",1128.12,112,6
"89206",1128.12,62,7
"89229",647.27,112,6
"89313",2281.51,85,6
"89320",1128.12,52,7
"89352",1128.12,58,6
"89364",1128.12,100,7
"89378",1206.02,95,5
"89453",1902.87,50,5
"89509",1128.12,85,4
"89541",20927.43,50,5
"89604",1128.12,76,5
"89607",1128,106,4
"89611",1128.12,95,5
"89620",1128.12,71,6
"89657",22526.81,50,6
"89683",1284.72,95,10
"89740",2522.8,68,7
"89769",1128.12,100,7
"90049",1128.12,112,4
"90081",1128.12,101,5
"90325",4678.86,64,5
"90336",627.34,50,6
"90398",4225.29,95,5
"90452",59.99,76,4
"90556",1128.12,90,6
"90832",66,85,5
"90899",1628.12,62,7
"90917",2957.52,100,5
"90945",2272.75,95,6
"90967",3495.01,50,8
"90995",1128.12,58,6
"91080",1128.12,60,6
"91102",934.77,50,6
"91190",3597.86,50,6
"91198",1035.04,95,5
"91205",11281.23,72,7
"91206",1128.12,68,4
"91214",1128.12,125,6
"91230",1908.15,50,4
"91328",1198.86,50,6
"91363",1128.12,95,7
"91382",1128.12,64,10
"91402",1128.12,125,4
"91420",1128.12,100,7
"91434",1128.12,72,7
"91458",1824.39,90,9
"91461",1412.7,95,6
"91651",1128.12,80,4
"91660",1128.12,50,6
"91662",29.27,85,7
"91671",1306.87,50,6
"91676",1551.58,50,7
"91752",1128.12,50,4
"91820",1633.71,95,7
"91925",74.82,51,6
"91994",1128.12,55,7
"91996",232.78,80,4
"92054",1128.12,62,6
"92080",1128.12,50,6
"92096",1128.12,95,6
"92128",3345.1,72,7
"92180",1128.12,100,4
"92218",1128.12,50,6
"92222",2007.67,100,6
"92232",410.34,50,7
"92295",1128.12,72,10
"92306",1128.12,74,10
"92343",107.88,90,5
"92344",1128.12,112,4
"92499",1128.12,50,5
"92513",564.06,50,5
"92526",1128.12,52,6
"92528",35.27,50,10
"92530",586.31,50,6
"92561",1128.12,50,6
"92578",1128.12,112,6
"92587",841.98,50,6
"92797",598.89,85,9
"92802",1128.12,125,5
"92948",729.92,88,4
"92998",272.66,54,5
"93001",1128.12,83,7
"93003",308.25,50,6
"93166",1128.12,63,5
"93212",355.29,74,10
"93236",1128.12,100,5
"93240",288.18,50,7
"93247",1289.3,85,4
"93277",175.73,50,5
"93295",191.63,50,6
"93313",2040.86,50,5
"93379",4698.84,51,8
"93409",414.52,50,6
"93449",544.9,57,9
"93522",1220.34,50,5
"93551",75.67,50,7
"93621",4177.11,95,5
"93637",3740.49,72,6
"93650",1128.12,62,6
"93671",49.39,95,6
"93693",1128.12,50,5
"93725",61.04,55,6
"93758",2971.39,50,5
"93852",3980.93,80,12
"93898",47.59,50,7
"93932",1128.12,90,6
"93944",20640.73,50,4
"93954",6918.1,50,7
"93983",1128.12,76,5
"94003",1128.12,50,9
"94008",1128.12,50,5
"94029",4622.78,50,11
"94059",75.18,50,6
"94061",454.8,74,4
"94073",1243.46,56,4
"94075",1128.12,50,9
"94096",1128.12,51,4
"94216",1422.04,50,6
"94222",1128.12,50,6
"94234",1128.12,50,4
"94240",1128.12,50,6
"94272",1128.12,50,7
"94289",1128.12,72,4
"94291",1128.12,85,5
"94311",1128.12,92,5
"94394",1128.12,56,4
"94436",1089.03,76,6
"94451",1128.12,50,10
"94453",1128.12,50,4
"94468",334.05,50,10
"94474",330.87,50,6
"94476",2128.12,50,6
"94483",2256.24,72,8
"94493",2683.99,50,6
"94574",1128.12,90,6
"94584",1128.12,50,10
"94592",1128.12,50,9
"94594",72.87,60,6
"94601",1128.12,52,7
"94623",760.66,95,7
"94637",46.36,50,7
"94888",788.37,50,9
"94930",1128.12,50,6
"94957",492.49,100,4
"94972",1128.12,50,4
"9501",1037.95,50,4
"95237",691.89,50,12
"95261",1433.02,50,6
"95263",807.91,50,7
"95268",3689.49,50,9
"95278",2592.47,77,6
"95294",4285.99,88,5
"95332",388.36,50,4
"95355",786.07,66,10
"95357",1128.12,83,4
"95362",109.4,50,6
"95386",1128.12,50,5
"95419",1680.76,54,10
"95465",1128.12,100,5
"95467",1342.71,50,5
"95468",612.6,50,6
"95537",560.12,95,6
"95571",592.52,112,5
"95573",2805.07,62,6
"95596",87.14,72,5
"95632",1128.12,50,8
"95642",1128.12,85,6
"95806",1210.9,95,4
"95816",2293.58,50,7
"95837",675.28,68,6
"9589",1181.77,50,5
"95904",1128.12,68,5
"95926",1128.12,101,7
"95932",1089.13,50,7
"96007",317.36,51,6
"96017",65.69,58,4
"96035",2195.26,50,5
"96041",1128.12,50,11
"96076",1128.12,100,5
"96099",1128.12,125,4
"96105",1128.12,80,4
"96147",71.47,50,4
"96156",83.4,50,7
"96227",1128.12,64,6
"96296",622.77,95,5
"96308",501.94,85,4
"96313",1128.12,50,12
"96314",606.27,52,12
"96395",217.39,77,5
"96453",1128.12,112,9
"96479",812.48,100,7
"96631",1128.12,50,7
"96683",923.01,72,6
"96713",2017.82,125,6
"96734",1656.61,81,7
"96735",1128.12,112,7
"96784",1128.12,71,9
"96917",37.87,50,4
"96974",1559.1,100,6
"97060",1128.12,125,5
"97328",5151.66,70,5
"97336",14848.54,50,10
"975",637.41,50,9
"97505",1896.45,76,4
"97530",1128.12,52,7
"97593",7790.74,120,6
"97807",648.84,90,6
"97832",500,90,6
"97901",367,50,5
"97995",1128.12,54,4
"98134",272.2,50,4
"98140",1128.12,50,7
"98248",1212.01,50,6
"98438",774.99,95,9
"98460",1886.19,68,9
"98477",9831.94,95,5
"98508",102.8,50,7
"98541",1741.85,50,6
"98603",1128.12,50,7
"98619",4963.33,55,9
"98626",3018.49,82,5
"98644",847.5,95,7
"98663",1128.12,50,7
"98672",1418.88,62,5
"98694",72.58,50,6
"98717",1146.35,62,7
"98754",192.88,50,7
"98764",1253.19,64,5
"98766",649.46,100,4
"98802",23.92,68,8
"98809",1282.77,95,8
"98824",3639.46,85,6
"98844",1128.12,125,5
"98885",5947.35,100,9
"98916",182.41,62,8
"98920",1128.12,118,4
"98934",53.18,50,6
"98954",1128.12,100,5
"98978",80.15,50,7
"99024",217.02,68,5
"99059",2537.18,50,7
"99095",3778.38,77,5
"99125",1128.12,90,7
"99135",1128.12,80,6
"99141",519.64,100,7
"99168",2295.77,50,6
"99187",875.18,50,6
"99234",1942.19,95,8
"99235",2302.4,95,8
"99244",2419.33,76,7
"99248",1128.12,95,7
"99249",2256.24,100,7
"99273",1128.12,125,6
"99280",408.89,57,7
"99294",1191.09,50,5
"99299",63.45,50,7
"99336",513.69,100,4
"99342",78.04,100,6
"99377",1128,125,4
"99504",505.55,100,6
"9954",1284.45,62,4
"99547",545.16,50,5
"99590",508.73,76,7
"99639",1128.12,63,7
"99651",1128.12,95,4
"99654",693.15,90,6
"99667",1128.12,95,6
"99670",1128.12,62,4
"99695",2652.61,72,5
"99700",1094.49,80,7
"99719",1188.79,50,4
"99727",309.23,75,4
"99730",1128.12,50,6
"99762",1079.08,57,4
"99765",1128.12,50,7
"99797",1128.12,50,4
"99809",1128.12,70,4
"99836",437.18,85,6
"99843",140.46,100,6
"99846",1725.31,50,5
"99866",78.14,50,4
"99898",1263.81,50,5
"99901",1128.12,50,6
"9993",1826.34,100,7
"99945",2628.12,50,4
"99999",1893.61,118,7
